--
-- PostgreSQL database dump
--

-- Dumped from database version 15.2
-- Dumped by pg_dump version 15.2

SET statement_timeout = 0;
SET lock_timeout = 0;
SET idle_in_transaction_session_timeout = 0;
SET client_encoding = 'UTF8';
SET standard_conforming_strings = on;
SELECT pg_catalog.set_config('search_path', '', false);
SET check_function_bodies = false;
SET xmloption = content;
SET client_min_messages = warning;
SET row_security = off;

SET default_tablespace = '';

SET default_table_access_method = heap;

--
-- Name: auth_group; Type: TABLE; Schema: public; Owner: mes
--

CREATE TABLE public.auth_group (
    id integer NOT NULL,
    name character varying(150) NOT NULL
);


ALTER TABLE public.auth_group OWNER TO mes;

--
-- Name: auth_group_id_seq; Type: SEQUENCE; Schema: public; Owner: mes
--

ALTER TABLE public.auth_group ALTER COLUMN id ADD GENERATED BY DEFAULT AS IDENTITY (
    SEQUENCE NAME public.auth_group_id_seq
    START WITH 1
    INCREMENT BY 1
    NO MINVALUE
    NO MAXVALUE
    CACHE 1
);


--
-- Name: auth_group_permissions; Type: TABLE; Schema: public; Owner: mes
--

CREATE TABLE public.auth_group_permissions (
    id bigint NOT NULL,
    group_id integer NOT NULL,
    permission_id integer NOT NULL
);


ALTER TABLE public.auth_group_permissions OWNER TO mes;

--
-- Name: auth_group_permissions_id_seq; Type: SEQUENCE; Schema: public; Owner: mes
--

ALTER TABLE public.auth_group_permissions ALTER COLUMN id ADD GENERATED BY DEFAULT AS IDENTITY (
    SEQUENCE NAME public.auth_group_permissions_id_seq
    START WITH 1
    INCREMENT BY 1
    NO MINVALUE
    NO MAXVALUE
    CACHE 1
);


--
-- Name: auth_permission; Type: TABLE; Schema: public; Owner: mes
--

CREATE TABLE public.auth_permission (
    id integer NOT NULL,
    name character varying(255) NOT NULL,
    content_type_id integer NOT NULL,
    codename character varying(100) NOT NULL
);


ALTER TABLE public.auth_permission OWNER TO mes;

--
-- Name: auth_permission_id_seq; Type: SEQUENCE; Schema: public; Owner: mes
--

ALTER TABLE public.auth_permission ALTER COLUMN id ADD GENERATED BY DEFAULT AS IDENTITY (
    SEQUENCE NAME public.auth_permission_id_seq
    START WITH 1
    INCREMENT BY 1
    NO MINVALUE
    NO MAXVALUE
    CACHE 1
);


--
-- Name: auth_user; Type: TABLE; Schema: public; Owner: mes
--

CREATE TABLE public.auth_user (
    id integer NOT NULL,
    password character varying(128) NOT NULL,
    last_login timestamp with time zone,
    is_superuser boolean NOT NULL,
    username character varying(150) NOT NULL,
    first_name character varying(150) NOT NULL,
    last_name character varying(150) NOT NULL,
    email character varying(254) NOT NULL,
    is_staff boolean NOT NULL,
    is_active boolean NOT NULL,
    date_joined timestamp with time zone NOT NULL
);


ALTER TABLE public.auth_user OWNER TO mes;

--
-- Name: auth_user_groups; Type: TABLE; Schema: public; Owner: mes
--

CREATE TABLE public.auth_user_groups (
    id bigint NOT NULL,
    user_id integer NOT NULL,
    group_id integer NOT NULL
);


ALTER TABLE public.auth_user_groups OWNER TO mes;

--
-- Name: auth_user_groups_id_seq; Type: SEQUENCE; Schema: public; Owner: mes
--

ALTER TABLE public.auth_user_groups ALTER COLUMN id ADD GENERATED BY DEFAULT AS IDENTITY (
    SEQUENCE NAME public.auth_user_groups_id_seq
    START WITH 1
    INCREMENT BY 1
    NO MINVALUE
    NO MAXVALUE
    CACHE 1
);


--
-- Name: auth_user_id_seq; Type: SEQUENCE; Schema: public; Owner: mes
--

ALTER TABLE public.auth_user ALTER COLUMN id ADD GENERATED BY DEFAULT AS IDENTITY (
    SEQUENCE NAME public.auth_user_id_seq
    START WITH 1
    INCREMENT BY 1
    NO MINVALUE
    NO MAXVALUE
    CACHE 1
);


--
-- Name: auth_user_user_permissions; Type: TABLE; Schema: public; Owner: mes
--

CREATE TABLE public.auth_user_user_permissions (
    id bigint NOT NULL,
    user_id integer NOT NULL,
    permission_id integer NOT NULL
);


ALTER TABLE public.auth_user_user_permissions OWNER TO mes;

--
-- Name: auth_user_user_permissions_id_seq; Type: SEQUENCE; Schema: public; Owner: mes
--

ALTER TABLE public.auth_user_user_permissions ALTER COLUMN id ADD GENERATED BY DEFAULT AS IDENTITY (
    SEQUENCE NAME public.auth_user_user_permissions_id_seq
    START WITH 1
    INCREMENT BY 1
    NO MINVALUE
    NO MAXVALUE
    CACHE 1
);


--
-- Name: django_admin_log; Type: TABLE; Schema: public; Owner: mes
--

CREATE TABLE public.django_admin_log (
    id integer NOT NULL,
    action_time timestamp with time zone NOT NULL,
    object_id text,
    object_repr character varying(200) NOT NULL,
    action_flag smallint NOT NULL,
    change_message text NOT NULL,
    content_type_id integer,
    user_id integer NOT NULL,
    CONSTRAINT django_admin_log_action_flag_check CHECK ((action_flag >= 0))
);


ALTER TABLE public.django_admin_log OWNER TO mes;

--
-- Name: django_admin_log_id_seq; Type: SEQUENCE; Schema: public; Owner: mes
--

ALTER TABLE public.django_admin_log ALTER COLUMN id ADD GENERATED BY DEFAULT AS IDENTITY (
    SEQUENCE NAME public.django_admin_log_id_seq
    START WITH 1
    INCREMENT BY 1
    NO MINVALUE
    NO MAXVALUE
    CACHE 1
);


--
-- Name: django_apscheduler_djangojob; Type: TABLE; Schema: public; Owner: mes
--

CREATE TABLE public.django_apscheduler_djangojob (
    id character varying(255) NOT NULL,
    next_run_time timestamp with time zone,
    job_state bytea NOT NULL
);


ALTER TABLE public.django_apscheduler_djangojob OWNER TO mes;

--
-- Name: django_apscheduler_djangojobexecution; Type: TABLE; Schema: public; Owner: mes
--

CREATE TABLE public.django_apscheduler_djangojobexecution (
    id bigint NOT NULL,
    status character varying(50) NOT NULL,
    run_time timestamp with time zone NOT NULL,
    duration numeric(15,2),
    finished numeric(15,2),
    exception character varying(1000),
    traceback text,
    job_id character varying(255) NOT NULL
);


ALTER TABLE public.django_apscheduler_djangojobexecution OWNER TO mes;

--
-- Name: django_apscheduler_djangojobexecution_id_seq; Type: SEQUENCE; Schema: public; Owner: mes
--

ALTER TABLE public.django_apscheduler_djangojobexecution ALTER COLUMN id ADD GENERATED BY DEFAULT AS IDENTITY (
    SEQUENCE NAME public.django_apscheduler_djangojobexecution_id_seq
    START WITH 1
    INCREMENT BY 1
    NO MINVALUE
    NO MAXVALUE
    CACHE 1
);


--
-- Name: django_content_type; Type: TABLE; Schema: public; Owner: mes
--

CREATE TABLE public.django_content_type (
    id integer NOT NULL,
    app_label character varying(100) NOT NULL,
    model character varying(100) NOT NULL
);


ALTER TABLE public.django_content_type OWNER TO mes;

--
-- Name: django_content_type_id_seq; Type: SEQUENCE; Schema: public; Owner: mes
--

ALTER TABLE public.django_content_type ALTER COLUMN id ADD GENERATED BY DEFAULT AS IDENTITY (
    SEQUENCE NAME public.django_content_type_id_seq
    START WITH 1
    INCREMENT BY 1
    NO MINVALUE
    NO MAXVALUE
    CACHE 1
);


--
-- Name: django_migrations; Type: TABLE; Schema: public; Owner: mes
--

CREATE TABLE public.django_migrations (
    id bigint NOT NULL,
    app character varying(255) NOT NULL,
    name character varying(255) NOT NULL,
    applied timestamp with time zone NOT NULL
);


ALTER TABLE public.django_migrations OWNER TO mes;

--
-- Name: django_migrations_id_seq; Type: SEQUENCE; Schema: public; Owner: mes
--

ALTER TABLE public.django_migrations ALTER COLUMN id ADD GENERATED BY DEFAULT AS IDENTITY (
    SEQUENCE NAME public.django_migrations_id_seq
    START WITH 1
    INCREMENT BY 1
    NO MINVALUE
    NO MAXVALUE
    CACHE 1
);


--
-- Name: django_session; Type: TABLE; Schema: public; Owner: mes
--

CREATE TABLE public.django_session (
    session_key character varying(40) NOT NULL,
    session_data text NOT NULL,
    expire_date timestamp with time zone NOT NULL
);


ALTER TABLE public.django_session OWNER TO mes;

--
-- Name: employee_work_center_change_list; Type: TABLE; Schema: public; Owner: mes
--

CREATE TABLE public.employee_work_center_change_list (
    id uuid NOT NULL,
    active boolean NOT NULL,
    created_by integer,
    created_on timestamp with time zone NOT NULL,
    updated_by integer,
    updated_on timestamp with time zone NOT NULL,
    employee_id uuid NOT NULL,
    work_center_id uuid NOT NULL,
    department character varying(512)
);


ALTER TABLE public.employee_work_center_change_list OWNER TO mes;

--
-- Name: org_company; Type: TABLE; Schema: public; Owner: mes
--

CREATE TABLE public.org_company (
    id uuid NOT NULL,
    active boolean NOT NULL,
    created_by integer,
    created_on timestamp with time zone NOT NULL,
    updated_by integer,
    updated_on timestamp with time zone NOT NULL,
    name character varying(512) NOT NULL,
    code character varying(32) NOT NULL
);


ALTER TABLE public.org_company OWNER TO mes;

--
-- Name: org_department; Type: TABLE; Schema: public; Owner: mes
--

CREATE TABLE public.org_department (
    id uuid NOT NULL,
    active boolean NOT NULL,
    created_by integer,
    created_on timestamp with time zone NOT NULL,
    updated_by integer,
    updated_on timestamp with time zone NOT NULL,
    name character varying(512) NOT NULL,
    code character varying(32) NOT NULL,
    is_pp_rel_dept boolean NOT NULL,
    is_pp_dept boolean NOT NULL,
    is_hv_dept boolean NOT NULL,
    is_qc_dept boolean NOT NULL,
    is_an_handle_dept boolean NOT NULL,
    is_wk_handle_dept boolean NOT NULL,
    company_id uuid NOT NULL,
    parent_id uuid
);


ALTER TABLE public.org_department OWNER TO mes;

--
-- Name: org_employee; Type: TABLE; Schema: public; Owner: mes
--

CREATE TABLE public.org_employee (
    id uuid NOT NULL,
    active boolean NOT NULL,
    created_by integer,
    created_on timestamp with time zone NOT NULL,
    updated_by integer,
    updated_on timestamp with time zone NOT NULL,
    name character varying(512) NOT NULL,
    code character varying(32) NOT NULL,
    email character varying(128),
    phone character varying(24),
    photo_path character varying(128),
    department_id uuid NOT NULL,
    user_id integer,
    work_center_id uuid
);


ALTER TABLE public.org_employee OWNER TO mes;

--
-- Name: pp_component; Type: TABLE; Schema: public; Owner: mes
--

CREATE TABLE public.pp_component (
    id uuid NOT NULL,
    active boolean NOT NULL,
    created_by integer,
    created_on timestamp with time zone NOT NULL,
    updated_by integer,
    updated_on timestamp with time zone NOT NULL,
    code character varying(64) NOT NULL,
    name character varying(128) NOT NULL,
    safe_storage integer NOT NULL,
    facility_id uuid NOT NULL
);


ALTER TABLE public.pp_component OWNER TO mes;

--
-- Name: pp_component_amount; Type: TABLE; Schema: public; Owner: mes
--

CREATE TABLE public.pp_component_amount (
    id uuid NOT NULL,
    active boolean NOT NULL,
    created_by integer,
    created_on timestamp with time zone NOT NULL,
    updated_by integer,
    updated_on timestamp with time zone NOT NULL,
    quantity integer NOT NULL,
    component_id uuid NOT NULL,
    location_id uuid NOT NULL,
    warehouse_id uuid NOT NULL
);


ALTER TABLE public.pp_component_amount OWNER TO mes;

--
-- Name: pp_component_inout_list; Type: TABLE; Schema: public; Owner: mes
--

CREATE TABLE public.pp_component_inout_list (
    id uuid NOT NULL,
    active boolean NOT NULL,
    created_by integer,
    created_on timestamp with time zone NOT NULL,
    updated_by integer,
    updated_on timestamp with time zone NOT NULL,
    sign integer NOT NULL,
    quantity integer NOT NULL,
    component_id uuid NOT NULL,
    inout_type_id uuid NOT NULL,
    location_id uuid NOT NULL,
    warehouse_id uuid NOT NULL
);


ALTER TABLE public.pp_component_inout_list OWNER TO mes;

--
-- Name: pp_location; Type: TABLE; Schema: public; Owner: mes
--

CREATE TABLE public.pp_location (
    id uuid NOT NULL,
    active boolean NOT NULL,
    created_by integer,
    created_on timestamp with time zone NOT NULL,
    updated_by integer,
    updated_on timestamp with time zone NOT NULL,
    code character varying(24) NOT NULL,
    name character varying(128) NOT NULL,
    warehouse_id uuid NOT NULL
);


ALTER TABLE public.pp_location OWNER TO mes;

--
-- Name: pp_machine_code; Type: TABLE; Schema: public; Owner: mes
--

CREATE TABLE public.pp_machine_code (
    id uuid NOT NULL,
    active boolean NOT NULL,
    created_by integer,
    created_on timestamp with time zone NOT NULL,
    updated_by integer,
    updated_on timestamp with time zone NOT NULL,
    code character varying(8) NOT NULL,
    model_sap character varying(128),
    model_mes character varying(128),
    pro_group1 character varying(128),
    pro_group2 character varying(128),
    finished boolean NOT NULL,
    facility_id uuid NOT NULL,
    pro_quality_id uuid NOT NULL
);


ALTER TABLE public.pp_machine_code OWNER TO mes;

--
-- Name: pp_machine_code_lines; Type: TABLE; Schema: public; Owner: mes
--

CREATE TABLE public.pp_machine_code_lines (
    id bigint NOT NULL,
    machinecode_id uuid NOT NULL,
    productline_id uuid NOT NULL
);


ALTER TABLE public.pp_machine_code_lines OWNER TO mes;

--
-- Name: pp_machine_code_lines_id_seq; Type: SEQUENCE; Schema: public; Owner: mes
--

ALTER TABLE public.pp_machine_code_lines ALTER COLUMN id ADD GENERATED BY DEFAULT AS IDENTITY (
    SEQUENCE NAME public.pp_machine_code_lines_id_seq
    START WITH 1
    INCREMENT BY 1
    NO MINVALUE
    NO MAXVALUE
    CACHE 1
);


--
-- Name: pp_model_code; Type: TABLE; Schema: public; Owner: mes
--

CREATE TABLE public.pp_model_code (
    id uuid NOT NULL,
    active boolean NOT NULL,
    created_by integer,
    created_on timestamp with time zone NOT NULL,
    updated_by integer,
    updated_on timestamp with time zone NOT NULL,
    code character varying(128) NOT NULL,
    brand_code character varying(64),
    weight_sap integer NOT NULL,
    weight_brand integer NOT NULL,
    engine_no character varying(128),
    remark text,
    product boolean NOT NULL,
    cup_id uuid,
    facility_id uuid NOT NULL,
    machine_code_id uuid NOT NULL,
    machine_type_id uuid,
    sale_type_id uuid
);


ALTER TABLE public.pp_model_code OWNER TO mes;

--
-- Name: pp_option_basic; Type: TABLE; Schema: public; Owner: mes
--

CREATE TABLE public.pp_option_basic (
    id uuid NOT NULL,
    active boolean NOT NULL,
    created_by integer,
    created_on timestamp with time zone NOT NULL,
    updated_by integer,
    updated_on timestamp with time zone NOT NULL,
    code character varying(24) NOT NULL,
    name character varying(24) NOT NULL,
    sequence character varying(24) NOT NULL,
    use boolean NOT NULL,
    facility_id uuid NOT NULL
);


ALTER TABLE public.pp_option_basic OWNER TO mes;

--
-- Name: pp_option_code; Type: TABLE; Schema: public; Owner: mes
--

CREATE TABLE public.pp_option_code (
    id uuid NOT NULL,
    active boolean NOT NULL,
    created_by integer,
    created_on timestamp with time zone NOT NULL,
    updated_by integer,
    updated_on timestamp with time zone NOT NULL,
    code character varying(48) NOT NULL,
    style_code character varying(16) NOT NULL,
    o_sap character varying(256) NOT NULL,
    s_sap character varying(256) NOT NULL,
    o_mes character varying(256) NOT NULL,
    s_mes character varying(256) NOT NULL,
    basic boolean NOT NULL,
    erp_if boolean NOT NULL,
    sign boolean NOT NULL,
    facility_id uuid NOT NULL,
    option_id uuid NOT NULL
);


ALTER TABLE public.pp_option_code OWNER TO mes;

--
-- Name: pp_option_code_model_styles; Type: TABLE; Schema: public; Owner: mes
--

CREATE TABLE public.pp_option_code_model_styles (
    id bigint NOT NULL,
    optioncode_id uuid NOT NULL,
    modelcode_id uuid NOT NULL
);


ALTER TABLE public.pp_option_code_model_styles OWNER TO mes;

--
-- Name: pp_option_code_model_styles_id_seq; Type: SEQUENCE; Schema: public; Owner: mes
--

ALTER TABLE public.pp_option_code_model_styles ALTER COLUMN id ADD GENERATED BY DEFAULT AS IDENTITY (
    SEQUENCE NAME public.pp_option_code_model_styles_id_seq
    START WITH 1
    INCREMENT BY 1
    NO MINVALUE
    NO MAXVALUE
    CACHE 1
);


--
-- Name: pp_product_line; Type: TABLE; Schema: public; Owner: mes
--

CREATE TABLE public.pp_product_line (
    id uuid NOT NULL,
    active boolean NOT NULL,
    created_by integer,
    created_on timestamp with time zone NOT NULL,
    updated_by integer,
    updated_on timestamp with time zone NOT NULL,
    name character varying(24) NOT NULL,
    code character varying(8) NOT NULL,
    version character varying(4) NOT NULL,
    company_id uuid NOT NULL
);


ALTER TABLE public.pp_product_line OWNER TO mes;

--
-- Name: pp_warehouse; Type: TABLE; Schema: public; Owner: mes
--

CREATE TABLE public.pp_warehouse (
    id uuid NOT NULL,
    active boolean NOT NULL,
    created_by integer,
    created_on timestamp with time zone NOT NULL,
    updated_by integer,
    updated_on timestamp with time zone NOT NULL,
    code character varying(24) NOT NULL,
    name character varying(512) NOT NULL,
    address character varying(512) NOT NULL,
    facility_id uuid NOT NULL
);


ALTER TABLE public.pp_warehouse OWNER TO mes;

--
-- Name: pp_work_center; Type: TABLE; Schema: public; Owner: mes
--

CREATE TABLE public.pp_work_center (
    id uuid NOT NULL,
    active boolean NOT NULL,
    created_by integer,
    created_on timestamp with time zone NOT NULL,
    updated_by integer,
    updated_on timestamp with time zone NOT NULL,
    code character varying(12) NOT NULL,
    name character varying(128) NOT NULL,
    to_track boolean NOT NULL,
    to_sap boolean NOT NULL,
    category_id uuid,
    end_wc_id uuid,
    facility_id uuid,
    line_id uuid,
    start_wc_id uuid
);


ALTER TABLE public.pp_work_center OWNER TO mes;

--
-- Name: sys_dict; Type: TABLE; Schema: public; Owner: mes
--

CREATE TABLE public.sys_dict (
    id uuid NOT NULL,
    active boolean NOT NULL,
    created_by integer,
    created_on timestamp with time zone NOT NULL,
    updated_by integer,
    updated_on timestamp with time zone NOT NULL,
    name character varying(128) NOT NULL,
    code character varying(8) NOT NULL
);


ALTER TABLE public.sys_dict OWNER TO mes;

--
-- Name: sys_enum; Type: TABLE; Schema: public; Owner: mes
--

CREATE TABLE public.sys_enum (
    id uuid NOT NULL,
    active boolean NOT NULL,
    created_by integer,
    created_on timestamp with time zone NOT NULL,
    updated_by integer,
    updated_on timestamp with time zone NOT NULL,
    name character varying(128) NOT NULL,
    code character varying(4) NOT NULL,
    sys_dict_id uuid NOT NULL
);


ALTER TABLE public.sys_enum OWNER TO mes;

--
-- Name: sys_log; Type: TABLE; Schema: public; Owner: mes
--

CREATE TABLE public.sys_log (
    id uuid NOT NULL,
    active boolean NOT NULL,
    created_by integer,
    created_on timestamp with time zone NOT NULL,
    updated_by integer,
    updated_on timestamp with time zone NOT NULL,
    url character varying(512),
    ip character varying(32),
    user_id integer NOT NULL
);


ALTER TABLE public.sys_log OWNER TO mes;

--
-- Name: sys_login; Type: TABLE; Schema: public; Owner: mes
--

CREATE TABLE public.sys_login (
    id uuid NOT NULL,
    active boolean NOT NULL,
    created_by integer,
    created_on timestamp with time zone NOT NULL,
    updated_by integer,
    updated_on timestamp with time zone NOT NULL,
    ip character varying(32),
    user_id integer NOT NULL
);


ALTER TABLE public.sys_login OWNER TO mes;

--
-- Name: sys_menu; Type: TABLE; Schema: public; Owner: mes
--

CREATE TABLE public.sys_menu (
    id uuid NOT NULL,
    active boolean NOT NULL,
    created_by integer,
    created_on timestamp with time zone NOT NULL,
    updated_by integer,
    updated_on timestamp with time zone NOT NULL,
    name character varying(64) NOT NULL,
    code character varying(24) NOT NULL,
    url character varying(24) NOT NULL,
    icon character varying(64) NOT NULL,
    remark character varying(256)
);


ALTER TABLE public.sys_menu OWNER TO mes;

--
-- Name: sys_rencent_used_menu; Type: TABLE; Schema: public; Owner: mes
--

CREATE TABLE public.sys_rencent_used_menu (
    id uuid NOT NULL,
    active boolean NOT NULL,
    created_by integer,
    created_on timestamp with time zone NOT NULL,
    updated_by integer,
    updated_on timestamp with time zone NOT NULL,
    menu_id uuid NOT NULL,
    role_id uuid,
    user_id integer NOT NULL
);


ALTER TABLE public.sys_rencent_used_menu OWNER TO mes;

--
-- Name: sys_role; Type: TABLE; Schema: public; Owner: mes
--

CREATE TABLE public.sys_role (
    id uuid NOT NULL,
    active boolean NOT NULL,
    created_by integer,
    created_on timestamp with time zone NOT NULL,
    updated_by integer,
    updated_on timestamp with time zone NOT NULL,
    name character varying(64) NOT NULL,
    code character varying(24) NOT NULL,
    company_id uuid NOT NULL
);


ALTER TABLE public.sys_role OWNER TO mes;

--
-- Name: sys_role_menus; Type: TABLE; Schema: public; Owner: mes
--

CREATE TABLE public.sys_role_menus (
    id bigint NOT NULL,
    role_id uuid NOT NULL,
    menu_id uuid NOT NULL
);


ALTER TABLE public.sys_role_menus OWNER TO mes;

--
-- Name: sys_role_menus_id_seq; Type: SEQUENCE; Schema: public; Owner: mes
--

ALTER TABLE public.sys_role_menus ALTER COLUMN id ADD GENERATED BY DEFAULT AS IDENTITY (
    SEQUENCE NAME public.sys_role_menus_id_seq
    START WITH 1
    INCREMENT BY 1
    NO MINVALUE
    NO MAXVALUE
    CACHE 1
);


--
-- Name: sys_role_users; Type: TABLE; Schema: public; Owner: mes
--

CREATE TABLE public.sys_role_users (
    id bigint NOT NULL,
    role_id uuid NOT NULL,
    user_id integer NOT NULL
);


ALTER TABLE public.sys_role_users OWNER TO mes;

--
-- Name: sys_role_users_id_seq; Type: SEQUENCE; Schema: public; Owner: mes
--

ALTER TABLE public.sys_role_users ALTER COLUMN id ADD GENERATED BY DEFAULT AS IDENTITY (
    SEQUENCE NAME public.sys_role_users_id_seq
    START WITH 1
    INCREMENT BY 1
    NO MINVALUE
    NO MAXVALUE
    CACHE 1
);


--
-- Data for Name: auth_group; Type: TABLE DATA; Schema: public; Owner: mes
--

COPY public.auth_group (id, name) FROM stdin;
\.


--
-- Data for Name: auth_group_permissions; Type: TABLE DATA; Schema: public; Owner: mes
--

COPY public.auth_group_permissions (id, group_id, permission_id) FROM stdin;
\.


--
-- Data for Name: auth_permission; Type: TABLE DATA; Schema: public; Owner: mes
--

COPY public.auth_permission (id, name, content_type_id, codename) FROM stdin;
1	Can add log entry	1	add_logentry
2	Can change log entry	1	change_logentry
3	Can delete log entry	1	delete_logentry
4	Can view log entry	1	view_logentry
5	Can add permission	2	add_permission
6	Can change permission	2	change_permission
7	Can delete permission	2	delete_permission
8	Can view permission	2	view_permission
9	Can add group	3	add_group
10	Can change group	3	change_group
11	Can delete group	3	delete_group
12	Can view group	3	view_group
13	Can add user	4	add_user
14	Can change user	4	change_user
15	Can delete user	4	delete_user
16	Can view user	4	view_user
17	Can add content type	5	add_contenttype
18	Can change content type	5	change_contenttype
19	Can delete content type	5	delete_contenttype
20	Can view content type	5	view_contenttype
21	Can add session	6	add_session
22	Can change session	6	change_session
23	Can delete session	6	delete_session
24	Can view session	6	view_session
25	Can add django job	7	add_djangojob
26	Can change django job	7	change_djangojob
27	Can delete django job	7	delete_djangojob
28	Can view django job	7	view_djangojob
29	Can add django job execution	8	add_djangojobexecution
30	Can change django job execution	8	change_djangojobexecution
31	Can delete django job execution	8	delete_djangojobexecution
32	Can view django job execution	8	view_djangojobexecution
33	Can add sys log	9	add_syslog
34	Can change sys log	9	change_syslog
35	Can delete sys log	9	delete_syslog
36	Can view sys log	9	view_syslog
37	Can add sys login	10	add_syslogin
38	Can change sys login	10	change_syslogin
39	Can delete sys login	10	delete_syslogin
40	Can view sys login	10	view_syslogin
41	Can add menu	11	add_menu
42	Can change menu	11	change_menu
43	Can delete menu	11	delete_menu
44	Can view menu	11	view_menu
45	Can add role	12	add_role
46	Can change role	12	change_role
47	Can delete role	12	delete_role
48	Can view role	12	view_role
49	Can add recent used menu	13	add_recentusedmenu
50	Can change recent used menu	13	change_recentusedmenu
51	Can delete recent used menu	13	delete_recentusedmenu
52	Can view recent used menu	13	view_recentusedmenu
53	Can add sys dict	14	add_sysdict
54	Can change sys dict	14	change_sysdict
55	Can delete sys dict	14	delete_sysdict
56	Can view sys dict	14	view_sysdict
57	Can add sys enum	15	add_sysenum
58	Can change sys enum	15	change_sysenum
59	Can delete sys enum	15	delete_sysenum
60	Can view sys enum	15	view_sysenum
61	Can add company	16	add_company
62	Can change company	16	change_company
63	Can delete company	16	delete_company
64	Can view company	16	view_company
65	Can add department	17	add_department
66	Can change department	17	change_department
67	Can delete department	17	delete_department
68	Can view department	17	view_department
69	Can add employee	18	add_employee
70	Can change employee	18	change_employee
71	Can delete employee	18	delete_employee
72	Can view employee	18	view_employee
73	Can add machine code	19	add_machinecode
74	Can change machine code	19	change_machinecode
75	Can delete machine code	19	delete_machinecode
76	Can view machine code	19	view_machinecode
77	Can add model code	20	add_modelcode
78	Can change model code	20	change_modelcode
79	Can delete model code	20	delete_modelcode
80	Can view model code	20	view_modelcode
81	Can add option basic	21	add_optionbasic
82	Can change option basic	21	change_optionbasic
83	Can delete option basic	21	delete_optionbasic
84	Can view option basic	21	view_optionbasic
85	Can add product line	22	add_productline
86	Can change product line	22	change_productline
87	Can delete product line	22	delete_productline
88	Can view product line	22	view_productline
89	Can add product work center	23	add_productworkcenter
90	Can change product work center	23	change_productworkcenter
91	Can delete product work center	23	delete_productworkcenter
92	Can view product work center	23	view_productworkcenter
93	Can add option code	24	add_optioncode
94	Can change option code	24	change_optioncode
95	Can delete option code	24	delete_optioncode
96	Can view option code	24	view_optioncode
97	Can add employee work center change list	25	add_employeeworkcenterchangelist
98	Can change employee work center change list	25	change_employeeworkcenterchangelist
99	Can delete employee work center change list	25	delete_employeeworkcenterchangelist
100	Can view employee work center change list	25	view_employeeworkcenterchangelist
101	Can add component	26	add_component
102	Can change component	26	change_component
103	Can delete component	26	delete_component
104	Can view component	26	view_component
105	Can add component amount	27	add_componentamount
106	Can change component amount	27	change_componentamount
107	Can delete component amount	27	delete_componentamount
108	Can view component amount	27	view_componentamount
109	Can add location	28	add_location
110	Can change location	28	change_location
111	Can delete location	28	delete_location
112	Can view location	28	view_location
113	Can add warehouse	29	add_warehouse
114	Can change warehouse	29	change_warehouse
115	Can delete warehouse	29	delete_warehouse
116	Can view warehouse	29	view_warehouse
117	Can add component in out list	30	add_componentinoutlist
118	Can change component in out list	30	change_componentinoutlist
119	Can delete component in out list	30	delete_componentinoutlist
120	Can view component in out list	30	view_componentinoutlist
\.


--
-- Data for Name: auth_user; Type: TABLE DATA; Schema: public; Owner: mes
--

COPY public.auth_user (id, password, last_login, is_superuser, username, first_name, last_name, email, is_staff, is_active, date_joined) FROM stdin;
1	pbkdf2_sha256$600000$T47UvWrsvV3qpT6eZOnB0C$0bW4vNrZFDgnekqDDtmy6VxYwvV0FGrsOhH1XUlfNjA=	2024-05-23 14:36:18.899621+08	t	admin			guoqian.cheng@hd.com	t	t	2024-05-21 15:00:38.044384+08
2	pbkdf2_sha256$600000$DdOUCqKohRALqy56jAqHHm$sXj7O2jTgeGllpt9o2oIJJRbYaF+cbI2NSQTPEPsyXg=	2024-05-29 15:02:28.567803+08	f	20112004	国前	程	guoqian.cheng@hd.com	f	t	2024-05-21 15:18:17.681267+08
3	pbkdf2_sha256$600000$WwriDtcW6bRdyWL4w6CnkU$Ap4sbwdQaht5VQOVACMRoMYko6Yi3CNealpbXw1bjt8=	\N	f	ls0490	春艳	李	chunyan.li@hd.com	t	t	2024-05-29 15:45:19.382526+08
\.


--
-- Data for Name: auth_user_groups; Type: TABLE DATA; Schema: public; Owner: mes
--

COPY public.auth_user_groups (id, user_id, group_id) FROM stdin;
\.


--
-- Data for Name: auth_user_user_permissions; Type: TABLE DATA; Schema: public; Owner: mes
--

COPY public.auth_user_user_permissions (id, user_id, permission_id) FROM stdin;
\.


--
-- Data for Name: django_admin_log; Type: TABLE DATA; Schema: public; Owner: mes
--

COPY public.django_admin_log (id, action_time, object_id, object_repr, action_flag, change_message, content_type_id, user_id) FROM stdin;
\.


--
-- Data for Name: django_apscheduler_djangojob; Type: TABLE DATA; Schema: public; Owner: mes
--

COPY public.django_apscheduler_djangojob (id, next_run_time, job_state) FROM stdin;
\.


--
-- Data for Name: django_apscheduler_djangojobexecution; Type: TABLE DATA; Schema: public; Owner: mes
--

COPY public.django_apscheduler_djangojobexecution (id, status, run_time, duration, finished, exception, traceback, job_id) FROM stdin;
\.


--
-- Data for Name: django_content_type; Type: TABLE DATA; Schema: public; Owner: mes
--

COPY public.django_content_type (id, app_label, model) FROM stdin;
1	admin	logentry
2	auth	permission
3	auth	group
4	auth	user
5	contenttypes	contenttype
6	sessions	session
7	django_apscheduler	djangojob
8	django_apscheduler	djangojobexecution
9	common	syslog
10	sys_sign	syslogin
11	sys_auth	menu
12	sys_auth	role
13	sys_auth	recentusedmenu
14	sys_dict	sysdict
15	sys_dict	sysenum
16	org_com	company
17	org_dep	department
18	org_emp	employee
19	pp_master	machinecode
20	pp_master	modelcode
21	pp_master	optionbasic
22	pp_master	productline
23	pp_master	productworkcenter
24	pp_master	optioncode
25	org_emp	employeeworkcenterchangelist
26	pp_master	component
27	pp_master	componentamount
28	pp_master	location
29	pp_master	warehouse
30	pp_master	componentinoutlist
\.


--
-- Data for Name: django_migrations; Type: TABLE DATA; Schema: public; Owner: mes
--

COPY public.django_migrations (id, app, name, applied) FROM stdin;
1	contenttypes	0001_initial	2024-05-21 14:55:55.173055+08
2	auth	0001_initial	2024-05-21 14:55:55.32267+08
3	admin	0001_initial	2024-05-21 14:55:55.364558+08
4	admin	0002_logentry_remove_auto_add	2024-05-21 14:55:55.373534+08
5	admin	0003_logentry_add_action_flag_choices	2024-05-21 14:55:55.38251+08
6	contenttypes	0002_remove_content_type_name	2024-05-21 14:55:55.401459+08
7	auth	0002_alter_permission_name_max_length	2024-05-21 14:55:55.411433+08
8	auth	0003_alter_user_email_max_length	2024-05-21 14:55:55.419411+08
9	auth	0004_alter_user_username_opts	2024-05-21 14:55:55.431386+08
10	auth	0005_alter_user_last_login_null	2024-05-21 14:55:55.44136+08
11	auth	0006_require_contenttypes_0002	2024-05-21 14:55:55.444352+08
12	auth	0007_alter_validators_add_error_messages	2024-05-21 14:55:55.45233+08
13	auth	0008_alter_user_username_max_length	2024-05-21 14:55:55.471287+08
14	auth	0009_alter_user_last_name_max_length	2024-05-21 14:55:55.481257+08
15	auth	0010_alter_group_name_max_length	2024-05-21 14:55:55.493263+08
16	auth	0011_update_proxy_permissions	2024-05-21 14:55:55.501207+08
17	auth	0012_alter_user_first_name_max_length	2024-05-21 14:55:55.51417+08
18	common	0001_initial	2024-05-21 14:55:55.544602+08
19	django_apscheduler	0001_initial	2024-05-21 14:55:55.60844+08
20	django_apscheduler	0002_auto_20180412_0758	2024-05-21 14:55:55.613425+08
21	django_apscheduler	0003_auto_20200716_1632	2024-05-21 14:55:55.640354+08
22	django_apscheduler	0004_auto_20200717_1043	2024-05-21 14:55:55.717149+08
23	django_apscheduler	0005_migrate_name_to_id	2024-05-21 14:55:55.767015+08
24	django_apscheduler	0006_remove_djangojob_name	2024-05-21 14:55:55.773996+08
25	django_apscheduler	0007_auto_20200717_1404	2024-05-21 14:55:55.812133+08
26	django_apscheduler	0008_remove_djangojobexecution_started	2024-05-21 14:55:55.839056+08
27	django_apscheduler	0009_djangojobexecution_unique_job_executions	2024-05-21 14:55:55.84804+08
28	org_com	0001_initial	2024-05-21 14:55:55.861006+08
29	org_dep	0001_initial	2024-05-21 14:55:55.892921+08
30	org_emp	0001_initial	2024-05-21 14:55:55.929822+08
31	sys_dict	0001_initial	2024-05-21 14:55:55.964729+08
32	pp_master	0001_initial	2024-05-21 14:55:56.285287+08
33	sessions	0001_initial	2024-05-21 14:55:56.308225+08
34	sys_auth	0001_initial	2024-05-21 14:55:56.448859+08
35	sys_sign	0001_initial	2024-05-21 14:55:56.516802+08
36	pp_master	0002_alter_productworkcenter_line	2024-05-22 10:20:22.453483+08
37	org_emp	0002_employee_work_center_emloyeeworkcenterchangelist	2024-05-24 14:04:11.15634+08
38	org_emp	0003_rename_emloyeeworkcenterchangelist_employeeworkcenterchangelist	2024-05-24 14:04:11.196193+08
39	org_emp	0004_employeeworkcenterchangelist_department	2024-05-24 14:14:12.379434+08
40	pp_master	0003_component_warehouse_location_componentinoutlist_and_more	2024-06-03 15:00:56.477357+08
\.


--
-- Data for Name: django_session; Type: TABLE DATA; Schema: public; Owner: mes
--

COPY public.django_session (session_key, session_data, expire_date) FROM stdin;
8b43nhdov2vv79rl04s4bjuri6ivknvj	.eJxVj81Ow0AMhN8lV9jI6-xvjpQDHLhxrBR5104baJMqaSQqxLuT0CLBxbI8M5_Gn0VD83nfzJOMTcdFXWBx__eWKL9Lvwr8Rv1uKPPQn8culaulvKlT-TKwHB5u3n-APU37JS3OgEXNSSBbLSEZSsZHb1oh8Nh6ApddJooYIiekCr0E67WLMYYMC3TF9XSUtSRojQBmuY7DQa7N2-ATS4VKCK0yOpIKNrBixxY45Wgy_wZunKfH581mO_tEepkG3Ha2xobFlYfjifrLlewytMJilBWDylTLlohJZQfsI1DburR-Pck0dUPfyMepGy8_PdEosAr1K4QadV2Z0gVnHd4B1ADF1zcgUXPX:1s9KHW:Qi6ssoWMTbYEUl0W3AF1ITKGOwQTIjTaZHQmtEBTTbs	2024-05-21 16:21:34.686562+08
1ypncznhmb43d818j3mvt653a9me5n2v	.eJxVj81Ow0AMhN8lV9jIu_H-5Ug5wIEbx0qRd-20gTapkkaiQrw7CS0SXCzLM_Np_Fk0NJ_3zTzJ2HRc1IUp7v_eEuV36VeB36jfDWUe-vPYpXK1lDd1Kl8GlsPDzfsPsKdpv6TFIVijOQlkqyUkpIQ-emyFwJvWE7jsMlE0IXIyVBkvwXrtYowhwwJdcT0dZS0JWhsAXK7jcJBr8zb4xFIZJWSsQh1JBRtYsWMLnHLEzL-BG-fp8Xmz2c4-kV4mgtvOFm1YXHk4nqi_XMkuQyssqKygUVgtWyImlR2wj0Bt69L69STT1A19Ix-nbrz89DSowCqDr-DrCmvUJfgqxHAHUAMUX98gpHPd:1sAOyn:156ktiut73NTXO8aHPUq3aUKl6H8pAiCFs5vXWPM1Aw	2024-05-24 15:34:41.073898+08
w2dn04ik63s454e8jzg4qqmci0r6kcm2	.eJxVj81Ow0AMhN8lV9jI6-xvjpQDHLhxrBR5104baJMqaSQqxLuT0CLBxbI8M5_Gn0VD83nfzJOMTcdFXWBx__eWKL9Lvwr8Rv1uKPPQn8culaulvKlT-TKwHB5u3n-APU37JS3OgEXNSSBbLSEZSsZHb1oh8Nh6ApddJooYIiekCr0E67WLMYYMC3TF9XSUtSRojQBmuY7DQa7N2-ATS4VKCK0yOpIKNrBixxY45Wgy_wZunKfH581mO_tEepkG3Ha2xobFlYfjifrLlewytMJilBWDylTLlohJZQfsI1DburR-Pck0dUPfyMepGy8_PdEosAr9K1Q1htrYUldog78DqAGKr28gqXPa:1sBQZR:r3KbRSW6wSlQ_yAbVVyofs8ZAwFD0ZA9JTaqrBJE0pQ	2024-05-27 11:28:45.132587+08
udx6q1shmj67ye9hccrq1jjeqehpukoh	.eJxVj81Ow0AMhN8lV9jI6-xvjpQDHLhxrBR5104baJMqaSQqxLuT0CLBxbI8M5_Gn0VD83nfzJOMTcdFXWBx__eWKL9Lvwr8Rv1uKPPQn8culaulvKlT-TKwHB5u3n-APU37JS3OgEXNSSBbLSEZSsZHb1oh8Nh6ApddJooYIiekCr0E67WLMYYMC3TF9XSUtSRojQBmuY7DQa7N2-ATS4VKCK0yOpIKNrBixxY45Wgy_wZunKfH581mO_tEepkG3Ha2xobFlYfjifrLlewytMJilBWDylTLlohJZQfsI1DburR-Pck0dUPfyMepGy8_PdEosArxFaoaY21jGXTU1t0B1ADF1zcg2XPf:1s9cCt:3k06xl1orCUnhF_IMLDfT3tgBQoKf-fkWaaq8almh30	2024-05-22 11:29:59.819156+08
sz6dv8etbdlwp450m7qhb9j1ecmy4e35	.eJxVj81Ow0AMhN8lV9jI2fX-9Ug5wIEbx0qRd-3QQJtUSSNRId6dDRQJLpY9Hn8af1QtLed9u8wytT1Xm0pXt3-1RPlNhnXBrzS8jHUeh_PUp3q11NftXD-NLIe7q_cfYE_zvlyLQ7C64SSQbSMhISX00WMnBF53nsBll4miDpGTJqO9BOsbF2MMGQp0xQ10lDUkNI0GwKJO40F-knfBJxajlZC2CptIKtjAih1b4JQjZv49uHIe7h-3293iEzWlIrjdYtGG4srj8UTD5YfsMnTCgsoKaoWmdImYVHbAPgJ1nUvr17PMcz8Orbyf-unynVOjAqu0eYa4Adgg1sYFE81NGQCqzy8gVHPX:1sA3qW:qqWd_9qlCfMz6U2fQLp0eEsDPJcCdlO8Y_My4lTmcYU	2024-05-23 17:00:44.368393+08
6kz0q3p73x0cusl8sp1h049qac9rnlit	.eJxVj81Ow0AMhN8lV9jI63j_cqQc4MCNY6XIu-u0gTapkkaiQrw7CS0SXCzLM_Np_Fk0PJ_3zTzJ2HS5qAss7v_eIqd36Vchv3G_G8o09Oexi-VqKW_qVL4MWQ4PN-8_wJ6n_ZIWS2BQ5yiQjBYfiSO54KgVBoetY7DJJuaAPuSIXKETb5y2IQSfYIGuuJ6PspYErRGAlus4HOTavPUuZqlQCaNRpAMrb3xW2WYDOaZAKf8Gbpynx-fNZju7yHqZBHY7GzJ-caXheOL-ciXbBK1kIWWEUFG1bJEzq2QhuwDctjauX08yTd3QN_Jx6sbLT08kBUYhvoKvja-JSrAVVnAHUAMUX98gWXPQ:1s9hL2:XrY0bVJvoOwn4e3XiprfZlybuK_NSYZpDEsHktIc8wg	2024-05-22 16:58:44.06323+08
xmegep45qh50ju9vzbrq01elngely9nn	.eJxVj81Ow0AMhN8lV9jIu_X-9Ug5wIEbx0qRd-20gTapkkaiQrw7G1okuFj2ePxp_Fk1NJ_3zTzJ2HRcrStT3f_VEuV36ZcFv1G_G-o89OexS_ViqW_bqX4ZWA4PN-8_wJ6mfbkWh2CN5iSQrZaQkBL66LEVAm9aT-Cyy0TRhMjJ0Mp4CdZrF2MMGQp0wfV0lCUkaG0AsKjjcJBr8jb4xLIySshYhTqSCjawYscWOOWImX8Pbpynx-fNZjv7RLpUBLedLdpQXHk4nqi_XMkuQyssqKygUbgqXSImlR2wj0Bt69Ly9STT1A19Ix-nbrz85DSowCpjXsGuLawh1LHkBryDMkD19Q0fo3PI:1s9eOW:D2coPmNn0bsLd2A0bNu6JFSklo3lxbcGVDBiD9qZ2yM	2024-05-22 13:50:08.900404+08
a06fnkpdhc1t2cu3pc83ak7pxqliyvzg	.eJxVj81Ow0AMhN8lV9jI63r_cqQc4MCNY6XIu-s0gTapkkaiQrw7CS0SXCzLM_Np_FnUPJ_bep5krLtcVAUW939vkdO79KuQ37jfD2Ua-vPYxXK1lDd1Kl-GLIeHm_cfoOWpXdJiCQzqHAWS0eIjcSQXHDXC4LBxDDbZxBzQhxyRN-jEG6dtCMEnWKArruejrCVBawSg5ToOB7k2b7yLWTaohNEo0oGVNz6rbLOBHFOglH8DN87T4_N2u5tdZL1MArubDRm_uNJwPHF_uZJtgkaykDJCqGizbJEzq2QhuwDcNDauX08yTd3Q1_Jx6sbLT08kBUZheAVfaVMRlA4Nob8DqACKr28g2XPa:1sCE0C:V2Fv1XmfUWA7Hz5g_76ECa5HJPQGG9umfygGz75Tdmo	2024-05-29 16:15:40.725428+08
mjgegyvdwyhgkd9v296p43agl40qwyiw	.eJxVj81Ow0AMhN8lV9jIu_H-5Ug5wIEbx0qRd-20gTapkkaiQrw7CS0SXCzLM_Np_Fk0NJ_3zTzJ2HRc1IUp7v_eEuV36VeB36jfDWUe-vPYpXK1lDd1Kl8GlsPDzfsPsKdpv6TFIVijOQlkqyUkpIQ-emyFwJvWE7jsMlE0IXIyVBkvwXrtYowhwwJdcT0dZS0JWhsAXK7jcJBr8zb4xFIZJWSsQh1JBRtYsWMLnHLEzL-BG-fp8Xmz2c4-kV4mgtvOFm1YXHk4nqi_XMkuQyssqKygUVgtWyImlR2wj0Bt69L69STT1A19Ix-nbrz89DSowCpTvUJVG19bV6JFDdUdQA1QfH0DIA9zzg:1s9yeS:GYkh667oV5OaNlpzQqlZkz-Fpc-1_zOdTitB2EDAJ9w	2024-05-23 11:27:56.454103+08
hrvj7d7n4y01ztmzzvhtpxo89jcujz5o	.eJxVj81Ow0AMhN8lV9jIu_H-5Ug5wIEbx0qRd-20gTapkkaiQrw7CS0SXCzLM_Np_Fk0NJ_3zTzJ2HRc1IUp7v_eEuV36VeB36jfDWUe-vPYpXK1lDd1Kl8GlsPDzfsPsKdpv6TFIVijOQlkqyUkpIQ-emyFwJvWE7jsMlE0IXIyVBkvwXrtYowhwwJdcT0dZS0JWhsAXK7jcJBr8zb4xFIZJWSsQh1JBRtYsWMLnHLEzL-BG-fp8Xmz2c4-kV4mgtvOFm1YXHk4nqi_XMkuQyssqKygUVgtWyImlR2wj0Bt69L69STT1A19Ix-nbrz89DSowCqDr1DVEOvKlBBiBeYOoAYovr4BH_xzzg:1sAKqC:m3ghsyEgobkI9NoR0pRtaE3xtgY0AtPP9jb8HSFuXVQ	2024-05-24 11:09:32.089302+08
ubkuy27qmvbmhfc32hfimbc64tsy39lk	.eJxVj81Ow0AMhN8lV9jIu_X-5Ug5wIEbx0qRd-3QQJtUSSNRId6dDRQJLpblmfk0_qhaWs77dpllanuumspUt39vifKbDKvArzS8jHUeh_PUp3q11Fd1rp9GlsPd1fsPsKd5X9LiEKzRnASy1RISUkIfPXZC4E3nCVx2mSiaEDkZ2hgvwXrtYowhQ4GuuIGOspYErQ0Alus0HuSneRd8YtkYJWSsQh1JBRtYsWMLnHLEzL-BK-fh_nG73S0-kS4Twe0WizYUVx6PJxouP2SXoRMWVFbQKNyULRGTyg7YR6Cuc2n9epZ57sehlfdTP12-expUYJXBZ7CNjY1xdemO2t8ANADV5xcgUXPR:1sANUc:yd51UPpFb8S7pusiLxmcf9tlCDV67A0whi6qkqHSL78	2024-05-24 13:59:26.201417+08
i0ogyme1ot704zdbfesti0grki3tflyr	.eJxVj81Ow0AMhN8lV9jIu_X-5Ug5wIEbx0qRd-3QQJtUSSNRId6dDRQJLpblmfk0_qhaWs77dpllanuumspUt39vifKbDKvArzS8jHUeh_PUp3q11Fd1rp9GlsPd1fsPsKd5X9LiEKzRnASy1RISUkIfPXZC4E3nCVx2mSiaEDkZ2hgvwXrtYowhQ4GuuIGOspYErQ0Alus0HuSneRd8YtkYJWSsQh1JBRtYsWMLnHLEzL-BK-fh_nG73S0-kS4Twe0WizYUVx6PJxouP2SXoRMWVFbQKNyULRGTyg7YR6Cuc2n9epZ57sehlfdTP12-expUYJUxz-Ab1I2OdeEHDTcADUD1-QUgXHPV:1s9g87:gpEQ8xXPOzZQ_QJvPzCIsZah_fhubf7NCIlpFckYugI	2024-05-22 15:41:19.45881+08
yf9prfqqcvanefdounlxrmraba8dxsly	.eJxVj81Ow0AMhN8lV9jIu_X-5Ug5wIEbx0qRd-00gTapkkaiQrw7CS0SXCzLM_Np_FnUNJ_bep5krDsuqsIU939vifK79KvAb9TvhzIP_XnsUrlayps6lS8Dy-Hh5v0HaGlql7Q4BGs0J4FstYSElNBHj40QeNN4ApddJoomRE6GNsZLsF67GGPIsEBXXE9HWUuC1gYAl-s4HOTavAk-sWyMEjJWoY6kgg2s2LEFTjli5t_AjfP0-Lzd7mafSC8Twe1mizYsrjwcT9RfrmSXoREWVFbQKNwsWyImlR2wj0BN49L69STT1A19LR-nbrz89DSowCqDrxArbSttSjAxxHgHUAEUX98gqHPe:1sAQY4:zwLMKGIqY1mYYTai9koRn_w9jMUKpT00fKx6sF1zTJk	2024-05-24 17:15:12.029899+08
\.


--
-- Data for Name: employee_work_center_change_list; Type: TABLE DATA; Schema: public; Owner: mes
--

COPY public.employee_work_center_change_list (id, active, created_by, created_on, updated_by, updated_on, employee_id, work_center_id, department) FROM stdin;
5b047e90-46e9-4918-ab6d-fd04746a0af6	t	\N	2024-05-24 16:39:12.850005+08	\N	2024-05-24 16:39:12.850005+08	2f682a9c-08c2-47ae-8222-f64be0214e1b	c2be3466-f168-46e7-867d-f7f53fd89d13	中国运营 中国生产 生产部 挖掘机2课 4职 3组
112f374b-61f2-4517-9324-0cf0ba494c65	t	\N	2024-05-24 16:41:49.98769+08	\N	2024-05-24 16:41:49.98769+08	dccb2528-55b1-46a4-9032-2d9db363e70a	c2be3466-f168-46e7-867d-f7f53fd89d13	中国运营 中国生产 生产部 挖掘机2课 6职 1组
99d07a5a-6dbf-4306-aebf-76347ff06683	t	\N	2024-05-24 16:42:25.144196+08	\N	2024-05-24 16:42:25.144196+08	4e6f38b4-9ae1-494c-8eda-49ccb9ff1f7b	c2be3466-f168-46e7-867d-f7f53fd89d13	中国运营 中国生产 生产管理部 生产管理课
99391ce2-e5d2-4240-abd4-36b766108eec	t	2	2024-05-24 16:44:12.633667+08	\N	2024-05-24 16:44:12.633667+08	062a6cf1-ae70-46c0-a528-6e2685310d27	c2be3466-f168-46e7-867d-f7f53fd89d13	中国运营 中国生产 生产部 挖掘机1课 3职 4组
\.


--
-- Data for Name: org_company; Type: TABLE DATA; Schema: public; Owner: mes
--

COPY public.org_company (id, active, created_by, created_on, updated_by, updated_on, name, code) FROM stdin;
6c0fede4-5e42-43e4-bada-c60d790aff6b	t	1	2024-05-21 15:13:41.411251+08	\N	2024-05-21 15:13:41.411251+08	HDICC	HDICC
\.


--
-- Data for Name: org_department; Type: TABLE DATA; Schema: public; Owner: mes
--

COPY public.org_department (id, active, created_by, created_on, updated_by, updated_on, name, code, is_pp_rel_dept, is_pp_dept, is_hv_dept, is_qc_dept, is_an_handle_dept, is_wk_handle_dept, company_id, parent_id) FROM stdin;
b3046e20-2867-461a-af48-d32713befc29	t	\N	2024-05-21 15:16:17.986332+08	\N	2024-05-21 15:16:17.986332+08	HD Hyundai Infracore (Shandong) Co., Ltd.	HB000000	f	f	f	f	f	f	6c0fede4-5e42-43e4-bada-c60d790aff6b	\N
b5d1916b-3441-4611-abb3-491cf63d9b99	t	\N	2024-05-21 15:16:18.040189+08	\N	2024-05-21 15:16:18.040189+08	HD Hyundai Infracore (China) Co., Ltd.	HD000000	f	f	f	f	f	f	6c0fede4-5e42-43e4-bada-c60d790aff6b	\N
19fcf719-80aa-4ab2-9a9f-6cadafd03196	t	\N	2024-05-21 15:16:17.98733+08	\N	2024-05-21 15:16:17.98733+08	装载机事业 装载机销售部 营业1课	HB000039	f	f	f	f	f	f	6c0fede4-5e42-43e4-bada-c60d790aff6b	cbcdb023-d379-40e5-aba9-c5dbdd1f5bd6
cc5e0405-326c-4d7c-9ff2-9f357840f4b7	t	\N	2024-05-21 15:16:17.988328+08	\N	2024-05-21 15:16:17.988328+08	中国事业部门	HB000050	f	f	f	f	f	f	6c0fede4-5e42-43e4-bada-c60d790aff6b	b3046e20-2867-461a-af48-d32713befc29
c142f6a8-b5d8-4842-8a88-2b5a0bfe52ef	t	\N	2024-05-21 15:16:17.989325+08	\N	2024-05-21 15:16:17.989325+08	建机 研发	HB000055	f	f	f	f	f	f	6c0fede4-5e42-43e4-bada-c60d790aff6b	b3046e20-2867-461a-af48-d32713befc29
cce20150-6fc6-4ea9-8663-7eced2d66e8d	t	\N	2024-05-21 15:16:17.990322+08	\N	2024-05-21 15:16:17.990322+08	建机 研发 中国研发 测试部	HB000056	f	f	f	f	f	f	6c0fede4-5e42-43e4-bada-c60d790aff6b	dd5e91f0-c459-4874-b93e-fa800f68e3ce
5b1efb26-5e1e-4c52-9016-bf2261deec28	t	\N	2024-05-21 15:16:17.991319+08	\N	2024-05-21 15:16:17.991319+08	建机 研发 中国研发 测试部 装载机测试课	HB000057	f	f	f	f	f	f	6c0fede4-5e42-43e4-bada-c60d790aff6b	cce20150-6fc6-4ea9-8663-7eced2d66e8d
5e0de942-0c75-478a-be09-2cc432848827	t	\N	2024-05-21 15:16:17.994312+08	\N	2024-05-21 15:16:17.994312+08	建机 研发 中国研发 装载机设计部 装载机设计2课	HB000060	f	f	f	f	f	f	6c0fede4-5e42-43e4-bada-c60d790aff6b	02e36204-128a-40bd-9556-05fe1eadf395
812242f8-c8c3-4db9-b2d7-819b3c9284bd	t	\N	2024-05-21 15:16:17.995309+08	\N	2024-05-21 15:16:17.995309+08	建机 研发 中国研发 装载机设计部 装载机设计1课	HB000061	f	f	f	f	f	f	6c0fede4-5e42-43e4-bada-c60d790aff6b	02e36204-128a-40bd-9556-05fe1eadf395
dd72e380-ef8f-4671-a1d0-a4360c0fa5f3	t	\N	2024-05-21 15:16:17.997304+08	\N	2024-05-21 15:16:17.997304+08	中国事业部门 AM/PS/旋挖钻 AM部	HB000065	f	f	f	f	f	f	6c0fede4-5e42-43e4-bada-c60d790aff6b	11f4f9f1-c78c-4b37-a7d7-faf707efa4ee
e1984144-346c-4798-bf66-6433091ee5d9	t	\N	2024-05-21 15:16:17.998303+08	\N	2024-05-21 15:16:17.998303+08	人事部	HB000066	f	f	f	f	f	f	6c0fede4-5e42-43e4-bada-c60d790aff6b	cc5e0405-326c-4d7c-9ff2-9f357840f4b7
6d16faa2-3ee4-44f8-a9ac-3ee9014d3e22	t	\N	2024-05-21 15:16:18.000297+08	\N	2024-05-21 15:16:18.000297+08	中国营业/AM/PS	HB000067	f	f	f	f	f	f	6c0fede4-5e42-43e4-bada-c60d790aff6b	cc5e0405-326c-4d7c-9ff2-9f357840f4b7
dd5e91f0-c459-4874-b93e-fa800f68e3ce	t	\N	2024-05-21 15:16:18.001293+08	\N	2024-05-21 15:16:18.001293+08	建机 研发 中国研发	HB000068	f	f	f	f	f	f	6c0fede4-5e42-43e4-bada-c60d790aff6b	c142f6a8-b5d8-4842-8a88-2b5a0bfe52ef
41a893ef-4731-4c4f-b7a8-d2cca64206a1	t	\N	2024-05-21 15:16:18.016255+08	\N	2024-05-21 15:16:18.016255+08	中国事业部门 AM/PS/旋挖钻 PS部	HB000069	f	f	f	f	f	f	6c0fede4-5e42-43e4-bada-c60d790aff6b	11f4f9f1-c78c-4b37-a7d7-faf707efa4ee
076dbcbb-3111-45f7-a902-386bd68b1dd0	t	\N	2024-05-21 15:16:18.017251+08	\N	2024-05-21 15:16:18.017251+08	人事部 人才开发课	HB000072	f	f	f	f	f	f	6c0fede4-5e42-43e4-bada-c60d790aff6b	e1984144-346c-4798-bf66-6433091ee5d9
11f4f9f1-c78c-4b37-a7d7-faf707efa4ee	t	\N	2024-05-21 15:16:18.020244+08	\N	2024-05-21 15:16:18.020244+08	中国事业部门 AM/PS/旋挖钻	HB000075	f	f	f	f	f	f	6c0fede4-5e42-43e4-bada-c60d790aff6b	cc5e0405-326c-4d7c-9ff2-9f357840f4b7
c6cfb8a6-2c55-4934-ac07-7f48acd53b6d	t	\N	2024-05-21 15:16:18.022238+08	\N	2024-05-21 15:16:18.022238+08	中国事业部门 AM/PS/旋挖钻 AM部 AM营业课	HB000076	f	f	f	f	f	f	6c0fede4-5e42-43e4-bada-c60d790aff6b	dd72e380-ef8f-4671-a1d0-a4360c0fa5f3
83107ce3-ca8c-4dcc-ba6d-f7a521c5d83e	t	\N	2024-05-21 15:16:18.023235+08	\N	2024-05-21 15:16:18.023235+08	中国事业部门 AM/PS/旋挖钻 AM部 AM采购课	HB000077	f	f	f	f	f	f	6c0fede4-5e42-43e4-bada-c60d790aff6b	dd72e380-ef8f-4671-a1d0-a4360c0fa5f3
c7774a6a-5240-4e48-bfc4-f041e0cc8567	t	\N	2024-05-21 15:16:18.024233+08	\N	2024-05-21 15:16:18.024233+08	中国事业部门 AM/PS/旋挖钻 AM部 AM市场课	HB000078	f	f	f	f	f	f	6c0fede4-5e42-43e4-bada-c60d790aff6b	dd72e380-ef8f-4671-a1d0-a4360c0fa5f3
b52c187f-2205-480c-8162-485e19604368	t	\N	2024-05-21 15:16:18.026229+08	\N	2024-05-21 15:16:18.026229+08	中国事业部门 AM/PS/旋挖钻 AM部 AM物流课	HB000079	f	f	f	f	f	f	6c0fede4-5e42-43e4-bada-c60d790aff6b	dd72e380-ef8f-4671-a1d0-a4360c0fa5f3
250f7bb4-f2c3-4562-b42a-95ebc2863b04	t	\N	2024-05-21 15:16:18.028224+08	\N	2024-05-21 15:16:18.028224+08	中国事业部门 AM/PS/旋挖钻 PS部 装载机&特殊装备运营课	HB000129	f	f	f	f	f	f	6c0fede4-5e42-43e4-bada-c60d790aff6b	41a893ef-4731-4c4f-b7a8-d2cca64206a1
b0584837-7f25-477a-b30b-4e1ee37bc34d	t	\N	2024-05-21 15:16:18.031214+08	\N	2024-05-21 15:16:18.031214+08	装载机事业 采购课	HB000131	f	f	f	f	f	f	6c0fede4-5e42-43e4-bada-c60d790aff6b	37108c9e-3bae-41af-8fee-13095f42a994
37108c9e-3bae-41af-8fee-13095f42a994	t	\N	2024-05-21 15:16:18.032211+08	\N	2024-05-21 15:16:18.032211+08	装载机事业	HB001014	f	f	f	f	f	f	6c0fede4-5e42-43e4-bada-c60d790aff6b	cc5e0405-326c-4d7c-9ff2-9f357840f4b7
32c34c25-91b3-4ac1-b8f4-6e02147626df	t	\N	2024-05-21 15:16:18.033209+08	\N	2024-05-21 15:16:18.033209+08	装载机事业 装载机市场部	HB001016	f	f	f	f	f	f	6c0fede4-5e42-43e4-bada-c60d790aff6b	37108c9e-3bae-41af-8fee-13095f42a994
cbcdb023-d379-40e5-aba9-c5dbdd1f5bd6	t	\N	2024-05-21 15:16:18.033209+08	\N	2024-05-21 15:16:18.033209+08	装载机事业 装载机销售部	HB001020	f	f	f	f	f	f	6c0fede4-5e42-43e4-bada-c60d790aff6b	37108c9e-3bae-41af-8fee-13095f42a994
dfcf008f-3fb9-4abd-9009-af2cddde36a0	t	\N	2024-05-21 15:16:18.034206+08	\N	2024-05-21 15:16:18.034206+08	装载机事业 装载机销售部 营业2课	HB001021	f	f	f	f	f	f	6c0fede4-5e42-43e4-bada-c60d790aff6b	cbcdb023-d379-40e5-aba9-c5dbdd1f5bd6
e3aa47f7-3426-41e8-9424-5ae30ac5da53	t	\N	2024-05-21 15:16:18.035203+08	\N	2024-05-21 15:16:18.035203+08	装载机事业 装载机市场部 出口课	HB001024	f	f	f	f	f	f	6c0fede4-5e42-43e4-bada-c60d790aff6b	32c34c25-91b3-4ac1-b8f4-6e02147626df
110ac9be-1881-496c-8fb0-3d2d9ecd666a	t	\N	2024-05-21 15:16:18.036201+08	\N	2024-05-21 15:16:18.036201+08	建机 研发 中国研发 测试部 装载机测试课 测试组	HB0G4710	f	f	f	f	f	f	6c0fede4-5e42-43e4-bada-c60d790aff6b	5b1efb26-5e1e-4c52-9016-bf2261deec28
ee67819e-5e66-4371-b08c-bbfeb39d74ef	t	\N	2024-05-21 15:16:18.037198+08	\N	2024-05-21 15:16:18.037198+08	装载机事业 装载机市场部 市场课	HB0K4100	f	f	f	f	f	f	6c0fede4-5e42-43e4-bada-c60d790aff6b	32c34c25-91b3-4ac1-b8f4-6e02147626df
cead40c9-e89e-4974-9ee2-02112714c97b	t	\N	2024-05-21 15:16:18.038195+08	\N	2024-05-21 15:16:18.038195+08	装载机销售部	HB0K8000	f	f	f	f	f	f	6c0fede4-5e42-43e4-bada-c60d790aff6b	cc5e0405-326c-4d7c-9ff2-9f357840f4b7
807a5b5c-d8ef-41c7-abe9-a1713d1f1a1d	t	\N	2024-05-21 15:16:18.042185+08	\N	2024-05-21 15:16:18.042185+08	挖掘机营业	HD001012	f	f	f	f	f	f	6c0fede4-5e42-43e4-bada-c60d790aff6b	90868a48-c3b4-49c0-8d13-7fde9ac82765
580af8c1-6d59-442b-b7cd-4737d8fcb1e5	t	\N	2024-05-21 15:16:18.044181+08	\N	2024-05-21 15:16:18.044181+08	中国事业部门 装载机/特殊装备事业	HD001025	f	f	f	f	f	f	6c0fede4-5e42-43e4-bada-c60d790aff6b	90868a48-c3b4-49c0-8d13-7fde9ac82765
d38ba5b3-cc57-4450-b070-56e5711d4a1e	t	\N	2024-05-21 15:16:18.046175+08	\N	2024-05-21 15:16:18.046175+08	装载机事业 装载机市场部	HD001026	f	f	f	f	f	f	6c0fede4-5e42-43e4-bada-c60d790aff6b	580af8c1-6d59-442b-b7cd-4737d8fcb1e5
cd5568b0-9983-4fd0-88f1-871452899383	t	\N	2024-05-21 15:16:18.047172+08	\N	2024-05-21 15:16:18.047172+08	中国事业部门 装载机/特殊装备事业 出口课	HD001027	f	f	f	f	f	f	6c0fede4-5e42-43e4-bada-c60d790aff6b	580af8c1-6d59-442b-b7cd-4737d8fcb1e5
9eb7191b-7a2c-4de2-9353-fda5a38b0fb5	t	\N	2024-05-21 15:16:18.048169+08	\N	2024-05-21 15:16:18.048169+08	中国事业部门 AM/PS/旋挖钻 旋挖钻事业部 旋挖钻营业2课	HD001031	f	f	f	f	f	f	6c0fede4-5e42-43e4-bada-c60d790aff6b	f8f9abb5-b5a0-4849-a8e0-51d99a26b627
9da97e0b-851b-4b47-a628-be5dd90306ef	t	\N	2024-05-21 15:16:18.050164+08	\N	2024-05-21 15:16:18.050164+08	中国事业部门 装载机/特殊装备事业 特殊装备事业部 营业支援课	HD001032	f	f	f	f	f	f	6c0fede4-5e42-43e4-bada-c60d790aff6b	f8f9abb5-b5a0-4849-a8e0-51d99a26b627
a6e00caa-6fba-4122-aecc-8cb70f80fc8c	t	\N	2024-05-21 15:16:18.051161+08	\N	2024-05-21 15:16:18.051161+08	中国运营 中国生产 生产部 挖掘机3课 7职 6组	HD001033	f	f	f	f	f	f	6c0fede4-5e42-43e4-bada-c60d790aff6b	fa2a4daf-98e7-4259-8bef-cd70c4da7440
8b8e925e-39c5-41fe-8270-2a49ce162f2b	t	\N	2024-05-21 15:16:18.05221+08	\N	2024-05-21 15:16:18.05221+08	中国事业部门 新品牌转换TFT	HD001043	f	f	f	f	f	f	6c0fede4-5e42-43e4-bada-c60d790aff6b	90868a48-c3b4-49c0-8d13-7fde9ac82765
5bc8d3ef-ac4c-46ad-8c6e-d037b1bcb581	t	\N	2024-05-21 15:16:18.05317+08	\N	2024-05-21 15:16:18.05317+08	中国事业部门 AM/PS/旋挖钻 PS部 代理商支援2课	HD001044	f	f	f	f	f	f	6c0fede4-5e42-43e4-bada-c60d790aff6b	fe53e09f-3634-41d7-bc6d-78545bfe3785
7367c3e6-f4af-4995-a449-74d6b3dbe225	t	\N	2024-05-21 15:16:18.054046+08	\N	2024-05-21 15:16:18.054046+08	中国事业部门 矿山客户开发TFT	HD001048	f	f	f	f	f	f	6c0fede4-5e42-43e4-bada-c60d790aff6b	90868a48-c3b4-49c0-8d13-7fde9ac82765
c3a4f120-846a-4224-80e8-e656ce211c04	t	\N	2024-05-21 15:16:18.055927+08	\N	2024-05-21 15:16:18.055927+08	中国事业部门 装载机/特殊装备事业 采购课	HD001073	f	f	f	f	f	f	6c0fede4-5e42-43e4-bada-c60d790aff6b	580af8c1-6d59-442b-b7cd-4737d8fcb1e5
f9dc5ee1-366d-49b3-9df2-86f89229939e	t	\N	2024-05-21 15:16:18.056925+08	\N	2024-05-21 15:16:18.056925+08	装载机事业 装载机销售部 营业1课	HD001074	f	f	f	f	f	f	6c0fede4-5e42-43e4-bada-c60d790aff6b	a5185c91-676c-4d9c-b512-9cc61e0aa985
bf944031-8a3f-4bc2-96c5-52cc85cf8ae6	t	\N	2024-05-21 15:16:18.058922+08	\N	2024-05-21 15:16:18.058922+08	中国事业部门 装载机/特殊装备事业 装载机营销部 直营课	HD001075	f	f	f	f	f	f	6c0fede4-5e42-43e4-bada-c60d790aff6b	a5185c91-676c-4d9c-b512-9cc61e0aa985
4e623db7-0294-4013-9bda-3987af628721	t	\N	2024-05-21 15:16:18.060914+08	\N	2024-05-21 15:16:18.060914+08	中国事业部门 AM/PS/旋挖钻 PS部 装载机&特殊装备运营课 机动班	HD001077	f	f	f	f	f	f	6c0fede4-5e42-43e4-bada-c60d790aff6b	932aaf98-e192-432a-9c0f-5166c823baf2
85b08788-ffb8-45e3-903c-634b11908680	t	\N	2024-05-21 15:16:18.061911+08	\N	2024-05-21 15:16:18.061911+08	中国运营 中国研发 测试部 装载机测试课	HD001079	f	f	f	f	f	f	6c0fede4-5e42-43e4-bada-c60d790aff6b	52092493-3a53-49c8-8eb2-d706f95aadc1
340269fd-2117-4c87-aff8-f52a54ccb29e	t	\N	2024-05-21 15:16:18.065901+08	\N	2024-05-21 15:16:18.065901+08	中国运营 中国研发 装载机设计部	HD001081	f	f	f	f	f	f	6c0fede4-5e42-43e4-bada-c60d790aff6b	bc13e378-90b9-4797-91ca-91301e3f7ec8
a52c9791-867b-4504-8891-2d00563e89b0	t	\N	2024-05-21 15:16:18.067895+08	\N	2024-05-21 15:16:18.067895+08	中国运营 中国研发 装载机设计部 装载机设计2课	HD001083	f	f	f	f	f	f	6c0fede4-5e42-43e4-bada-c60d790aff6b	340269fd-2117-4c87-aff8-f52a54ccb29e
06cfa119-ca0f-4a3a-93d8-e0ed3bf3da0f	t	\N	2024-05-21 15:16:18.068893+08	\N	2024-05-21 15:16:18.068893+08	挖掘机营业 超大型事业部	HD001088	f	f	f	f	f	f	6c0fede4-5e42-43e4-bada-c60d790aff6b	807a5b5c-d8ef-41c7-abe9-a1713d1f1a1d
aaab8ae8-2b3d-4878-881d-4ebf49454d60	t	\N	2024-05-21 15:16:18.06989+08	\N	2024-05-21 15:16:18.06989+08	中国事业部门 中国HR	HD001108	f	f	f	f	f	f	6c0fede4-5e42-43e4-bada-c60d790aff6b	90868a48-c3b4-49c0-8d13-7fde9ac82765
645985a6-c04b-4c09-929b-a5c513059e0d	t	\N	2024-05-21 15:16:18.070889+08	\N	2024-05-21 15:16:18.070889+08	中国事业部门 中国HR 人事运营部	HD001110	f	f	f	f	f	f	6c0fede4-5e42-43e4-bada-c60d790aff6b	aaab8ae8-2b3d-4878-881d-4ebf49454d60
a38dbe47-4373-49e9-9e83-ce6ee48c608d	t	\N	2024-05-21 15:16:18.072883+08	\N	2024-05-21 15:16:18.072883+08	中国事业部门 中国HR 人事运营部 薪酬支援课	HD001111	f	f	f	f	f	f	6c0fede4-5e42-43e4-bada-c60d790aff6b	645985a6-c04b-4c09-929b-a5c513059e0d
f8543220-6d6b-47a7-b61a-f160c458fe21	t	\N	2024-05-21 15:16:18.07388+08	\N	2024-05-21 15:16:18.07388+08	中国运营	HD001121	f	f	f	f	f	f	6c0fede4-5e42-43e4-bada-c60d790aff6b	90868a48-c3b4-49c0-8d13-7fde9ac82765
3eee5b3e-9a73-4360-bdd6-7260a0b564de	t	\N	2024-05-21 15:16:18.074877+08	\N	2024-05-21 15:16:18.074877+08	挖掘机营业 矿山客户开发部	HD001128	f	f	f	f	f	f	6c0fede4-5e42-43e4-bada-c60d790aff6b	807a5b5c-d8ef-41c7-abe9-a1713d1f1a1d
6cce6263-d2b0-4d69-abe3-2db1706d4c10	t	\N	2024-05-21 15:16:18.078161+08	\N	2024-05-21 15:16:18.078161+08	中国事业部门 AM/PS AM	HD001132	f	f	f	f	f	f	6c0fede4-5e42-43e4-bada-c60d790aff6b	7b3c37e5-af18-477a-8fdb-64b9c249a783
64d25805-099f-45e2-bc3f-5a4be288b2fb	t	\N	2024-05-21 15:16:18.0792+08	\N	2024-05-21 15:16:18.0792+08	中国事业部门 AM/PS AM AM营业部	HD001134	f	f	f	f	f	f	6c0fede4-5e42-43e4-bada-c60d790aff6b	6cce6263-d2b0-4d69-abe3-2db1706d4c10
658684cd-1b4a-471c-8558-a26a27e52ddb	t	\N	2024-05-21 15:16:18.080195+08	\N	2024-05-21 15:16:18.080195+08	中国事业部门 AM/PS AM AM运营部	HD001135	f	f	f	f	f	f	6c0fede4-5e42-43e4-bada-c60d790aff6b	6cce6263-d2b0-4d69-abe3-2db1706d4c10
5108961a-4940-4936-bd64-8f62e9650896	t	\N	2024-05-21 15:16:18.081193+08	\N	2024-05-21 15:16:18.081193+08	中国事业部门 AM/PS PS	HD001136	f	f	f	f	f	f	6c0fede4-5e42-43e4-bada-c60d790aff6b	7b3c37e5-af18-477a-8fdb-64b9c249a783
2760261e-ee92-442d-ab44-2996be926b0c	t	\N	2024-05-21 15:16:18.082193+08	\N	2024-05-21 15:16:18.082193+08	中国事业部门 AM/PS PS PS运营部	HD001137	f	f	f	f	f	f	6c0fede4-5e42-43e4-bada-c60d790aff6b	5108961a-4940-4936-bd64-8f62e9650896
c2a37f04-8d07-442b-8f6f-79b49efdf1e1	t	\N	2024-05-21 15:16:18.083164+08	\N	2024-05-21 15:16:18.083164+08	中国事业部门 AM/PS PS 代理商支援部	HD001138	f	f	f	f	f	f	6c0fede4-5e42-43e4-bada-c60d790aff6b	5108961a-4940-4936-bd64-8f62e9650896
6eeb4f07-7bf0-40f2-8aa5-8e911372069e	t	\N	2024-05-21 15:16:18.084173+08	\N	2024-05-21 15:16:18.084173+08	中国事业部门 AM/PS AM AM运营部 AM PE课	HD001139	f	f	f	f	f	f	6c0fede4-5e42-43e4-bada-c60d790aff6b	658684cd-1b4a-471c-8558-a26a27e52ddb
27f5cd1e-33a2-4af3-ada4-4f2a1d83edf1	t	\N	2024-05-21 15:16:18.08516+08	\N	2024-05-21 15:16:18.08516+08	中国事业部门 AM/PS PS 代理商支援部 代理商支援课	HD001140	f	f	f	f	f	f	6c0fede4-5e42-43e4-bada-c60d790aff6b	c2a37f04-8d07-442b-8f6f-79b49efdf1e1
6374aac4-39ad-47b2-b572-72aa26313c87	t	\N	2024-05-21 15:16:18.086142+08	\N	2024-05-21 15:16:18.086142+08	中国采购 采购	HD001162	f	f	f	f	f	f	6c0fede4-5e42-43e4-bada-c60d790aff6b	6692b7dc-4ba4-4bab-8696-3b0327438c43
ed30575b-5f1d-4da1-9cb2-574070226561	t	\N	2024-05-21 15:16:18.08714+08	\N	2024-05-21 15:16:18.08714+08	支社营业 东南支社 东部大区	HD010001	f	f	f	f	f	f	6c0fede4-5e42-43e4-bada-c60d790aff6b	ae51c78b-5525-493d-a89d-b1c61cc68b7b
874f2d75-d7ba-4c6f-8d2d-4598d9f13ce8	t	\N	2024-05-21 15:16:18.089137+08	\N	2024-05-21 15:16:18.089137+08	支社营业 西北支社 西部大区	HD010002	f	f	f	f	f	f	6c0fede4-5e42-43e4-bada-c60d790aff6b	4dea4239-8108-4068-a3bc-65d9759fd4c8
3c4e032d-f9f4-45a0-99ca-fa6ac60a5303	t	\N	2024-05-21 15:16:18.091129+08	\N	2024-05-21 15:16:18.091129+08	挖掘机营业 华中支社	HD010012	f	f	f	f	f	f	6c0fede4-5e42-43e4-bada-c60d790aff6b	807a5b5c-d8ef-41c7-abe9-a1713d1f1a1d
013c491d-f6c6-4189-9d5b-87cec15b681f	t	\N	2024-05-21 15:16:18.094123+08	\N	2024-05-21 15:16:18.094123+08	挖掘机营业 市场部	HD010014	f	f	f	f	f	f	6c0fede4-5e42-43e4-bada-c60d790aff6b	807a5b5c-d8ef-41c7-abe9-a1713d1f1a1d
7433e264-f0d7-447a-8cb1-fda450ef8249	t	\N	2024-05-21 15:16:18.096117+08	\N	2024-05-21 15:16:18.096117+08	中国运营 中国生产 生产管理部 物流课	HD010016	f	f	f	f	f	f	6c0fede4-5e42-43e4-bada-c60d790aff6b	b0840800-abb2-4f53-8eb3-053056869bfa
0d99100d-a2f1-4579-9fb8-e21e30ad7b15	t	\N	2024-05-21 15:16:18.097113+08	\N	2024-05-21 15:16:18.097113+08	中国运营 中国生产 EHS部 安全课 EHS组	HD010017	f	f	f	f	f	f	6c0fede4-5e42-43e4-bada-c60d790aff6b	ef529a0b-b1db-440d-a3d4-2a74c713d40a
dc6bc6c4-60d8-4513-a425-38447632f9b9	t	\N	2024-05-21 15:16:18.098148+08	\N	2024-05-21 15:16:18.098148+08	中国采购 采购 采购部 焊接&加工课	HD020004	f	f	f	f	f	f	6c0fede4-5e42-43e4-bada-c60d790aff6b	491d07d9-0be2-4c6c-a840-acaa976a68cf
2fa0c33e-6db0-486b-88fa-593eb2ef784a	t	\N	2024-05-21 15:16:18.099108+08	\N	2024-05-21 15:16:18.099108+08	中国采购 采购 采购部 液压&性能品课	HD020005	f	f	f	f	f	f	6c0fede4-5e42-43e4-bada-c60d790aff6b	491d07d9-0be2-4c6c-a840-acaa976a68cf
cded407a-0271-41eb-bccd-80da52c26dee	t	\N	2024-05-21 15:16:18.101103+08	\N	2024-05-21 15:16:18.101103+08	中国采购 采购 供应商发展部 资材调达课	HD020006	f	f	f	f	f	f	6c0fede4-5e42-43e4-bada-c60d790aff6b	2df8df2e-75eb-486d-911a-5819c1cc2a13
6692b7dc-4ba4-4bab-8696-3b0327438c43	t	\N	2024-05-21 15:16:18.102101+08	\N	2024-05-21 15:16:18.102101+08	中国采购	HD020009	f	f	f	f	f	f	6c0fede4-5e42-43e4-bada-c60d790aff6b	b5d1916b-3441-4611-abb3-491cf63d9b99
51657424-e86f-4c6d-82c1-cb3666fa1138	t	\N	2024-05-21 15:16:18.104098+08	\N	2024-05-21 15:16:18.104098+08	品质部门	HD020010	f	f	f	f	f	f	6c0fede4-5e42-43e4-bada-c60d790aff6b	b5d1916b-3441-4611-abb3-491cf63d9b99
ea3fd131-7bd5-45a9-a2f4-efbbf9e53b8d	t	\N	2024-05-21 15:16:18.107087+08	\N	2024-05-21 15:16:18.107087+08	中国事业部门 AM/PS AM AM营业部 AM市场课	HD020018	f	f	f	f	f	f	6c0fede4-5e42-43e4-bada-c60d790aff6b	64d25805-099f-45e2-bc3f-5a4be288b2fb
bbd89d20-7864-48af-bae1-e18d162f3f50	t	\N	2024-05-21 15:16:18.108086+08	\N	2024-05-21 15:16:18.108086+08	中国运营 管理部 总务/宣传课	HD020027	f	f	f	f	f	f	6c0fede4-5e42-43e4-bada-c60d790aff6b	e3f7f28d-585f-46af-9168-dd05aafe505d
1c1e045c-965d-4af3-99da-3e38e80ad4f7	t	\N	2024-05-21 15:16:18.110083+08	\N	2024-05-21 15:16:18.110083+08	中国运营 管理部 管理课 设施维护2组	HD020029	f	f	f	f	f	f	6c0fede4-5e42-43e4-bada-c60d790aff6b	5148a4df-225f-4a23-b4a7-2f62ec1a9e36
90868a48-c3b4-49c0-8d13-7fde9ac82765	t	\N	2024-05-21 15:16:18.112075+08	\N	2024-05-21 15:16:18.112075+08	中国事业部门	HD020046	f	f	f	f	f	f	6c0fede4-5e42-43e4-bada-c60d790aff6b	b5d1916b-3441-4611-abb3-491cf63d9b99
0e4bc491-60dd-42cd-9171-5bbdc201d0bc	t	\N	2024-05-21 15:16:18.113071+08	\N	2024-05-21 15:16:18.113071+08	中国运营 中国生产 生产部	HD020052	f	f	f	f	f	f	6c0fede4-5e42-43e4-bada-c60d790aff6b	99e25000-59e5-465a-8758-e7fae5c3b1fc
9ca79145-18a4-41f8-83e5-32790c926175	t	\N	2024-05-21 15:16:18.115202+08	\N	2024-05-21 15:16:18.115202+08	中国运营 中国生产 生产部 挖掘机3课	HD020054	f	f	f	f	f	f	6c0fede4-5e42-43e4-bada-c60d790aff6b	0e4bc491-60dd-42cd-9171-5bbdc201d0bc
1033af4a-68a7-4fdd-85bc-ff198b411b35	t	\N	2024-05-21 15:16:18.116238+08	\N	2024-05-21 15:16:18.116238+08	品质部门 品质部	HD020056	f	f	f	f	f	f	6c0fede4-5e42-43e4-bada-c60d790aff6b	51657424-e86f-4c6d-82c1-cb3666fa1138
362992c8-3d3c-4f06-b4e6-451dedf02ee1	t	\N	2024-05-21 15:16:18.117236+08	\N	2024-05-21 15:16:18.117236+08	中国运营 中国品质 产品品质部 部品品质课	HD020057	f	f	f	f	f	f	6c0fede4-5e42-43e4-bada-c60d790aff6b	55f66b2e-d9a6-4be6-8ce9-9fbee64078f7
459a1e71-2721-450b-b4a1-bca743b72e9b	t	\N	2024-05-21 15:16:18.119192+08	\N	2024-05-21 15:16:18.119192+08	中国运营 中国品质 产品品质部 工序品质课	HD020058	f	f	f	f	f	f	6c0fede4-5e42-43e4-bada-c60d790aff6b	55f66b2e-d9a6-4be6-8ce9-9fbee64078f7
f57c894c-0cd5-4ee3-8c62-c79f2214786e	t	\N	2024-05-21 15:16:18.12019+08	\N	2024-05-21 15:16:18.12019+08	支社营业 中央支社 永弘大区	HD020059	f	f	f	f	f	f	6c0fede4-5e42-43e4-bada-c60d790aff6b	a60987fc-b3fc-4772-bcdb-7d28aefee107
038b75b2-b735-4d19-8394-426cb57fb0d1	t	\N	2024-05-21 15:16:18.122184+08	\N	2024-05-21 15:16:18.122184+08	支社营业 西南支社 千里马大区	HD020060	f	f	f	f	f	f	6c0fede4-5e42-43e4-bada-c60d790aff6b	d9c5cc1f-4aed-4298-b8de-282503ee4440
1370b84c-afb1-46a5-946d-1a7c7a91ca11	t	\N	2024-05-21 15:16:18.123183+08	\N	2024-05-21 15:16:18.123183+08	中国事业部门 AM/PS/旋挖钻 AM部	HD020061	f	f	f	f	f	f	6c0fede4-5e42-43e4-bada-c60d790aff6b	7b3c37e5-af18-477a-8fdb-64b9c249a783
52092493-3a53-49c8-8eb2-d706f95aadc1	t	\N	2024-05-21 15:16:18.12418+08	\N	2024-05-21 15:16:18.12418+08	中国运营 中国研发 测试部	HD020062	f	f	f	f	f	f	6c0fede4-5e42-43e4-bada-c60d790aff6b	bc13e378-90b9-4797-91ca-91301e3f7ec8
a9eb0d41-e3a0-4092-9165-9e9465a82857	t	\N	2024-05-21 15:16:18.126175+08	\N	2024-05-21 15:16:18.126175+08	建机 研发	HD020063	f	f	f	f	f	f	6c0fede4-5e42-43e4-bada-c60d790aff6b	b5d1916b-3441-4611-abb3-491cf63d9b99
a47ed725-d8d8-424c-a1ee-da0608328787	t	\N	2024-05-21 15:16:18.129169+08	\N	2024-05-21 15:16:18.129169+08	中国运营 中国研发 测试部 挖掘机测试1课	HD020066	f	f	f	f	f	f	6c0fede4-5e42-43e4-bada-c60d790aff6b	52092493-3a53-49c8-8eb2-d706f95aadc1
3e212c0a-2cc4-4d3e-85ad-7b948f85c8c1	t	\N	2024-05-21 15:16:18.130267+08	\N	2024-05-21 15:16:18.130267+08	中国运营 中国研发 挖掘机设计部 设计管理课	HD020071	f	f	f	f	f	f	6c0fede4-5e42-43e4-bada-c60d790aff6b	2de73a50-6390-4b04-a050-8649aab7108a
3b2d3660-b164-4a70-b253-c6e5211cc542	t	\N	2024-05-21 15:16:18.131258+08	\N	2024-05-21 15:16:18.131258+08	中国运营 中国研发 挖掘机设计部 设计革新2课	HD020072	f	f	f	f	f	f	6c0fede4-5e42-43e4-bada-c60d790aff6b	2de73a50-6390-4b04-a050-8649aab7108a
420eb1a5-712c-4f02-8eb5-945e62931660	t	\N	2024-05-21 15:16:18.133227+08	\N	2024-05-21 15:16:18.133227+08	中国运营 中国研发 测试部 挖掘机测试1课 挖掘机测试组	HD020075	f	f	f	f	f	f	6c0fede4-5e42-43e4-bada-c60d790aff6b	a47ed725-d8d8-424c-a1ee-da0608328787
b0987c78-7086-4760-b1df-56884280e7b2	t	\N	2024-05-21 15:16:18.136222+08	\N	2024-05-21 15:16:18.136222+08	中国运营 中国生产 生产部 挖掘机3课 7职 3组	HD020079	f	f	f	f	f	f	6c0fede4-5e42-43e4-bada-c60d790aff6b	fa2a4daf-98e7-4259-8bef-cd70c4da7440
aba98cf1-9cf7-4a34-acdb-08867ad74437	t	\N	2024-05-21 15:16:18.138215+08	\N	2024-05-21 15:16:18.138215+08	中国运营 中国生产 生产部 挖掘机3课 7职 1组	HD020080	f	f	f	f	f	f	6c0fede4-5e42-43e4-bada-c60d790aff6b	fa2a4daf-98e7-4259-8bef-cd70c4da7440
c9a78a4f-b5d7-4465-8096-92ea467bc134	t	\N	2024-05-21 15:16:18.139212+08	\N	2024-05-21 15:16:18.139212+08	中国运营 中国生产 生产部 挖掘机3课 7职 2组	HD020081	f	f	f	f	f	f	6c0fede4-5e42-43e4-bada-c60d790aff6b	fa2a4daf-98e7-4259-8bef-cd70c4da7440
03280053-df87-4473-b2fa-07b88c8acc0c	t	\N	2024-05-21 15:16:18.141206+08	\N	2024-05-21 15:16:18.141206+08	中国运营 中国生产 生产部 挖掘机1课 1职	HD020083	f	f	f	f	f	f	6c0fede4-5e42-43e4-bada-c60d790aff6b	7870da62-e37e-4c7a-bdb4-840365a4941c
73fb3d83-1f4b-4b65-8d89-a4e51aabad48	t	\N	2024-05-21 15:16:18.142203+08	\N	2024-05-21 15:16:18.142203+08	中中国运营 国生产 生产部 挖掘机1课 1职 1组	HD020084	f	f	f	f	f	f	6c0fede4-5e42-43e4-bada-c60d790aff6b	03280053-df87-4473-b2fa-07b88c8acc0c
238bdcf7-c06c-4736-bae4-1df794f6c92f	t	\N	2024-05-21 15:16:18.144199+08	\N	2024-05-21 15:16:18.144199+08	中国生产 生产部 挖掘机1课 1职 3组	HD020085	f	f	f	f	f	f	6c0fede4-5e42-43e4-bada-c60d790aff6b	03280053-df87-4473-b2fa-07b88c8acc0c
ed2f74bf-3569-4b5a-b2be-03bb03626304	t	\N	2024-05-21 15:16:18.145197+08	\N	2024-05-21 15:16:18.145197+08	中国运营 中国生产 生产部 挖掘机1课 1职 2组	HD020086	f	f	f	f	f	f	6c0fede4-5e42-43e4-bada-c60d790aff6b	03280053-df87-4473-b2fa-07b88c8acc0c
09a4504d-f02f-4cf4-b77b-c9a98ac45b35	t	\N	2024-05-21 15:16:18.14719+08	\N	2024-05-21 15:16:18.14719+08	中国运营 中国生产 生产部 挖掘机1课 2职 1组	HD020088	f	f	f	f	f	f	6c0fede4-5e42-43e4-bada-c60d790aff6b	40d544be-fc33-4300-9caf-c90f14875c01
71864559-0bf3-4dc1-91d8-4f3a2b8f2045	t	\N	2024-05-21 15:16:18.149185+08	\N	2024-05-21 15:16:18.149185+08	中国运营 中国生产 生产部 挖掘机1课 2职 2组	HD020089	f	f	f	f	f	f	6c0fede4-5e42-43e4-bada-c60d790aff6b	40d544be-fc33-4300-9caf-c90f14875c01
f70fcf6b-f0ee-4832-b118-b82f1abe5380	t	\N	2024-05-21 15:16:18.152178+08	\N	2024-05-21 15:16:18.152178+08	中国运营 中国生产 生产部 挖掘机1课 3职	HD020091	f	f	f	f	f	f	6c0fede4-5e42-43e4-bada-c60d790aff6b	7870da62-e37e-4c7a-bdb4-840365a4941c
ce5ac698-191c-4892-b953-ab02ed2d1d8f	t	\N	2024-05-21 15:16:18.154026+08	\N	2024-05-21 15:16:18.154026+08	中国运营 中国生产 生产部 挖掘机2课 4职 1组	HD020092	f	f	f	f	f	f	6c0fede4-5e42-43e4-bada-c60d790aff6b	eec3967d-bed1-4bc6-90fc-30caf45d3bba
fac5750d-72e6-4d03-978c-2e2a4fcecab9	t	\N	2024-05-21 15:16:18.15708+08	\N	2024-05-21 15:16:18.15708+08	中国运营 中国生产 生产部 挖掘机2课 4职 2组	HD020093	f	f	f	f	f	f	6c0fede4-5e42-43e4-bada-c60d790aff6b	eec3967d-bed1-4bc6-90fc-30caf45d3bba
36ca85db-55bd-4df3-b1c4-9ea961160a37	t	\N	2024-05-21 15:16:18.160738+08	\N	2024-05-21 15:16:18.160738+08	中国运营 中国生产 生产部 挖掘机1课 3职 1组	HD020094	f	f	f	f	f	f	6c0fede4-5e42-43e4-bada-c60d790aff6b	f70fcf6b-f0ee-4832-b118-b82f1abe5380
eec3967d-bed1-4bc6-90fc-30caf45d3bba	t	\N	2024-05-21 15:16:18.163094+08	\N	2024-05-21 15:16:18.163094+08	中国运营 中国生产 生产部 挖掘机2课 4职	HD020095	f	f	f	f	f	f	6c0fede4-5e42-43e4-bada-c60d790aff6b	899b5c3a-3930-4d5b-bc6e-c9593728d98b
a55b5b3b-b79b-46f7-8e36-51ba14c904c6	t	\N	2024-05-21 15:16:18.166086+08	\N	2024-05-21 15:16:18.166086+08	中国运营 中国生产 生产部 挖掘机2课 5职 1组	HD020096	f	f	f	f	f	f	6c0fede4-5e42-43e4-bada-c60d790aff6b	19f6b316-0e67-4763-b33c-4c626522723a
2cbc7f0d-a9de-48db-85de-5962512b162b	t	\N	2024-05-21 15:16:18.169195+08	\N	2024-05-21 15:16:18.169195+08	中国运营 中国生产 生产部 挖掘机2课 5职 2组	HD020098	f	f	f	f	f	f	6c0fede4-5e42-43e4-bada-c60d790aff6b	19f6b316-0e67-4763-b33c-4c626522723a
19f6b316-0e67-4763-b33c-4c626522723a	t	\N	2024-05-21 15:16:18.170225+08	\N	2024-05-21 15:16:18.170225+08	中国运营 中国生产 生产部 挖掘机2课 5职	HD020099	f	f	f	f	f	f	6c0fede4-5e42-43e4-bada-c60d790aff6b	899b5c3a-3930-4d5b-bc6e-c9593728d98b
0a5c5026-c176-4dbc-afd4-0b7dae906fa5	t	\N	2024-05-21 15:16:18.171189+08	\N	2024-05-21 15:16:18.171189+08	中国运营 中国生产 生产部 挖掘机2课 6职 3组	HD020100	f	f	f	f	f	f	6c0fede4-5e42-43e4-bada-c60d790aff6b	d65ad205-941b-4e1c-a3e9-74f6e0b60db9
60788ebe-4094-488c-860c-9ee459e7930b	t	\N	2024-05-21 15:16:18.172189+08	\N	2024-05-21 15:16:18.172189+08	中国运营 中国生产 生产部 挖掘机2课 6职 1组	HD020101	f	f	f	f	f	f	6c0fede4-5e42-43e4-bada-c60d790aff6b	d65ad205-941b-4e1c-a3e9-74f6e0b60db9
76f49ce8-3b08-45c5-9d98-eccc849f128a	t	\N	2024-05-21 15:16:18.173184+08	\N	2024-05-21 15:16:18.173184+08	中国运营 中国生产 生产部 挖掘机1课 3职 3组	HD020102	f	f	f	f	f	f	6c0fede4-5e42-43e4-bada-c60d790aff6b	f70fcf6b-f0ee-4832-b118-b82f1abe5380
42529a41-671e-4495-b90e-bc3b9203ec39	t	\N	2024-05-21 15:16:18.174181+08	\N	2024-05-21 15:16:18.174181+08	支社营业 北部支社 北部直营	HD020103	f	f	f	f	f	f	6c0fede4-5e42-43e4-bada-c60d790aff6b	07cc8a67-c496-4595-b2b1-c94c761e904e
f23d90aa-3ebf-453f-a7b4-92452530ed6e	t	\N	2024-05-21 15:16:18.17518+08	\N	2024-05-21 15:16:18.17518+08	中国营业/AM/PS 直营支社 北部直营 湖南直营管理课	HD020106	f	f	f	f	f	f	6c0fede4-5e42-43e4-bada-c60d790aff6b	42529a41-671e-4495-b90e-bc3b9203ec39
44f67690-c1b7-452b-9f96-30af24c920de	t	\N	2024-05-21 15:16:18.178171+08	\N	2024-05-21 15:16:18.178171+08	中国营业/AM/PS AM/PS部(苏州)	HD020107	f	f	f	f	f	f	6c0fede4-5e42-43e4-bada-c60d790aff6b	a00245a1-9076-4689-af31-389f4264d6d1
5e933b58-e0a0-44da-a54d-9622e0619d79	t	\N	2024-05-21 15:16:18.180194+08	\N	2024-05-21 15:16:18.180194+08	中国运营 中国生产 生产技术部 先行技术课	HD020111	f	f	f	f	f	f	6c0fede4-5e42-43e4-bada-c60d790aff6b	0681a854-5cd4-448b-9601-f330b50b3aff
efa87fcf-e0b6-4642-a020-b60ba869caba	t	\N	2024-05-21 15:16:18.18216+08	\N	2024-05-21 15:16:18.18216+08	中国采购 采购 采购部 间接购买课	HD020113	f	f	f	f	f	f	6c0fede4-5e42-43e4-bada-c60d790aff6b	491d07d9-0be2-4c6c-a840-acaa976a68cf
27431412-db18-481a-97f7-e979e24a7c6d	t	\N	2024-05-21 15:16:18.183157+08	\N	2024-05-21 15:16:18.183157+08	中国运营 中国品质 品质保证部 品质保证课	HD020115	f	f	f	f	f	f	6c0fede4-5e42-43e4-bada-c60d790aff6b	171834e3-8d46-4bfc-bc46-e0600437ffd3
fa3ebe4e-846a-41e9-9d81-37cc16ea6cf8	t	\N	2024-05-21 15:16:18.185152+08	\N	2024-05-21 15:16:18.185152+08	装载机销售部	HD020116	f	f	f	f	f	f	6c0fede4-5e42-43e4-bada-c60d790aff6b	90868a48-c3b4-49c0-8d13-7fde9ac82765
50f01fc7-1bf4-4cd5-ae2d-ee5439697f27	t	\N	2024-05-21 15:16:18.186148+08	\N	2024-05-21 15:16:18.186148+08	中国事业部门 装载机/特殊装备事业 装载机营销部 市场课	HD020117	f	f	f	f	f	f	6c0fede4-5e42-43e4-bada-c60d790aff6b	a5185c91-676c-4d9c-b512-9cc61e0aa985
ba3efeb2-a7dc-463d-a4b4-eafb8807f131	t	\N	2024-05-21 15:16:18.187147+08	\N	2024-05-21 15:16:18.187147+08	中国运营 中国生产 生产部 挖掘机1课 2职 3组	HD020118	f	f	f	f	f	f	6c0fede4-5e42-43e4-bada-c60d790aff6b	40d544be-fc33-4300-9caf-c90f14875c01
2cc94e23-e939-4d5f-b772-ea57c5ebbe18	t	\N	2024-05-21 15:16:18.188102+08	\N	2024-05-21 15:16:18.188102+08	中国战略部 品牌课	HD020119	f	f	f	f	f	f	6c0fede4-5e42-43e4-bada-c60d790aff6b	5129fcb9-1510-42c7-abf5-0ecbab9fd129
4d782659-1372-4858-91f8-33bfc1f35d1c	t	\N	2024-05-21 15:16:18.189104+08	\N	2024-05-21 15:16:18.189104+08	挖掘机营业 市场部 市场企划课	HD020120	f	f	f	f	f	f	6c0fede4-5e42-43e4-bada-c60d790aff6b	013c491d-f6c6-4189-9d5b-87cec15b681f
994fb937-8326-454f-82df-bdad337c6951	t	\N	2024-05-21 15:16:18.190099+08	\N	2024-05-21 15:16:18.190099+08	中国营业/AM/PS AM/PS&特装事业 PS部 直营支援课	HD020121	f	f	f	f	f	f	6c0fede4-5e42-43e4-bada-c60d790aff6b	fe53e09f-3634-41d7-bc6d-78545bfe3785
cfde369b-425b-47b9-8c1e-6f10b1faec60	t	\N	2024-05-21 15:16:18.192094+08	\N	2024-05-21 15:16:18.192094+08	支社营业 中央支社 东北大区	HD020126	f	f	f	f	f	f	6c0fede4-5e42-43e4-bada-c60d790aff6b	a60987fc-b3fc-4772-bcdb-7d28aefee107
5148a4df-225f-4a23-b4a7-2f62ec1a9e36	t	\N	2024-05-21 15:16:18.195086+08	\N	2024-05-21 15:16:18.195086+08	中国运营 管理部 管理课	HD020128	f	f	f	f	f	f	6c0fede4-5e42-43e4-bada-c60d790aff6b	e3f7f28d-585f-46af-9168-dd05aafe505d
de489684-c817-4efa-9a2b-777b8a9e8a3f	t	\N	2024-05-21 15:16:18.197082+08	\N	2024-05-21 15:16:18.197082+08	中国事业部门 中国HR 人事企划部	HD020129	f	f	f	f	f	f	6c0fede4-5e42-43e4-bada-c60d790aff6b	aaab8ae8-2b3d-4878-881d-4ebf49454d60
ae51c78b-5525-493d-a89d-b1c61cc68b7b	t	\N	2024-05-21 15:16:18.198078+08	\N	2024-05-21 15:16:18.198078+08	挖掘机营业 东部支社	HD020130	f	f	f	f	f	f	6c0fede4-5e42-43e4-bada-c60d790aff6b	807a5b5c-d8ef-41c7-abe9-a1713d1f1a1d
d9c5cc1f-4aed-4298-b8de-282503ee4440	t	\N	2024-05-21 15:16:18.199086+08	\N	2024-05-21 15:16:18.199086+08	支社营业 西南支社	HD020131	f	f	f	f	f	f	6c0fede4-5e42-43e4-bada-c60d790aff6b	807a5b5c-d8ef-41c7-abe9-a1713d1f1a1d
07cc8a67-c496-4595-b2b1-c94c761e904e	t	\N	2024-05-21 15:16:18.20008+08	\N	2024-05-21 15:16:18.20008+08	挖掘机营业 北部支社	HD020132	f	f	f	f	f	f	6c0fede4-5e42-43e4-bada-c60d790aff6b	807a5b5c-d8ef-41c7-abe9-a1713d1f1a1d
1655bc00-329f-4a1f-afff-52f574f88b2e	t	\N	2024-05-21 15:16:18.201557+08	\N	2024-05-21 15:16:18.201557+08	中国事业部门 AM/PS AM AM运营部 AM物流课 仓库管理职	HD020135	f	f	f	f	f	f	6c0fede4-5e42-43e4-bada-c60d790aff6b	abd49166-7be6-4a41-a300-ece140984648
f1402a2a-4e08-4660-8b65-88cd06275335	t	\N	2024-05-21 15:16:18.203591+08	\N	2024-05-21 15:16:18.203591+08	中国事业部门 AM/PS AM AM运营部 AM物流课 仓库管理职 出库管理组	HD020137	f	f	f	f	f	f	6c0fede4-5e42-43e4-bada-c60d790aff6b	1655bc00-329f-4a1f-afff-52f574f88b2e
37ea05e9-3074-43c3-843e-83dcef8b33df	t	\N	2024-05-21 15:16:18.204589+08	\N	2024-05-21 15:16:18.204589+08	中国事业部门 AM/PS AM AM运营部 AM物流课 仓库管理职 库位管理组	HD020138	f	f	f	f	f	f	6c0fede4-5e42-43e4-bada-c60d790aff6b	1655bc00-329f-4a1f-afff-52f574f88b2e
872237a6-ca9a-48e5-b423-271ed63e5936	t	\N	2024-05-21 15:16:18.205592+08	\N	2024-05-21 15:16:18.205592+08	中国营业/AM/PS AM/PS&特装事业 AM部 AM物流课 仓库管理职 装载机管理组	HD020139	f	f	f	f	f	f	6c0fede4-5e42-43e4-bada-c60d790aff6b	1655bc00-329f-4a1f-afff-52f574f88b2e
899b5c3a-3930-4d5b-bc6e-c9593728d98b	t	\N	2024-05-21 15:16:18.207583+08	\N	2024-05-21 15:16:18.207583+08	中国运营 中国生产 生产部 挖掘机2课	HD020141	f	f	f	f	f	f	6c0fede4-5e42-43e4-bada-c60d790aff6b	0e4bc491-60dd-42cd-9171-5bbdc201d0bc
d65ad205-941b-4e1c-a3e9-74f6e0b60db9	t	\N	2024-05-21 15:16:18.210537+08	\N	2024-05-21 15:16:18.210537+08	中国运营 中国生产 生产部 挖掘机2课 6职	HD020142	f	f	f	f	f	f	6c0fede4-5e42-43e4-bada-c60d790aff6b	899b5c3a-3930-4d5b-bc6e-c9593728d98b
95f18671-caa0-47c9-8706-3cd93d99b795	t	\N	2024-05-21 15:16:18.211533+08	\N	2024-05-21 15:16:18.211533+08	中国运营 中国生产 生产部 挖掘机1课 3职 2组	HD020143	f	f	f	f	f	f	6c0fede4-5e42-43e4-bada-c60d790aff6b	f70fcf6b-f0ee-4832-b118-b82f1abe5380
be176f6f-c409-4962-970a-4d3a71df161d	t	\N	2024-05-21 15:16:18.212531+08	\N	2024-05-21 15:16:18.212531+08	中国运营 中国生产 生产部 挖掘机2课 4职 3组	HD020144	f	f	f	f	f	f	6c0fede4-5e42-43e4-bada-c60d790aff6b	eec3967d-bed1-4bc6-90fc-30caf45d3bba
2ee75b1e-ebcf-4d86-b646-e58820aef55d	t	\N	2024-05-21 15:16:18.215523+08	\N	2024-05-21 15:16:18.215523+08	中国采购 采购 采购部 购买企划课	HD020146	f	f	f	f	f	f	6c0fede4-5e42-43e4-bada-c60d790aff6b	491d07d9-0be2-4c6c-a840-acaa976a68cf
bc13e378-90b9-4797-91ca-91301e3f7ec8	t	\N	2024-05-21 15:16:18.21652+08	\N	2024-05-21 15:16:18.21652+08	中国运营 中国研发	HD020147	f	f	f	f	f	f	6c0fede4-5e42-43e4-bada-c60d790aff6b	f8543220-6d6b-47a7-b61a-f160c458fe21
fe53e09f-3634-41d7-bc6d-78545bfe3785	t	\N	2024-05-21 15:16:18.217518+08	\N	2024-05-21 15:16:18.217518+08	中国事业部门 AM/PS/旋挖钻 PS部	HD020148	f	f	f	f	f	f	6c0fede4-5e42-43e4-bada-c60d790aff6b	7b3c37e5-af18-477a-8fdb-64b9c249a783
ca85c674-8766-40b0-a9fc-50498361be07	t	\N	2024-05-21 15:16:18.218514+08	\N	2024-05-21 15:16:18.218514+08	中国事业部门 AM/PS/旋挖钻 PS部 代理商支援1课	HD020149	f	f	f	f	f	f	6c0fede4-5e42-43e4-bada-c60d790aff6b	fe53e09f-3634-41d7-bc6d-78545bfe3785
fa7f1b30-9fa1-4876-af1a-46b50730d5fc	t	\N	2024-05-21 15:16:18.219512+08	\N	2024-05-21 15:16:18.219512+08	中国运营 中国生产 生产管理部 资材管理课	HD020150	f	f	f	f	f	f	6c0fede4-5e42-43e4-bada-c60d790aff6b	b0840800-abb2-4f53-8eb3-053056869bfa
1f371b61-dc0d-4473-97c6-5d4576eb92d7	t	\N	2024-05-21 15:16:18.220509+08	\N	2024-05-21 15:16:18.221506+08	中国运营 中国生产 生产管理部 通关课	HD020151	f	f	f	f	f	f	6c0fede4-5e42-43e4-bada-c60d790aff6b	b0840800-abb2-4f53-8eb3-053056869bfa
ee267c82-4c48-4159-980c-b8d6d5a56853	t	\N	2024-05-21 15:16:18.222504+08	\N	2024-05-21 15:16:18.222504+08	中国事业部门 AM/PS AM AM营业部 AM营业课	HD020152	f	f	f	f	f	f	6c0fede4-5e42-43e4-bada-c60d790aff6b	64d25805-099f-45e2-bc3f-5a4be288b2fb
25e7bd08-f028-4305-9150-af854fd29548	t	\N	2024-05-21 15:16:18.223501+08	\N	2024-05-21 15:16:18.223501+08	中国事业部门 AM/PS PS PS运营部 挖掘机运营课 整备技术组	HD020163	f	f	f	f	f	f	6c0fede4-5e42-43e4-bada-c60d790aff6b	59a70773-de5e-4ce4-8b5b-2bea80282391
497ddb63-411c-4d76-a95b-01f82010961c	t	\N	2024-05-21 15:16:18.224499+08	\N	2024-05-21 15:16:18.224499+08	中国营业/AM/PS 东南营业TFT 南部大区	HD020164	f	f	f	f	f	f	6c0fede4-5e42-43e4-bada-c60d790aff6b	ae51c78b-5525-493d-a89d-b1c61cc68b7b
5129fcb9-1510-42c7-abf5-0ecbab9fd129	t	\N	2024-05-21 15:16:18.226494+08	\N	2024-05-21 15:16:18.226494+08	中国战略部	HD020165	f	f	f	f	f	f	6c0fede4-5e42-43e4-bada-c60d790aff6b	90868a48-c3b4-49c0-8d13-7fde9ac82765
fe8e3ba6-05e3-42fd-b139-8a1e5802c588	t	\N	2024-05-21 15:16:18.229525+08	\N	2024-05-21 15:16:18.229525+08	中国运营 中国品质 产品品质部 部品品质课 部品检查职 部品检查3组	HD020168	f	f	f	f	f	f	6c0fede4-5e42-43e4-bada-c60d790aff6b	f25857c2-bb3b-4fde-b3eb-eb8491f1e8ad
4dea4239-8108-4068-a3bc-65d9759fd4c8	t	\N	2024-05-21 15:16:18.230484+08	\N	2024-05-21 15:16:18.23148+08	挖掘机营业 西北支社	HD020169	f	f	f	f	f	f	6c0fede4-5e42-43e4-bada-c60d790aff6b	807a5b5c-d8ef-41c7-abe9-a1713d1f1a1d
7b3c37e5-af18-477a-8fdb-64b9c249a783	t	\N	2024-05-21 15:16:18.232479+08	\N	2024-05-21 15:16:18.232479+08	中国事业部门 AM/PS	HD020170	f	f	f	f	f	f	6c0fede4-5e42-43e4-bada-c60d790aff6b	90868a48-c3b4-49c0-8d13-7fde9ac82765
e64fefbe-c06c-40b4-a5ac-d07e1f7028a3	t	\N	2024-05-21 15:16:18.233474+08	\N	2024-05-21 15:16:18.233474+08	中国营业/AM/PS AM/PS&特装事业 特装事业部	HD020171	f	f	f	f	f	f	6c0fede4-5e42-43e4-bada-c60d790aff6b	7b3c37e5-af18-477a-8fdb-64b9c249a783
611f1b56-7c15-41f4-968c-d0ff855c1077	t	\N	2024-05-21 15:16:18.234471+08	\N	2024-05-21 15:16:18.234471+08	中国营业/AM/PS AM/PS&特装事业 特装事业部 特装营业课	HD020172	f	f	f	f	f	f	6c0fede4-5e42-43e4-bada-c60d790aff6b	e64fefbe-c06c-40b4-a5ac-d07e1f7028a3
710741f2-c198-4732-a100-01a7e7d23598	t	\N	2024-05-21 15:16:18.235508+08	\N	2024-05-21 15:16:18.235508+08	建机 研发 China R&D 挖掘机设计部 电气电子设计课	HD020174	f	f	f	f	f	f	6c0fede4-5e42-43e4-bada-c60d790aff6b	2de73a50-6390-4b04-a050-8649aab7108a
7cb00663-b00d-4518-bb4f-4946583a79ec	t	\N	2024-05-21 15:16:18.238462+08	\N	2024-05-21 15:16:18.238462+08	中国运营 中国研发 特殊装备设计部	HD020177	f	f	f	f	f	f	6c0fede4-5e42-43e4-bada-c60d790aff6b	bc13e378-90b9-4797-91ca-91301e3f7ec8
e5f69dc9-7908-4721-893b-5ad36e664def	t	\N	2024-05-21 15:16:18.239459+08	\N	2024-05-21 15:16:18.239459+08	中国运营 中国品质 产品品质部 工序品质课 试运转检查职	HD020178	f	f	f	f	f	f	6c0fede4-5e42-43e4-bada-c60d790aff6b	459a1e71-2721-450b-b4a1-bca743b72e9b
f00637e3-9bdb-48e3-b055-9eb73b82c18d	t	\N	2024-05-21 15:16:18.240456+08	\N	2024-05-21 15:16:18.240456+08	中国运营 中国品质 产品品质部 工序品质课 产品检查职	HD020179	f	f	f	f	f	f	6c0fede4-5e42-43e4-bada-c60d790aff6b	459a1e71-2721-450b-b4a1-bca743b72e9b
b11d6a1f-f63a-4f5d-88bf-ea5bff7caf85	t	\N	2024-05-21 15:16:18.24146+08	\N	2024-05-21 15:16:18.24146+08	中国运营 中国品质 产品品质部 工序品质课 试运转检查职 试运转检查2组	HD020180	f	f	f	f	f	f	6c0fede4-5e42-43e4-bada-c60d790aff6b	e5f69dc9-7908-4721-893b-5ad36e664def
25f115d3-7250-4b3c-b4b6-3570f0b5eec8	t	\N	2024-05-21 15:16:18.244446+08	\N	2024-05-21 15:16:18.244446+08	中国运营 中国品质 产品品质部 工序品质课 试运转检查职 试运转检查1组	HD020181	f	f	f	f	f	f	6c0fede4-5e42-43e4-bada-c60d790aff6b	e5f69dc9-7908-4721-893b-5ad36e664def
31276793-0b52-4bb0-89b4-cc15dd23f71d	t	\N	2024-05-21 15:16:18.246443+08	\N	2024-05-21 15:16:18.246443+08	中国运营 中国品质 产品品质部 工序品质课 产品检查职 工序检查组	HD020182	f	f	f	f	f	f	6c0fede4-5e42-43e4-bada-c60d790aff6b	f00637e3-9bdb-48e3-b055-9eb73b82c18d
e3a9fd7e-9e06-44b6-8cc2-d031e68e8461	t	\N	2024-05-21 15:16:18.24744+08	\N	2024-05-21 15:16:18.24744+08	中国运营 中国品质 产品品质部 工序品质课 产品检查职 出入库检查组	HD020183	f	f	f	f	f	f	6c0fede4-5e42-43e4-bada-c60d790aff6b	f00637e3-9bdb-48e3-b055-9eb73b82c18d
ce684a7f-3009-485c-ac49-a89e7f3a59fa	t	\N	2024-05-21 15:16:18.248436+08	\N	2024-05-21 15:16:18.248436+08	中国事业部门 中国HR 人事企划部 人才开发课	HD020184	f	f	f	f	f	f	6c0fede4-5e42-43e4-bada-c60d790aff6b	de489684-c817-4efa-9a2b-777b8a9e8a3f
069bb0bc-fb5f-438a-b78b-f10986082b46	t	\N	2024-05-21 15:16:18.251465+08	\N	2024-05-21 15:16:18.251465+08	中国生产 生产部 挖掘机1课 1职 4组	HD020186	f	f	f	f	f	f	6c0fede4-5e42-43e4-bada-c60d790aff6b	03280053-df87-4473-b2fa-07b88c8acc0c
c81c7374-ce11-4d7d-9370-13d79695ccd0	t	\N	2024-05-21 15:16:18.252424+08	\N	2024-05-21 15:16:18.252424+08	中国采购 采购 采购部 动力电装课	HD020189	f	f	f	f	f	f	6c0fede4-5e42-43e4-bada-c60d790aff6b	491d07d9-0be2-4c6c-a840-acaa976a68cf
66d9cac1-d82a-4511-b645-2f343670e2b2	t	\N	2024-05-21 15:16:18.254422+08	\N	2024-05-21 15:16:18.254422+08	中国运营 中国研发 产品企划部	HD020192	f	f	f	f	f	f	6c0fede4-5e42-43e4-bada-c60d790aff6b	bc13e378-90b9-4797-91ca-91301e3f7ec8
f3d80dec-fb3a-4664-97b1-26625ec37c1e	t	\N	2024-05-21 15:16:18.25542+08	\N	2024-05-21 15:16:18.25542+08	中国事业部门 AM/PS AM AM营业部 AM产品开发课	HD020193	f	f	f	f	f	f	6c0fede4-5e42-43e4-bada-c60d790aff6b	64d25805-099f-45e2-bc3f-5a4be288b2fb
abd49166-7be6-4a41-a300-ece140984648	t	\N	2024-05-21 15:16:18.257415+08	\N	2024-05-21 15:16:18.257415+08	中国事业部门 AM/PS AM AM运营部 AM物流课	HD020195	f	f	f	f	f	f	6c0fede4-5e42-43e4-bada-c60d790aff6b	658684cd-1b4a-471c-8558-a26a27e52ddb
1fc625c8-83a8-4d24-ac62-f8c0ae57fce7	t	\N	2024-05-21 15:16:18.258409+08	\N	2024-05-21 15:16:18.258409+08	中国事业部门 AM/PS AM AM运营部 AM采购课	HD020196	f	f	f	f	f	f	6c0fede4-5e42-43e4-bada-c60d790aff6b	658684cd-1b4a-471c-8558-a26a27e52ddb
ef529a0b-b1db-440d-a3d4-2a74c713d40a	t	\N	2024-05-21 15:16:18.261401+08	\N	2024-05-21 15:16:18.261401+08	中国运营 中国生产 EHS部 安全课	HD020197	f	f	f	f	f	f	6c0fede4-5e42-43e4-bada-c60d790aff6b	7ca05f7b-ddae-4f6f-86af-dd9b89210553
c32eb540-6082-4615-9df5-22cc5c728d6e	t	\N	2024-05-21 15:16:18.262398+08	\N	2024-05-21 15:16:18.262398+08	中国营业/AM/PS 湖南直营TFT	HD020198	f	f	f	f	f	f	6c0fede4-5e42-43e4-bada-c60d790aff6b	a00245a1-9076-4689-af31-389f4264d6d1
9ba2a970-376c-4af7-b413-a6788eef7f45	t	\N	2024-05-21 15:16:18.263396+08	\N	2024-05-21 15:16:18.263396+08	中国运营 中国研发 挖掘机设计部 设计革新1课	HD020199	f	f	f	f	f	f	6c0fede4-5e42-43e4-bada-c60d790aff6b	2de73a50-6390-4b04-a050-8649aab7108a
25a647e5-322c-4393-8766-678623e4bc49	t	\N	2024-05-21 15:16:18.26539+08	\N	2024-05-21 15:16:18.26539+08	中国运营 中国研发 测试部 挖掘机测试2课	HD020200	f	f	f	f	f	f	6c0fede4-5e42-43e4-bada-c60d790aff6b	52092493-3a53-49c8-8eb2-d706f95aadc1
d1d370f6-487e-435d-a7c2-e55b8d4ebf49	t	\N	2024-05-21 15:16:18.267384+08	\N	2024-05-21 15:16:18.267384+08	中国营业/AM/PS 湖南直营TFT PMO课	HD020202	f	f	f	f	f	f	6c0fede4-5e42-43e4-bada-c60d790aff6b	c32eb540-6082-4615-9df5-22cc5c728d6e
562fb12e-95ef-4512-84db-ada60b8cc9c3	t	\N	2024-05-21 15:16:18.268383+08	\N	2024-05-21 15:16:18.268383+08	中国事业部门 AM/PS PS PS运营部 装载机&旋挖钻运营课 装载机Field支援组	HD020203	f	f	f	f	f	f	6c0fede4-5e42-43e4-bada-c60d790aff6b	932aaf98-e192-432a-9c0f-5166c823baf2
bae76f9e-d1bc-4f99-93ee-8b22fa39301d	t	\N	2024-05-21 15:16:18.270377+08	\N	2024-05-21 15:16:18.270377+08	中国事业部门 商品企划部 商品企划1课	HD020204	f	f	f	f	f	f	6c0fede4-5e42-43e4-bada-c60d790aff6b	c53ee317-a10c-48dd-82ef-99f7fd746afe
e851c0a3-fa89-4f14-a7c3-c6021e9976ed	t	\N	2024-05-21 15:16:18.271374+08	\N	2024-05-21 15:16:18.271374+08	中国事业部门 商品企划部 商品企划2课	HD020205	f	f	f	f	f	f	6c0fede4-5e42-43e4-bada-c60d790aff6b	c53ee317-a10c-48dd-82ef-99f7fd746afe
bc8424a1-1ada-4897-91e1-66f044e90df2	t	\N	2024-05-21 15:16:18.273397+08	\N	2024-05-21 15:16:18.273397+08	中国运营 中国生产 生产部 挖掘机3课 7职 4组	HD020207	f	f	f	f	f	f	6c0fede4-5e42-43e4-bada-c60d790aff6b	fa2a4daf-98e7-4259-8bef-cd70c4da7440
81f822c5-1381-4f1c-963e-bdf7dba8a09f	t	\N	2024-05-21 15:16:18.275364+08	\N	2024-05-21 15:16:18.275364+08	中国事业部门 AM/PS PS PS运营部 装载机&旋挖钻运营课 特殊装备Field支援组	HD020208	f	f	f	f	f	f	6c0fede4-5e42-43e4-bada-c60d790aff6b	932aaf98-e192-432a-9c0f-5166c823baf2
421b44d5-b2d7-47db-bdd6-39b75ec23c25	t	\N	2024-05-21 15:16:18.277359+08	\N	2024-05-21 15:16:18.277359+08	中国生产 生产部 挖掘机1课 2职 4组	HD020209	f	f	f	f	f	f	6c0fede4-5e42-43e4-bada-c60d790aff6b	40d544be-fc33-4300-9caf-c90f14875c01
83e931da-d823-442f-a3f3-ef0cbd5d80b9	t	\N	2024-05-21 15:16:18.279356+08	\N	2024-05-21 15:16:18.279356+08	中国生产 Global MES TFT	HD020210	f	f	f	f	f	f	6c0fede4-5e42-43e4-bada-c60d790aff6b	99e25000-59e5-465a-8758-e7fae5c3b1fc
f610f252-e96a-47be-9eab-ec0a10b80ecd	t	\N	2024-05-21 15:16:18.280351+08	\N	2024-05-21 15:16:18.280351+08	中国事业部门 商品企划部 矿山客户开发课	HD020384	f	f	f	f	f	f	6c0fede4-5e42-43e4-bada-c60d790aff6b	c53ee317-a10c-48dd-82ef-99f7fd746afe
22989036-3d7c-446a-8234-f92109448cef	t	\N	2024-05-21 15:16:18.28135+08	\N	2024-05-21 15:16:18.28135+08	挖掘机营业 市场部 新事业支援课	HD020385	f	f	f	f	f	f	6c0fede4-5e42-43e4-bada-c60d790aff6b	013c491d-f6c6-4189-9d5b-87cec15b681f
8bad18e9-f752-4ed2-b0a8-353030b1aa6a	t	\N	2024-05-21 15:16:18.28434+08	\N	2024-05-21 15:16:18.28434+08	中国生产 生产部 挖掘机2课 4职 4组	HD020387	f	f	f	f	f	f	6c0fede4-5e42-43e4-bada-c60d790aff6b	eec3967d-bed1-4bc6-90fc-30caf45d3bba
c337ea6e-a562-4fa6-b46a-b4efe0795ddf	t	\N	2024-05-21 15:16:18.28534+08	\N	2024-05-21 15:16:18.286335+08	中国生产 生产部 挖掘机2课 4职 5组	HD020388	f	f	f	f	f	f	6c0fede4-5e42-43e4-bada-c60d790aff6b	eec3967d-bed1-4bc6-90fc-30caf45d3bba
35a94570-db1f-45ae-a85d-e0c1d599c807	t	\N	2024-05-21 15:16:18.287333+08	\N	2024-05-21 15:16:18.287333+08	中国运营 中国研发 特殊装备设计部 特殊装备设计1课	HD020389	f	f	f	f	f	f	6c0fede4-5e42-43e4-bada-c60d790aff6b	7cb00663-b00d-4518-bb4f-4946583a79ec
789d9b9a-a73a-4dc1-bc65-d0c39a8ec1ca	t	\N	2024-05-21 15:16:18.28833+08	\N	2024-05-21 15:16:18.28833+08	中国运营 中国研发 特殊装备设计部 特殊装备设计2课	HD020390	f	f	f	f	f	f	6c0fede4-5e42-43e4-bada-c60d790aff6b	7cb00663-b00d-4518-bb4f-4946583a79ec
e27963d8-1c95-4559-82ac-d73bf57aa30a	t	\N	2024-05-21 15:16:18.289326+08	\N	2024-05-21 15:16:18.289326+08	中国运营 中国研发 电气电子设计部	HD020391	f	f	f	f	f	f	6c0fede4-5e42-43e4-bada-c60d790aff6b	bc13e378-90b9-4797-91ca-91301e3f7ec8
454a2b74-407f-46d9-ae7c-112272618b1d	t	\N	2024-05-21 15:16:18.290901+08	\N	2024-05-21 15:16:18.290901+08	中国营业/AM/PS AM/PS&特装事业 特装事业部 营业支援课	HD020392	f	f	f	f	f	f	6c0fede4-5e42-43e4-bada-c60d790aff6b	e64fefbe-c06c-40b4-a5ac-d07e1f7028a3
932aaf98-e192-432a-9c0f-5166c823baf2	t	\N	2024-05-21 15:16:18.291902+08	\N	2024-05-21 15:16:18.291902+08	中国事业部门 AM/PS PS PS运营部 装载机&旋挖钻运营课	HD020393	f	f	f	f	f	f	6c0fede4-5e42-43e4-bada-c60d790aff6b	2760261e-ee92-442d-ab44-2996be926b0c
a005f73a-2709-4ac7-8c9f-80840805465b	t	\N	2024-05-21 15:16:18.293896+08	\N	2024-05-21 15:16:18.293896+08	建机 研发 中国研发 DISD装载机收益性改善CFT	HD020395	f	f	f	f	f	f	6c0fede4-5e42-43e4-bada-c60d790aff6b	bc13e378-90b9-4797-91ca-91301e3f7ec8
7781a041-81b3-4b33-bb69-651b6d52f66e	t	\N	2024-05-21 15:16:18.295054+08	\N	2024-05-21 15:16:18.295054+08	中国事业部门 中国租赁事业推进TF	HD020396	f	f	f	f	f	f	6c0fede4-5e42-43e4-bada-c60d790aff6b	90868a48-c3b4-49c0-8d13-7fde9ac82765
b39797d2-7101-418e-8e5d-56daaaa6d01a	t	\N	2024-05-21 15:16:18.296171+08	\N	2024-05-21 15:16:18.296171+08	中国生产 生产技术革新	HD020397	f	f	f	f	f	f	6c0fede4-5e42-43e4-bada-c60d790aff6b	99e25000-59e5-465a-8758-e7fae5c3b1fc
171834e3-8d46-4bfc-bc46-e0600437ffd3	t	\N	2024-05-21 15:16:18.298167+08	\N	2024-05-21 15:16:18.298167+08	中国运营 中国品质 品质保证部	HD020399	f	f	f	f	f	f	6c0fede4-5e42-43e4-bada-c60d790aff6b	0d0c90de-853b-4a23-9059-ee0e581df43d
55f66b2e-d9a6-4be6-8ce9-9fbee64078f7	t	\N	2024-05-21 15:16:18.299164+08	\N	2024-05-21 15:16:18.299164+08	中国运营 中国品质 产品品质部	HD020400	f	f	f	f	f	f	6c0fede4-5e42-43e4-bada-c60d790aff6b	0d0c90de-853b-4a23-9059-ee0e581df43d
471038a3-301f-4f05-aaaa-6f28732b8221	t	\N	2024-05-21 15:16:18.299164+08	\N	2024-05-21 15:16:18.299164+08	中国运营 中国生产 生产部 挖掘机3课 7职 5组	HD020401	f	f	f	f	f	f	6c0fede4-5e42-43e4-bada-c60d790aff6b	fa2a4daf-98e7-4259-8bef-cd70c4da7440
f8f9abb5-b5a0-4849-a8e0-51d99a26b627	t	\N	2024-05-21 15:16:18.300163+08	\N	2024-05-21 15:16:18.300163+08	中国事业部门 装载机/特殊装备事业 特殊装备事业部	HD020402	f	f	f	f	f	f	6c0fede4-5e42-43e4-bada-c60d790aff6b	580af8c1-6d59-442b-b7cd-4737d8fcb1e5
b7387c0e-f911-400b-9527-40d4dac8f1cd	t	\N	2024-05-21 15:16:18.30116+08	\N	2024-05-21 15:16:18.30116+08	中国事业部门 AM/PS/旋挖钻 旋挖钻事业部 旋挖钻营业1课	HD020403	f	f	f	f	f	f	6c0fede4-5e42-43e4-bada-c60d790aff6b	f8f9abb5-b5a0-4849-a8e0-51d99a26b627
e8ad65a0-fc78-4232-99b0-3d5c0a17a9c6	t	\N	2024-05-21 15:16:18.303155+08	\N	2024-05-21 15:16:18.303155+08	建机 研发 中国研发 20吨挖掘机成本节减CFT	HD020405	f	f	f	f	f	f	6c0fede4-5e42-43e4-bada-c60d790aff6b	bc13e378-90b9-4797-91ca-91301e3f7ec8
59a70773-de5e-4ce4-8b5b-2bea80282391	t	\N	2024-05-21 15:16:18.304185+08	\N	2024-05-21 15:16:18.304185+08	中国事业部门 AM/PS PS PS运营部 挖掘机运营课	HD0A1710	f	f	f	f	f	f	6c0fede4-5e42-43e4-bada-c60d790aff6b	2760261e-ee92-442d-ab44-2996be926b0c
ae4bdea2-d57d-49c8-a9b6-2edf53d0e12c	t	\N	2024-05-21 15:16:18.306148+08	\N	2024-05-21 15:16:18.306148+08	中国事业部门 AM/PS PS PS运营部 挖掘机运营课 Field支援职	HD0A1720	f	f	f	f	f	f	6c0fede4-5e42-43e4-bada-c60d790aff6b	59a70773-de5e-4ce4-8b5b-2bea80282391
f0fb1804-41f8-43d3-a15b-4379fdfe5ae7	t	\N	2024-05-21 15:16:18.308141+08	\N	2024-05-21 15:16:18.308141+08	中国事业部门 AM/PS PS PS运营部 挖掘机运营课 Field支援职 Field支援1组	HD0A1831	f	f	f	f	f	f	6c0fede4-5e42-43e4-bada-c60d790aff6b	ae4bdea2-d57d-49c8-a9b6-2edf53d0e12c
44d8741e-f002-4d40-bbc2-469056d745ab	t	\N	2024-05-21 15:16:18.311134+08	\N	2024-05-21 15:16:18.311134+08	中国事业部门 AM/PS PS PS运营部 挖掘机运营课 Field支援职 Field支援2组	HD0A1832	f	f	f	f	f	f	6c0fede4-5e42-43e4-bada-c60d790aff6b	ae4bdea2-d57d-49c8-a9b6-2edf53d0e12c
1ecdce5f-6f12-4d25-bf76-12e7b5de9a9a	t	\N	2024-05-21 15:16:18.313131+08	\N	2024-05-21 15:16:18.313131+08	中国事业部门 AM/PS PS 代理商支援部 服务技术课	HD0A1840	f	f	f	f	f	f	6c0fede4-5e42-43e4-bada-c60d790aff6b	c2a37f04-8d07-442b-8f6f-79b49efdf1e1
e3f7f28d-585f-46af-9168-dd05aafe505d	t	\N	2024-05-21 15:16:18.314547+08	\N	2024-05-21 15:16:18.314547+08	中国运营 管理部	HD0B1000	f	f	f	f	f	f	6c0fede4-5e42-43e4-bada-c60d790aff6b	f8543220-6d6b-47a7-b61a-f160c458fe21
98b83526-80ce-4c56-8f58-df2b31d7939b	t	\N	2024-05-21 15:16:18.315544+08	\N	2024-05-21 15:16:18.315544+08	中国运营 中国生产 EHS部 EHS TEAM（附）	HD0B9100	f	f	f	f	f	f	6c0fede4-5e42-43e4-bada-c60d790aff6b	7ca05f7b-ddae-4f6f-86af-dd9b89210553
016f180d-2812-4eb3-a686-07ea85991476	t	\N	2024-05-21 15:16:18.317537+08	\N	2024-05-21 15:16:18.317537+08	中国运营 工会	HD0C1000	f	f	f	f	f	f	6c0fede4-5e42-43e4-bada-c60d790aff6b	f8543220-6d6b-47a7-b61a-f160c458fe21
7ca05f7b-ddae-4f6f-86af-dd9b89210553	t	\N	2024-05-21 15:16:18.318541+08	\N	2024-05-21 15:16:18.318541+08	中国运营 中国生产 EHS部	HD0C3000	f	f	f	f	f	f	6c0fede4-5e42-43e4-bada-c60d790aff6b	99e25000-59e5-465a-8758-e7fae5c3b1fc
f25857c2-bb3b-4fde-b3eb-eb8491f1e8ad	t	\N	2024-05-21 15:16:18.322529+08	\N	2024-05-21 15:16:18.322529+08	中国运营 中国品质 产品品质部 部品品质课 部品检查职	HD0E1710	f	f	f	f	f	f	6c0fede4-5e42-43e4-bada-c60d790aff6b	362992c8-3d3c-4f06-b4e6-451dedf02ee1
4134be1f-60ee-455b-9c24-2d85b7fee8aa	t	\N	2024-05-21 15:16:18.323525+08	\N	2024-05-21 15:16:18.323525+08	中国运营 中国品质 产品品质部 部品品质课 部品检查职 部品检查1组	HD0E1711	f	f	f	f	f	f	6c0fede4-5e42-43e4-bada-c60d790aff6b	f25857c2-bb3b-4fde-b3eb-eb8491f1e8ad
491d07d9-0be2-4c6c-a840-acaa976a68cf	t	\N	2024-05-21 15:16:18.32552+08	\N	2024-05-21 15:16:18.32552+08	中国采购 采购 采购部	HD0F2000	f	f	f	f	f	f	6c0fede4-5e42-43e4-bada-c60d790aff6b	6374aac4-39ad-47b2-b572-72aa26313c87
2df8df2e-75eb-486d-911a-5819c1cc2a13	t	\N	2024-05-21 15:16:18.327516+08	\N	2024-05-21 15:16:18.327516+08	中国采购 采购 供应商发展部	HD0F2900	f	f	f	f	f	f	6c0fede4-5e42-43e4-bada-c60d790aff6b	6374aac4-39ad-47b2-b572-72aa26313c87
b07fa005-2385-4797-aa9d-1c967ba94046	t	\N	2024-05-21 15:16:18.328512+08	\N	2024-05-21 15:16:18.328512+08	中国采购 采购 供应商发展部 技术指导课	HD0F2920	f	f	f	f	f	f	6c0fede4-5e42-43e4-bada-c60d790aff6b	2df8df2e-75eb-486d-911a-5819c1cc2a13
0681a854-5cd4-448b-9601-f330b50b3aff	t	\N	2024-05-21 15:16:18.330505+08	\N	2024-05-21 15:16:18.330505+08	中国运营 中国生产 生产技术部	HD0G3000	f	f	f	f	f	f	6c0fede4-5e42-43e4-bada-c60d790aff6b	99e25000-59e5-465a-8758-e7fae5c3b1fc
90f1411f-20eb-4259-8a4e-6b2f7906aa43	t	\N	2024-05-21 15:16:18.331503+08	\N	2024-05-21 15:16:18.331503+08	中国运营 中国生产 生产技术部 焊接技术课	HD0G3100	f	f	f	f	f	f	6c0fede4-5e42-43e4-bada-c60d790aff6b	0681a854-5cd4-448b-9601-f330b50b3aff
cc775e53-3b00-4d54-95ef-db019694b1ad	t	\N	2024-05-21 15:16:18.33254+08	\N	2024-05-21 15:16:18.33254+08	中国运营 中国生产 生产技术部 组装技术课	HD0G3300	f	f	f	f	f	f	6c0fede4-5e42-43e4-bada-c60d790aff6b	0681a854-5cd4-448b-9601-f330b50b3aff
556868ae-e29d-4d95-b16c-de61c4d7d52f	t	\N	2024-05-21 15:16:18.334495+08	\N	2024-05-21 15:16:18.334495+08	中国运营 中国生产 运营革新部	HD0G5000	f	f	f	f	f	f	6c0fede4-5e42-43e4-bada-c60d790aff6b	99e25000-59e5-465a-8758-e7fae5c3b1fc
bccac5ea-2eac-4aa1-adb0-e99e90bb1ef6	t	\N	2024-05-21 15:16:18.335492+08	\N	2024-05-21 15:16:18.335492+08	中国运营 管理部 设施管理课	HD0G6200	f	f	f	f	f	f	6c0fede4-5e42-43e4-bada-c60d790aff6b	e3f7f28d-585f-46af-9168-dd05aafe505d
82889256-32b9-4fd1-ad16-59888ddba6d4	t	\N	2024-05-21 15:16:18.339483+08	\N	2024-05-21 15:16:18.339483+08	中国运营 中国生产 生产技术部 设备支援课	HD0G6300	f	f	f	f	f	f	6c0fede4-5e42-43e4-bada-c60d790aff6b	0681a854-5cd4-448b-9601-f330b50b3aff
a9288969-45a6-4c11-9ac2-e0aad4c8e69e	t	\N	2024-05-21 15:16:17.977357+08	\N	2024-05-21 15:16:17.977357+08	DICI 营业支援部	HA010028	f	f	f	f	f	f	6c0fede4-5e42-43e4-bada-c60d790aff6b	b5d1916b-3441-4611-abb3-491cf63d9b99
02e36204-128a-40bd-9556-05fe1eadf395	t	\N	2024-05-21 15:16:17.993315+08	\N	2024-05-21 15:16:17.993315+08	建机 研发 中国研发 装载机设计部	HB000058	f	f	f	f	f	f	6c0fede4-5e42-43e4-bada-c60d790aff6b	dd5e91f0-c459-4874-b93e-fa800f68e3ce
55431d67-66ae-43e9-8180-568fd1e1f1b3	t	\N	2024-05-21 15:16:18.019246+08	\N	2024-05-21 15:16:18.019246+08	人事部 人才开发课 Change Agent	HB000073	f	f	f	f	f	f	6c0fede4-5e42-43e4-bada-c60d790aff6b	076dbcbb-3111-45f7-a902-386bd68b1dd0
e55f9dd4-548e-4d3a-b2aa-6182e80e6fe8	t	\N	2024-05-21 15:16:18.030218+08	\N	2024-05-21 15:16:18.030218+08	建机 研发 中国研发 DISD装载机收益性改善CFT	HB000130	f	f	f	f	f	f	6c0fede4-5e42-43e4-bada-c60d790aff6b	dd5e91f0-c459-4874-b93e-fa800f68e3ce
a498c139-726d-45c8-97cf-f26f819fb447	t	\N	2024-05-21 15:16:18.039192+08	\N	2024-05-21 15:16:18.039192+08	中国事业部门 AM/PS/旋挖钻 PS部 装载机&特殊装备运营课 机动班	HB0Y1210	f	f	f	f	f	f	6c0fede4-5e42-43e4-bada-c60d790aff6b	250f7bb4-f2c3-4562-b42a-95ebc2863b04
a5185c91-676c-4d9c-b512-9cc61e0aa985	t	\N	2024-05-21 15:16:18.054927+08	\N	2024-05-21 15:16:18.054927+08	中国事业部门 装载机/特殊装备事业 装载机营销部	HD001071	f	f	f	f	f	f	6c0fede4-5e42-43e4-bada-c60d790aff6b	580af8c1-6d59-442b-b7cd-4737d8fcb1e5
fbb12bb6-ab85-4fbf-b2dc-93faa9f422fc	t	\N	2024-05-21 15:16:18.062909+08	\N	2024-05-21 15:16:18.062909+08	中国运营 中国研发 测试部 装载机测试课 测试组	HD001080	f	f	f	f	f	f	6c0fede4-5e42-43e4-bada-c60d790aff6b	85b08788-ffb8-45e3-903c-634b11908680
ab41fa85-76d5-487a-bb5a-4d30b17218b0	t	\N	2024-05-21 15:16:18.066898+08	\N	2024-05-21 15:16:18.066898+08	中国运营 中国研发 装载机设计部 装载机设计1课	HD001082	f	f	f	f	f	f	6c0fede4-5e42-43e4-bada-c60d790aff6b	340269fd-2117-4c87-aff8-f52a54ccb29e
f50227f7-b074-4b90-9a63-e87b3a8bbb73	t	\N	2024-05-21 15:16:18.076872+08	\N	2024-05-21 15:16:18.076872+08	中国事业部门 装载机/特殊装备事业 特殊装备事业部 旋挖钻营业课	HD001131	f	f	f	f	f	f	6c0fede4-5e42-43e4-bada-c60d790aff6b	f8f9abb5-b5a0-4849-a8e0-51d99a26b627
5a05b4bb-1b48-4bac-9337-fb895430ee17	t	\N	2024-05-21 15:16:18.093129+08	\N	2024-05-21 15:16:18.093129+08	挖掘机营业 南部支社	HD010013	f	f	f	f	f	f	6c0fede4-5e42-43e4-bada-c60d790aff6b	807a5b5c-d8ef-41c7-abe9-a1713d1f1a1d
a00245a1-9076-4689-af31-389f4264d6d1	t	\N	2024-05-21 15:16:18.105132+08	\N	2024-05-21 15:16:18.105132+08	中国营业/AM/PS	HD020015	f	f	f	f	f	f	6c0fede4-5e42-43e4-bada-c60d790aff6b	90868a48-c3b4-49c0-8d13-7fde9ac82765
7870da62-e37e-4c7a-bdb4-840365a4941c	t	\N	2024-05-21 15:16:18.114203+08	\N	2024-05-21 15:16:18.114203+08	中国运营 中国生产 生产部 挖掘机1课	HD020053	f	f	f	f	f	f	6c0fede4-5e42-43e4-bada-c60d790aff6b	0e4bc491-60dd-42cd-9171-5bbdc201d0bc
2de73a50-6390-4b04-a050-8649aab7108a	t	\N	2024-05-21 15:16:18.128169+08	\N	2024-05-21 15:16:18.128169+08	中国运营 中国研发 挖掘机设计部	HD020065	f	f	f	f	f	f	6c0fede4-5e42-43e4-bada-c60d790aff6b	bc13e378-90b9-4797-91ca-91301e3f7ec8
fa2a4daf-98e7-4259-8bef-cd70c4da7440	t	\N	2024-05-21 15:16:18.135222+08	\N	2024-05-21 15:16:18.135222+08	中国运营 中国生产 生产部 挖掘机3课 7职	HD020076	f	f	f	f	f	f	6c0fede4-5e42-43e4-bada-c60d790aff6b	9ca79145-18a4-41f8-83e5-32790c926175
40d544be-fc33-4300-9caf-c90f14875c01	t	\N	2024-05-21 15:16:18.146193+08	\N	2024-05-21 15:16:18.146193+08	中国运营 中国生产 生产部 挖掘机1课 2职	HD020087	f	f	f	f	f	f	6c0fede4-5e42-43e4-bada-c60d790aff6b	7870da62-e37e-4c7a-bdb4-840365a4941c
0614f101-93ec-4b7f-9162-2b2aea398891	t	\N	2024-05-21 15:16:18.167196+08	\N	2024-05-21 15:16:18.167196+08	中国运营 中国生产 生产部 挖掘机2课 5职 3组	HD020097	f	f	f	f	f	f	6c0fede4-5e42-43e4-bada-c60d790aff6b	19f6b316-0e67-4763-b33c-4c626522723a
bd7629b4-bf42-474b-9e63-cf42a44cab7d	t	\N	2024-05-21 15:16:18.179168+08	\N	2024-05-21 15:16:18.179168+08	中国营业/AM/PS AM/PS部(苏州) AM运营课（苏州）	HD020109	f	f	f	f	f	f	6c0fede4-5e42-43e4-bada-c60d790aff6b	44f67690-c1b7-452b-9f96-30af24c920de
21eaaeb6-1c90-4a27-9d7f-1ffd14558cd3	t	\N	2024-05-21 15:16:18.194172+08	\N	2024-05-21 15:16:18.194172+08	中国运营 中国生产 生产管理部 物流课 保管职 保管3组	HD020127	f	f	f	f	f	f	6c0fede4-5e42-43e4-bada-c60d790aff6b	1e5af099-8fbc-4767-adc3-ea9a74a36680
babeec10-f44e-4d91-b86c-b0ed2a720e70	t	\N	2024-05-21 15:16:18.202556+08	\N	2024-05-21 15:16:18.202556+08	中国事业部门 AM/PS AM AM运营部 AM物流课 仓库管理职 入库管理组	HD020136	f	f	f	f	f	f	6c0fede4-5e42-43e4-bada-c60d790aff6b	1655bc00-329f-4a1f-afff-52f574f88b2e
8089c8af-9a0e-4147-9191-de4a82270475	t	\N	2024-05-21 15:16:18.206585+08	\N	2024-05-21 15:16:18.206585+08	中国运营 中国品质 产品品质部 部品品质课 不良品回收分析组	HD020140	f	f	f	f	f	f	6c0fede4-5e42-43e4-bada-c60d790aff6b	362992c8-3d3c-4f06-b4e6-451dedf02ee1
3b755267-2e62-42af-a96e-4c3f3b0631ce	t	\N	2024-05-21 15:16:18.214525+08	\N	2024-05-21 15:16:18.214525+08	中国运营 中国生产 生产部 挖掘机2课 6职 2组	HD020145	f	f	f	f	f	f	6c0fede4-5e42-43e4-bada-c60d790aff6b	d65ad205-941b-4e1c-a3e9-74f6e0b60db9
0395baf2-ed72-45ed-9f91-544b5b09c0ee	t	\N	2024-05-21 15:16:18.228489+08	\N	2024-05-21 15:16:18.228489+08	中国生产 中国国四排放法规应对 CFT	HD020167	f	f	f	f	f	f	6c0fede4-5e42-43e4-bada-c60d790aff6b	99e25000-59e5-465a-8758-e7fae5c3b1fc
521e978d-56c5-4dfe-9c35-606fd28af124	t	\N	2024-05-21 15:16:18.236506+08	\N	2024-05-21 15:16:18.236506+08	中国运营 中国生产 运营革新部  变化管理课	HD020176	f	f	f	f	f	f	6c0fede4-5e42-43e4-bada-c60d790aff6b	556868ae-e29d-4d95-b16c-de61c4d7d52f
e4d269de-fc41-4b4d-9654-6db255523749	t	\N	2024-05-21 15:16:18.25043+08	\N	2024-05-21 15:16:18.25043+08	中国事业部门 中国HR 人事企划部 人才开发课 Change Agent	HD020185	f	f	f	f	f	f	6c0fede4-5e42-43e4-bada-c60d790aff6b	ce684a7f-3009-485c-ac49-a89e7f3a59fa
5237d36d-182a-4da1-82f9-be8bc835c29b	t	\N	2024-05-21 15:16:18.266388+08	\N	2024-05-21 15:16:18.266388+08	建机 研发 China R&D China测试部 产品验证课	HD020201	f	f	f	f	f	f	6c0fede4-5e42-43e4-bada-c60d790aff6b	52092493-3a53-49c8-8eb2-d706f95aadc1
20676c07-0365-4a24-818f-d89009fd29a0	t	\N	2024-05-21 15:16:18.272371+08	\N	2024-05-21 15:16:18.272371+08	中国运营 中国品质 品质保证部 认证法规课	HD020206	f	f	f	f	f	f	6c0fede4-5e42-43e4-bada-c60d790aff6b	171834e3-8d46-4bfc-bc46-e0600437ffd3
97046c45-19e1-48f5-abee-17e7818c18be	t	\N	2024-05-21 15:16:18.283343+08	\N	2024-05-21 15:16:18.283343+08	中国运营 中国生产 生产部 挖掘机1课 3职 4组	HD020386	f	f	f	f	f	f	6c0fede4-5e42-43e4-bada-c60d790aff6b	f70fcf6b-f0ee-4832-b118-b82f1abe5380
0d0c90de-853b-4a23-9059-ee0e581df43d	t	\N	2024-05-21 15:16:18.29717+08	\N	2024-05-21 15:16:18.29717+08	中国运营 中国品质	HD020398	f	f	f	f	f	f	6c0fede4-5e42-43e4-bada-c60d790aff6b	f8543220-6d6b-47a7-b61a-f160c458fe21
f7f2a5ae-ed4c-4794-88d4-418cf440780b	t	\N	2024-05-21 15:16:18.302158+08	\N	2024-05-21 15:16:18.302158+08	中国事业部门 装载机/特殊装备事业 特殊装备事业部 OEM课	HD020404	f	f	f	f	f	f	6c0fede4-5e42-43e4-bada-c60d790aff6b	f8f9abb5-b5a0-4849-a8e0-51d99a26b627
fa1d5f36-909f-4e64-a4b4-be658063650f	t	\N	2024-05-21 15:16:18.320533+08	\N	2024-05-21 15:16:18.320533+08	中国运营 中国品质 产品品质部 部品品质课 部品检查职 部品检查2组	HD0E1421	f	f	f	f	f	f	6c0fede4-5e42-43e4-bada-c60d790aff6b	f25857c2-bb3b-4fde-b3eb-eb8491f1e8ad
b0840800-abb2-4f53-8eb3-053056869bfa	t	\N	2024-05-21 15:16:18.342478+08	\N	2024-05-21 15:16:18.342478+08	中国运营 中国生产 生产管理部	HD0H1000	f	f	f	f	f	f	6c0fede4-5e42-43e4-bada-c60d790aff6b	99e25000-59e5-465a-8758-e7fae5c3b1fc
dd7ee76e-ba9d-4fff-8bcf-8c5e0ad0e4ea	t	\N	2024-05-21 15:16:18.34447+08	\N	2024-05-21 15:16:18.34447+08	中国运营 中国生产 生产管理部 生产管理课	HD0H1100	f	f	f	f	f	f	6c0fede4-5e42-43e4-bada-c60d790aff6b	b0840800-abb2-4f53-8eb3-053056869bfa
72bcad09-6722-441c-a47a-8533f73a7ae8	t	\N	2024-05-21 15:16:18.345469+08	\N	2024-05-21 15:16:18.345469+08	中国运营 中国生产 生产管理部 物流课 保管职 保管1组	HD0H1360	f	f	f	f	f	f	6c0fede4-5e42-43e4-bada-c60d790aff6b	1e5af099-8fbc-4767-adc3-ea9a74a36680
1d58a691-7ffa-41b1-b688-4a87f36a5712	t	\N	2024-05-21 15:16:18.347461+08	\N	2024-05-21 15:16:18.347461+08	中国运营 中国生产 生产管理部 物流课 保管职 保管2组	HD0H1370	f	f	f	f	f	f	6c0fede4-5e42-43e4-bada-c60d790aff6b	1e5af099-8fbc-4767-adc3-ea9a74a36680
a0580b43-569a-40c7-9f19-3a702a6101c9	t	\N	2024-05-21 15:16:18.349458+08	\N	2024-05-21 15:16:18.349458+08	中国运营 中国生产 生产管理部 物流课 投放职 投放1组	HD0H1390	f	f	f	f	f	f	6c0fede4-5e42-43e4-bada-c60d790aff6b	89cbb191-d648-477b-80b2-087104444ac7
89cbb191-d648-477b-80b2-087104444ac7	t	\N	2024-05-21 15:16:18.350493+08	\N	2024-05-21 15:16:18.350493+08	中国运营 中国生产 生产管理部 物流课 投放职	HD0H1392	f	f	f	f	f	f	6c0fede4-5e42-43e4-bada-c60d790aff6b	7433e264-f0d7-447a-8cb1-fda450ef8249
8732c841-718e-4f87-b6ed-585bcaee660f	t	\N	2024-05-21 15:16:18.35245+08	\N	2024-05-21 15:16:18.35245+08	中国生产 生产管理部 生产管理课 出库职 出库组	HD0H1520	f	f	f	f	f	f	6c0fede4-5e42-43e4-bada-c60d790aff6b	050925d3-b8bd-49d0-8f6d-7f66ba7c88a8
050925d3-b8bd-49d0-8f6d-7f66ba7c88a8	t	\N	2024-05-21 15:16:18.353445+08	\N	2024-05-21 15:16:18.353445+08	中国生产 生产管理部 生产管理课 出库职	HD0H1530	f	f	f	f	f	f	6c0fede4-5e42-43e4-bada-c60d790aff6b	dd7ee76e-ba9d-4fff-8bcf-8c5e0ad0e4ea
c53ee317-a10c-48dd-82ef-99f7fd746afe	t	\N	2024-05-21 15:16:18.356437+08	\N	2024-05-21 15:16:18.356437+08	中国事业部门 商品企划部	HD0K6000	f	f	f	f	f	f	6c0fede4-5e42-43e4-bada-c60d790aff6b	90868a48-c3b4-49c0-8d13-7fde9ac82765
aaa8b45b-d144-4324-8fca-de13cb32b8f1	t	\N	2024-05-21 15:16:18.357434+08	\N	2024-05-21 15:16:18.357434+08	中国事业部门 渠道管理部	HD0K7800	f	f	f	f	f	f	6c0fede4-5e42-43e4-bada-c60d790aff6b	90868a48-c3b4-49c0-8d13-7fde9ac82765
99e25000-59e5-465a-8758-e7fae5c3b1fc	t	\N	2024-05-21 15:16:18.358431+08	\N	2024-05-21 15:16:18.358431+08	中国运营 中国生产	HD0O0000	f	f	f	f	f	f	6c0fede4-5e42-43e4-bada-c60d790aff6b	f8543220-6d6b-47a7-b61a-f160c458fe21
ad50f3ce-0224-4fc4-b2e1-a41fe7eb4d8d	t	\N	2024-05-21 15:16:18.360427+08	\N	2024-05-21 15:16:18.360427+08	挖掘机营业 市场部 营业管理课	HD0S2300	f	f	f	f	f	f	6c0fede4-5e42-43e4-bada-c60d790aff6b	013c491d-f6c6-4189-9d5b-87cec15b681f
a60987fc-b3fc-4772-bcdb-7d28aefee107	t	\N	2024-05-21 15:16:18.362422+08	\N	2024-05-21 15:16:18.362422+08	挖掘机营业 华东支社	HD0T1000	f	f	f	f	f	f	6c0fede4-5e42-43e4-bada-c60d790aff6b	807a5b5c-d8ef-41c7-abe9-a1713d1f1a1d
9b4fe9db-1cc9-404e-ad6c-2ecc209c9616	t	\N	2024-05-21 15:16:18.337489+08	\N	2024-05-21 15:16:18.337489+08	中国运营 管理部 设施管理课 设施维护1组	HD0G6220	f	f	f	f	f	f	6c0fede4-5e42-43e4-bada-c60d790aff6b	bccac5ea-2eac-4aa1-adb0-e99e90bb1ef6
496a94df-b510-4f4e-9730-0e23380fe095	t	\N	2024-05-21 15:16:18.34048+08	\N	2024-05-21 15:16:18.34048+08	中国运营 中国生产 生产技术部 设备支援课 设备维修组	HD0G6310	f	f	f	f	f	f	6c0fede4-5e42-43e4-bada-c60d790aff6b	82889256-32b9-4fd1-ad16-59888ddba6d4
1e5af099-8fbc-4767-adc3-ea9a74a36680	t	\N	2024-05-21 15:16:18.35448+08	\N	2024-05-21 15:16:18.35448+08	中国运营 中国生产 生产管理部 物流课 保管职	HD0H6110	f	f	f	f	f	f	6c0fede4-5e42-43e4-bada-c60d790aff6b	7433e264-f0d7-447a-8cb1-fda450ef8249
\.


--
-- Data for Name: org_employee; Type: TABLE DATA; Schema: public; Owner: mes
--

COPY public.org_employee (id, active, created_by, created_on, updated_by, updated_on, name, code, email, phone, photo_path, department_id, user_id, work_center_id) FROM stdin;
d9cc13be-6d85-43de-a246-3dc7ab2aebd6	t	\N	2024-05-21 15:16:51.869641+08	\N	2024-05-21 15:16:51.869641+08	邵泽伟	ic1000879	\N	\N	\N	5e933b58-e0a0-44da-a54d-9622e0619d79	\N	\N
4d131239-4955-4b83-b1c5-0d5b3a4d0aff	t	\N	2024-05-21 15:16:51.881922+08	\N	2024-05-21 15:16:51.881922+08	张进东	i0164700	\N	\N	\N	7b3c37e5-af18-477a-8fdb-64b9c249a783	\N	\N
b28adc02-52e1-43c6-b909-fbdd27dbc7bc	t	\N	2024-05-21 15:16:51.882919+08	\N	2024-05-21 15:16:51.882919+08	刘波	ic9553605	\N	\N	\N	2cbc7f0d-a9de-48db-85de-5962512b162b	\N	\N
ee07acd3-df8d-412a-be7e-4b49450a7f1f	t	\N	2024-05-21 15:16:51.884507+08	\N	2024-05-21 15:16:51.884507+08	乔国冀	ic9553618	\N	\N	\N	1ecdce5f-6f12-4d25-bf76-12e7b5de9a9a	\N	\N
19613ea5-7faf-4016-87c2-d79dd885ab4d	t	\N	2024-05-21 15:16:51.886504+08	\N	2024-05-21 15:16:51.886504+08	王大文	1925645	\N	\N	\N	be176f6f-c409-4962-970a-4d3a71df161d	\N	\N
76ad2a39-5087-4574-86f6-2250e48b1699	t	\N	2024-05-21 15:16:51.887503+08	\N	2024-05-21 15:16:51.887503+08	杜言鑫	ic9553705	\N	\N	\N	21eaaeb6-1c90-4a27-9d7f-1ffd14558cd3	\N	\N
dd75723c-2d52-47a3-bb21-351a7cb74791	t	\N	2024-05-21 15:16:51.8885+08	\N	2024-05-21 15:16:51.8885+08	吴涌	yong	\N	\N	\N	72bcad09-6722-441c-a47a-8533f73a7ae8	\N	\N
6e952def-50ea-457b-9d33-145ebd156dd5	t	\N	2024-05-21 15:16:51.889499+08	\N	2024-05-21 15:16:51.889499+08	叶俊勇	1923086	\N	\N	\N	496a94df-b510-4f4e-9730-0e23380fe095	\N	\N
5c8c5306-21d7-4e8a-98f3-30c1e29f4b7e	t	\N	2024-05-21 15:16:51.890808+08	\N	2024-05-21 15:16:51.890808+08	吕忠浩	ic9554718	\N	\N	\N	27f5cd1e-33a2-4af3-ada4-4f2a1d83edf1	\N	\N
0b150603-f81b-49e9-a996-c040fb98b108	t	\N	2024-05-21 15:16:51.891809+08	\N	2024-05-21 15:16:51.891809+08	李树春	ic9554721	\N	\N	\N	37ea05e9-3074-43c3-843e-83dcef8b33df	\N	\N
68b81839-56fc-49a7-8aea-8693f1567f21	t	\N	2024-05-21 15:16:51.892806+08	\N	2024-05-21 15:16:51.892806+08	原海江	ic9554763	\N	\N	\N	e3a9fd7e-9e06-44b6-8cc2-d031e68e8461	\N	\N
007d2735-1cac-4361-8544-121a03b59da5	t	\N	2024-05-21 15:16:51.894802+08	\N	2024-05-21 15:16:51.894802+08	王伟	1923090	\N	\N	\N	97046c45-19e1-48f5-abee-17e7818c18be	\N	\N
432209b6-7612-46d1-8a27-b0d5ade9088f	t	\N	2024-05-21 15:16:51.895798+08	\N	2024-05-21 15:16:51.895798+08	管浩凯	1923091	\N	\N	\N	0a5c5026-c176-4dbc-afd4-0b7dae906fa5	\N	\N
0b0eacf4-7f50-439d-b1dd-a06b5283ca40	t	\N	2024-05-21 15:16:51.896797+08	\N	2024-05-21 15:16:51.896797+08	钟立川	ic0352989	\N	\N	\N	0614f101-93ec-4b7f-9162-2b2aea398891	\N	\N
8e02838e-26cd-4ba5-a1b7-75f34549dbc1	t	\N	2024-05-21 15:16:51.89879+08	\N	2024-05-21 15:16:51.89879+08	尹旭宁	1923093	\N	\N	\N	3b755267-2e62-42af-a96e-4c3f3b0631ce	\N	\N
0fe0f61d-38ac-4928-8428-1683aa2b456f	t	\N	2024-05-21 15:16:51.899788+08	\N	2024-05-21 15:16:51.899788+08	柳玉金	ic0752388	\N	\N	\N	4134be1f-60ee-455b-9c24-2d85b7fee8aa	\N	\N
d7f6e6bf-f0a3-4b87-aaba-16b644f7be44	t	\N	2024-05-21 15:16:51.900815+08	\N	2024-05-21 15:16:51.900815+08	孙德波	ic0752391	\N	\N	\N	1c1e045c-965d-4af3-99da-3e38e80ad4f7	\N	\N
a177d903-abbb-4889-8034-8290c8af7d10	t	\N	2024-05-21 15:16:51.901816+08	\N	2024-05-21 15:16:51.901816+08	于浩	1923022	\N	\N	\N	97046c45-19e1-48f5-abee-17e7818c18be	\N	\N
4a8ec7b2-1a10-4a82-9530-df78d22e9423	t	\N	2024-05-21 15:16:51.903811+08	\N	2024-05-21 15:16:51.903811+08	孟祥东	ic9553750	\N	\N	\N	0a5c5026-c176-4dbc-afd4-0b7dae906fa5	\N	\N
b508fde3-1025-4817-8643-ef1a8d6ea11b	t	\N	2024-05-21 15:16:51.904809+08	\N	2024-05-21 15:16:51.904809+08	张庆德	1923024	\N	\N	\N	97046c45-19e1-48f5-abee-17e7818c18be	\N	\N
acb9ce7e-2d43-4c5f-8a84-d108d6dc7eb0	t	\N	2024-05-21 15:16:51.905804+08	\N	2024-05-21 15:16:51.905804+08	包同展	1923025	\N	\N	\N	98b83526-80ce-4c56-8f58-df2b31d7939b	\N	\N
2dd5af6f-4389-44ed-8d4c-fe4e64ab28d8	t	\N	2024-05-21 15:16:51.906803+08	\N	2024-05-21 15:16:51.906803+08	林军	ic9553818	\N	\N	\N	aba98cf1-9cf7-4a34-acdb-08867ad74437	\N	\N
8de821fb-7dcf-4e6b-a52a-c310e835a692	t	\N	2024-05-21 15:16:51.9078+08	\N	2024-05-21 15:16:51.9078+08	张智宇	ic9553876	\N	\N	\N	a60987fc-b3fc-4772-bcdb-7d28aefee107	\N	\N
6f933490-583e-4db3-b020-eddd4e846153	t	\N	2024-05-21 15:16:51.909795+08	\N	2024-05-21 15:16:51.909795+08	迟宏杰	ic0352211	\N	\N	\N	f0fb1804-41f8-43d3-a15b-4379fdfe5ae7	\N	\N
1187d384-c7c5-43fd-bb3f-2d50b5e9dde7	t	\N	2024-05-21 15:16:51.91179+08	\N	2024-05-21 15:16:51.91179+08	王文超	ic0353034	\N	\N	\N	e3a9fd7e-9e06-44b6-8cc2-d031e68e8461	\N	\N
e5cb2a5e-8f11-4a0a-ac65-12c263ba9a30	t	\N	2024-05-21 15:16:51.912786+08	\N	2024-05-21 15:16:51.912786+08	姜庆伟	1925357	\N	\N	\N	60788ebe-4094-488c-860c-9ee459e7930b	\N	\N
da7d1313-4079-4650-91e2-f7d502852c93	t	\N	2024-05-21 15:16:51.913783+08	\N	2024-05-21 15:16:51.913783+08	孙迎霞	ic9530945	\N	\N	\N	e3f7f28d-585f-46af-9168-dd05aafe505d	\N	\N
8f4e320e-8e25-4f3c-a984-32290ab949e8	t	\N	2024-05-21 15:16:51.914812+08	\N	2024-05-21 15:16:51.914812+08	林帅	1925015	\N	\N	\N	a55b5b3b-b79b-46f7-8e36-51ba14c904c6	\N	\N
24e287ce-1ce2-400c-9817-07edb0f439a8	t	\N	2024-05-21 15:16:51.916809+08	\N	2024-05-21 15:16:51.916809+08	王江涛	ic0852025	\N	\N	\N	21eaaeb6-1c90-4a27-9d7f-1ffd14558cd3	\N	\N
daead55d-8c56-40d1-92ce-e22ee7400611	t	\N	2024-05-21 15:16:51.917774+08	\N	2024-05-21 15:16:51.917774+08	魏玮	ic9531032	\N	\N	\N	1f371b61-dc0d-4473-97c6-5d4576eb92d7	\N	\N
a19e4f48-3482-4a1d-93f0-32716f326680	t	\N	2024-05-21 15:16:51.919768+08	\N	2024-05-21 15:16:51.919768+08	陈前超	ic0732328	\N	\N	\N	bbd89d20-7864-48af-bae1-e18d162f3f50	\N	\N
c1e7956e-52a0-4d56-b894-58b6f06c8aea	t	\N	2024-05-21 15:16:51.92179+08	\N	2024-05-21 15:16:51.92179+08	路海涛	ic9553905	\N	\N	\N	27431412-db18-481a-97f7-e979e24a7c6d	\N	\N
ec1c128e-80b1-44df-86af-d399cbbf7203	t	\N	2024-05-21 15:16:51.92276+08	\N	2024-05-21 15:16:51.92276+08	荆丽军	ic9553934	\N	\N	\N	f7f2a5ae-ed4c-4794-88d4-418cf440780b	\N	\N
d0636e32-b914-49fd-b27f-910d10dd0675	t	\N	2024-05-21 15:16:51.923757+08	\N	2024-05-21 15:16:51.923757+08	郑延敏	ic9530128	\N	\N	\N	7b3c37e5-af18-477a-8fdb-64b9c249a783	\N	\N
12d8b9b4-3950-49b0-9942-0bf300c1645e	t	\N	2024-05-21 15:16:51.924756+08	\N	2024-05-21 15:16:51.924756+08	李玉洁	ic0352340	\N	\N	\N	3b755267-2e62-42af-a96e-4c3f3b0631ce	\N	\N
834cf087-ea24-4190-8224-8ad0750fe6df	t	\N	2024-05-21 15:16:51.92675+08	\N	2024-05-21 15:16:51.92675+08	唐朝	ic0352366	\N	\N	\N	4134be1f-60ee-455b-9c24-2d85b7fee8aa	\N	\N
61a5f863-a97b-41f4-9017-7cd4d313f9ba	t	\N	2024-05-21 15:16:51.928747+08	\N	2024-05-21 15:16:51.928747+08	柳华建	ic0352408	\N	\N	\N	73fb3d83-1f4b-4b65-8d89-a4e51aabad48	\N	\N
f685ecbe-3d16-4d2c-847e-1f74f0df3683	t	\N	2024-05-21 15:16:51.930778+08	\N	2024-05-21 15:16:51.930778+08	张美霞	ic0732379	\N	\N	\N	459a1e71-2721-450b-b4a1-bca743b72e9b	\N	\N
6f3653bf-eb10-48e8-a03d-61953938e889	t	\N	2024-05-21 15:16:51.931738+08	\N	2024-05-21 15:16:51.931738+08	孙健	ic0752149	\N	\N	\N	44d8741e-f002-4d40-bbc2-469056d745ab	\N	\N
8f2b29ec-c4f6-45d1-b521-43c6065acfee	t	\N	2024-05-21 15:16:51.932734+08	\N	2024-05-21 15:16:51.932734+08	洪京德	ic9530238	\N	\N	\N	2df8df2e-75eb-486d-911a-5819c1cc2a13	\N	\N
63503894-8580-46b7-8fc2-0e724f5f1722	t	\N	2024-05-21 15:16:51.934728+08	\N	2024-05-21 15:16:51.934728+08	林强	ic9554805	\N	\N	\N	37ea05e9-3074-43c3-843e-83dcef8b33df	\N	\N
9d89182c-fb6d-4859-8d89-ebd4663add62	t	\N	2024-05-21 15:16:51.935725+08	\N	2024-05-21 15:16:51.935725+08	赵信崴	ic0353350	\N	\N	\N	459a1e71-2721-450b-b4a1-bca743b72e9b	\N	\N
19721feb-f594-4153-8ae0-21017fc03cf7	t	\N	2024-05-21 15:16:51.936725+08	\N	2024-05-21 15:16:51.936725+08	邢晓虎	ic0752416	\N	\N	\N	8089c8af-9a0e-4147-9191-de4a82270475	\N	\N
27b125be-11a4-4e40-a28e-bea513ba58f0	t	\N	2024-05-21 15:16:51.93772+08	\N	2024-05-21 15:16:51.93772+08	韩子超	ic0752418	\N	\N	\N	25f115d3-7250-4b3c-b4b6-3570f0b5eec8	\N	\N
55a5f348-cffc-4818-bc24-33c19dabad3a	t	\N	2024-05-21 15:16:51.939726+08	\N	2024-05-21 15:16:51.939726+08	王靖山	ic0352495	\N	\N	\N	ce5ac698-191c-4892-b953-ab02ed2d1d8f	\N	\N
1ddac241-3f0b-470a-8211-97eed139ce8f	t	\N	2024-05-21 15:16:51.940714+08	\N	2024-05-21 15:16:51.940714+08	徐书乐	1923033	\N	\N	\N	71864559-0bf3-4dc1-91d8-4f3a2b8f2045	\N	\N
e4095836-e6ab-4456-9997-6eca22b76e0c	t	\N	2024-05-21 15:16:51.943706+08	\N	2024-05-21 15:16:51.943706+08	刘红星	ic0353247	\N	\N	\N	fa1d5f36-909f-4e64-a4b4-be658063650f	\N	\N
2b2d34c0-dd4f-4944-85da-34595042e1a9	t	\N	2024-05-21 15:16:51.945699+08	\N	2024-05-21 15:16:51.945699+08	徐希兵	ic0353250	\N	\N	\N	e3a9fd7e-9e06-44b6-8cc2-d031e68e8461	\N	\N
45e3ff0a-1f25-4806-b5e0-9e5db93a5136	t	\N	2024-05-21 15:16:51.947694+08	\N	2024-05-21 15:16:51.947694+08	吕其升	ic0752257	\N	\N	\N	b0987c78-7086-4760-b1df-56884280e7b2	\N	\N
4e81858b-5ec7-4d3f-b072-69982b577140	t	\N	2024-05-21 15:16:51.948692+08	\N	2024-05-21 15:16:51.948692+08	丛秀红	ic9510803	\N	\N	\N	dd7ee76e-ba9d-4fff-8bcf-8c5e0ad0e4ea	\N	\N
f19c4490-8890-418c-92f1-db5259b7a9f6	t	\N	2024-05-21 15:16:51.949689+08	\N	2024-05-21 15:16:51.949689+08	曹振财	1925009	\N	\N	\N	a6e00caa-6fba-4122-aecc-8cb70f80fc8c	\N	\N
2b37930e-8723-4c30-a9b4-5984a9fd92ed	t	\N	2024-05-21 15:16:51.950686+08	\N	2024-05-21 15:16:51.950686+08	李海波	ic0353289	\N	\N	\N	b11d6a1f-f63a-4f5d-88bf-ea5bff7caf85	\N	\N
c5325fbf-a94f-44d6-aada-6e5a2bb3b892	t	\N	2024-05-21 15:16:51.952681+08	\N	2024-05-21 15:16:51.952681+08	李文东	ic0353334	\N	\N	\N	31276793-0b52-4bb0-89b4-cc15dd23f71d	\N	\N
d6ece43d-9216-4c20-955e-52410475f125	t	\N	2024-05-21 15:16:51.953678+08	\N	2024-05-21 15:16:51.953678+08	于懂礼	ic0353347	\N	\N	\N	e3a9fd7e-9e06-44b6-8cc2-d031e68e8461	\N	\N
64b94729-13de-44b2-8173-b1960b6640c6	t	\N	2024-05-21 15:16:51.954675+08	\N	2024-05-21 15:16:51.954675+08	曲少鹏	ic0752103	\N	\N	\N	420eb1a5-712c-4f02-8eb5-945e62931660	\N	\N
e6989e7a-4b4d-4a8d-8679-98515fcc178d	t	\N	2024-05-21 15:16:51.955673+08	\N	2024-05-21 15:16:51.955673+08	张平平	ic0752430	\N	\N	\N	babeec10-f44e-4d91-b86c-b0ed2a720e70	\N	\N
39176d02-235b-4fad-93e8-3a1fcb83fa33	t	\N	2024-05-21 15:16:51.956671+08	\N	2024-05-21 15:16:51.956671+08	王立平	1923113	\N	\N	\N	3b755267-2e62-42af-a96e-4c3f3b0631ce	\N	\N
7970db64-011b-44ff-9068-216ddf4b74dd	t	\N	2024-05-21 15:16:51.957667+08	\N	2024-05-21 15:16:51.957667+08	丛鹏	1923114	\N	\N	\N	ce5ac698-191c-4892-b953-ab02ed2d1d8f	\N	\N
ffc75433-61af-4546-bcdf-3b3671c7be5e	t	\N	2024-05-21 15:16:51.958665+08	\N	2024-05-21 15:16:51.958665+08	张浩	ic0353550	\N	\N	\N	5148a4df-225f-4a23-b4a7-2f62ec1a9e36	\N	\N
fcabb73a-1237-45f2-b331-ada135d34dbe	t	\N	2024-05-21 15:16:51.960659+08	\N	2024-05-21 15:16:51.960659+08	张旭东	ic9531116	\N	\N	\N	556868ae-e29d-4d95-b16c-de61c4d7d52f	\N	\N
4c30d8d1-fc58-4678-bf7f-e1d15bc3aac4	t	\N	2024-05-21 15:16:51.962694+08	\N	2024-05-21 15:16:51.962694+08	姜家卫	ic9550027	\N	\N	\N	3b755267-2e62-42af-a96e-4c3f3b0631ce	\N	\N
6176e93f-9892-41da-bc93-be296c7f6714	t	\N	2024-05-21 15:16:51.964652+08	\N	2024-05-21 15:16:51.964652+08	李顺利	ic9550043	\N	\N	\N	b07fa005-2385-4797-aa9d-1c967ba94046	\N	\N
b5905f9b-23e6-47a2-b30d-d2db6b3ec5ad	t	\N	2024-05-21 15:16:51.966644+08	\N	2024-05-21 15:16:51.966644+08	胡琦山	ic9550069	\N	\N	\N	f0fb1804-41f8-43d3-a15b-4379fdfe5ae7	\N	\N
6f8d35ad-21fc-44d7-95f6-7c1261e8f284	t	\N	2024-05-21 15:16:51.968639+08	\N	2024-05-21 15:16:51.968639+08	张波	1923163	\N	\N	\N	31276793-0b52-4bb0-89b4-cc15dd23f71d	\N	\N
f5f734aa-73cc-4826-a113-3410fa860c31	t	\N	2024-05-21 15:16:51.969635+08	\N	2024-05-21 15:16:51.969635+08	刘学功	ic9531290	\N	\N	\N	c2a37f04-8d07-442b-8f6f-79b49efdf1e1	\N	\N
53170878-a9c4-4531-b6fd-72b8b8a53765	t	\N	2024-05-21 15:16:51.971376+08	\N	2024-05-21 15:16:51.971376+08	黄燕	ic9550137	\N	\N	\N	dd7ee76e-ba9d-4fff-8bcf-8c5e0ad0e4ea	\N	\N
e2685db2-7c82-4e92-921d-8709809d8e06	t	\N	2024-05-21 15:16:51.972378+08	\N	2024-05-21 15:16:51.972378+08	孙维东	ic9550166	\N	\N	\N	1d58a691-7ffa-41b1-b688-4a87f36a5712	\N	\N
b7005fb9-e9ad-4ef3-9b01-20ae083d3831	t	\N	2024-05-21 15:16:51.973374+08	\N	2024-05-21 15:16:51.973374+08	于华	ic9550179	\N	\N	\N	7433e264-f0d7-447a-8cb1-fda450ef8249	\N	\N
a5849b07-22a8-4397-b753-798d963d7400	t	\N	2024-05-21 15:16:51.974374+08	\N	2024-05-21 15:16:51.974374+08	杜言国	ic9550221	\N	\N	\N	1d58a691-7ffa-41b1-b688-4a87f36a5712	\N	\N
cd9b2b79-ff83-48ea-9006-e7c463eee6db	t	\N	2024-05-21 15:16:51.975407+08	\N	2024-05-21 15:16:51.975407+08	赵奎	ic9550234	\N	\N	\N	3b755267-2e62-42af-a96e-4c3f3b0631ce	\N	\N
4be4658b-a1ba-465e-92db-71e6625a41be	t	\N	2024-05-21 15:16:51.978362+08	\N	2024-05-21 15:16:51.978362+08	赵玉光	ic9550276	\N	\N	\N	b07fa005-2385-4797-aa9d-1c967ba94046	\N	\N
909016b3-bcd3-489c-b5e4-a9a72bdfd89b	t	\N	2024-05-21 15:16:51.981354+08	\N	2024-05-21 15:16:51.981354+08	王德龙	ic0352553	\N	\N	\N	ce5ac698-191c-4892-b953-ab02ed2d1d8f	\N	\N
b0c3a7ea-cab6-4d85-a770-68c3735c6b45	t	\N	2024-05-21 15:16:51.98235+08	\N	2024-05-21 15:16:51.98235+08	王晓庆	1923035	\N	\N	\N	420eb1a5-712c-4f02-8eb5-945e62931660	\N	\N
1310ab42-ff21-49e2-a5ae-8ea2e6e2e77a	t	\N	2024-05-21 15:16:51.983349+08	\N	2024-05-21 15:16:51.983349+08	王升辉	ic0352579	\N	\N	\N	31276793-0b52-4bb0-89b4-cc15dd23f71d	\N	\N
0b2dd45f-3b2f-401b-8c74-a7df1da780e8	t	\N	2024-05-21 15:16:51.985342+08	\N	2024-05-21 15:16:51.985342+08	张增金	1925401	\N	\N	\N	bc8424a1-1ada-4897-91e1-66f044e90df2	\N	\N
4a08003d-69e0-4a50-807f-e0288d146dc4	t	\N	2024-05-21 15:16:51.986342+08	\N	2024-05-21 15:16:51.986342+08	谢树锋	ic0352605	\N	\N	\N	40d544be-fc33-4300-9caf-c90f14875c01	\N	\N
466a753a-2530-4e49-8455-4b2762435627	t	\N	2024-05-21 15:16:51.988334+08	\N	2024-05-21 15:16:51.988334+08	杜玲艳	ic0732695	\N	\N	\N	bbd89d20-7864-48af-bae1-e18d162f3f50	\N	\N
ec42eb1b-372d-4688-94d1-3b07e5b43a8a	t	\N	2024-05-21 15:16:51.989331+08	\N	2024-05-21 15:16:51.989331+08	和平	ic0732697	\N	\N	\N	2fa0c33e-6db0-486b-88fa-593eb2ef784a	\N	\N
f348162c-fd70-4b71-8569-562d92cd4431	t	\N	2024-05-21 15:16:51.991333+08	\N	2024-05-21 15:16:51.991333+08	徐绍保	ic0732698	\N	\N	\N	dd7ee76e-ba9d-4fff-8bcf-8c5e0ad0e4ea	\N	\N
1e8da97e-399a-4f9a-947b-e2465296097e	t	\N	2024-05-21 15:16:51.992325+08	\N	2024-05-21 15:16:51.992325+08	黄永	ic9554021	\N	\N	\N	459a1e71-2721-450b-b4a1-bca743b72e9b	\N	\N
eaa8e179-abd9-4c5e-a10f-a49673c9294a	t	\N	2024-05-21 15:16:51.995316+08	\N	2024-05-21 15:16:51.995316+08	李静	ic9554147	\N	\N	\N	59a70773-de5e-4ce4-8b5b-2bea80282391	\N	\N
e02b6422-11b8-468a-b006-715da4ad5e1a	t	\N	2024-05-21 15:16:51.996314+08	\N	2024-05-21 15:16:51.996314+08	王仁海	ic9554176	\N	\N	\N	521e978d-56c5-4dfe-9c35-606fd28af124	\N	\N
559d87e7-a4ea-4990-8a1d-1f5c8901279c	t	\N	2024-05-21 15:16:51.998345+08	\N	2024-05-21 15:16:51.998345+08	于乾	ic9554189	\N	\N	\N	25f115d3-7250-4b3c-b4b6-3570f0b5eec8	\N	\N
e0cc926f-620f-4361-9980-5d3c4e1bd12c	t	\N	2024-05-21 15:16:51.999306+08	\N	2024-05-21 15:16:51.999306+08	曾红丽	ic0732326	\N	\N	\N	556868ae-e29d-4d95-b16c-de61c4d7d52f	\N	\N
994053ef-a32c-4969-af66-555efc4e4c07	t	\N	2024-05-21 15:16:52.000554+08	\N	2024-05-21 15:16:52.000554+08	王晓波	ic9510958	\N	\N	\N	f0fb1804-41f8-43d3-a15b-4379fdfe5ae7	\N	\N
26c4e8f3-7b36-472f-bbff-77f9c2e8da8d	t	\N	2024-05-21 15:16:52.001556+08	\N	2024-05-21 15:16:52.001556+08	陈广涛	ic9550289	\N	\N	\N	97046c45-19e1-48f5-abee-17e7818c18be	\N	\N
e9b83f5d-c13a-48e5-a194-4b230299db32	t	\N	2024-05-21 15:16:52.00355+08	\N	2024-05-21 15:16:52.00355+08	曲存刚	1923102	\N	\N	\N	72bcad09-6722-441c-a47a-8533f73a7ae8	\N	\N
4330b605-4bc9-41ac-8acb-25bd66c83a68	t	\N	2024-05-21 15:16:52.004547+08	\N	2024-05-21 15:16:52.004547+08	钟庆耀	ic0450427	\N	\N	\N	dd7ee76e-ba9d-4fff-8bcf-8c5e0ad0e4ea	\N	\N
c22341c3-ac7d-4b68-bc64-38dfcce6f68a	t	\N	2024-05-21 15:16:52.006542+08	\N	2024-05-21 15:16:52.006542+08	王晓讯	1923146	\N	\N	\N	bbd89d20-7864-48af-bae1-e18d162f3f50	\N	\N
a12e421c-ccea-4c2f-a8b9-b8aaa6403751	t	\N	2024-05-21 15:16:52.007539+08	\N	2024-05-21 15:16:52.007539+08	丛三强	1923147	\N	\N	\N	60788ebe-4094-488c-860c-9ee459e7930b	\N	\N
05d0c9a3-76c1-482d-b833-d51749628287	t	\N	2024-05-21 15:16:52.008536+08	\N	2024-05-21 15:16:52.008536+08	刘洋	ic0450074	\N	\N	\N	3b755267-2e62-42af-a96e-4c3f3b0631ce	\N	\N
4859eb88-badf-495c-9d22-7cf1ba52e8f2	t	\N	2024-05-21 15:16:52.010533+08	\N	2024-05-21 15:16:52.010533+08	王朋飞	1923149	\N	\N	\N	21eaaeb6-1c90-4a27-9d7f-1ffd14558cd3	\N	\N
9d30b55f-e72d-4b3f-ac49-fb332eadcd87	t	\N	2024-05-21 15:16:52.012526+08	\N	2024-05-21 15:16:52.012526+08	王晓明	xiaoming	\N	\N	\N	97046c45-19e1-48f5-abee-17e7818c18be	\N	\N
7c4dea6d-22c1-462c-bfe9-aaf212d75255	t	\N	2024-05-21 15:16:52.014522+08	\N	2024-05-21 15:16:52.014522+08	王贞霖	ic0450430	\N	\N	\N	3b755267-2e62-42af-a96e-4c3f3b0631ce	\N	\N
05e0fd24-1d28-490f-9bc5-088ab48f546c	t	\N	2024-05-21 15:16:52.015493+08	\N	2024-05-21 15:16:52.015493+08	初丰磊	1925481	\N	\N	\N	fac5750d-72e6-4d03-978c-2e2a4fcecab9	\N	\N
2d5a30e3-e727-4d4f-b9ec-03f7945ff688	t	\N	2024-05-21 15:16:52.016495+08	\N	2024-05-21 15:16:52.016495+08	林希茂	ic0752406	\N	\N	\N	21eaaeb6-1c90-4a27-9d7f-1ffd14558cd3	\N	\N
6256b531-bf17-49c9-b800-d6ed1d5635c7	t	\N	2024-05-21 15:16:52.017491+08	\N	2024-05-21 15:16:52.017491+08	张忠斌	zhongbin	\N	\N	\N	2cbc7f0d-a9de-48db-85de-5962512b162b	\N	\N
b7f611ba-b1fa-4ad7-b2e0-d21c032f583c	t	\N	2024-05-21 15:16:52.019486+08	\N	2024-05-21 15:16:52.019486+08	杨志远	ic0430269	\N	\N	\N	90f1411f-20eb-4259-8a4e-6b2f7906aa43	\N	\N
968091f1-cf8d-44d2-a3ba-84cd1cdcc29e	t	\N	2024-05-21 15:16:52.020483+08	\N	2024-05-21 15:16:52.020483+08	李刚	ic0752355	\N	\N	\N	b11d6a1f-f63a-4f5d-88bf-ea5bff7caf85	\N	\N
a9e423f2-2f61-4947-9ee5-c2e9e1711f8b	t	\N	2024-05-21 15:16:52.023475+08	\N	2024-05-21 15:16:52.023475+08	刘万超	ic0352747	\N	\N	\N	60788ebe-4094-488c-860c-9ee459e7930b	\N	\N
5130d254-f093-4a9b-99fc-a80869c71cc8	t	\N	2024-05-21 15:16:52.024472+08	\N	2024-05-21 15:16:52.024472+08	苏继国	ic0352763	\N	\N	\N	31276793-0b52-4bb0-89b4-cc15dd23f71d	\N	\N
2a408643-f60c-49e0-aa50-c028d5283e44	t	\N	2024-05-21 15:16:52.025507+08	\N	2024-05-21 15:16:52.025507+08	王仁峰	renfeng	\N	\N	\N	b0987c78-7086-4760-b1df-56884280e7b2	\N	\N
9a2f2ca3-6123-4402-9995-3a6e06626dc6	t	\N	2024-05-21 15:16:52.027469+08	\N	2024-05-21 15:16:52.027469+08	初荣飞	ic0352921	\N	\N	\N	97046c45-19e1-48f5-abee-17e7818c18be	\N	\N
07589ea3-f017-4f58-879e-5b52eae4cc57	t	\N	2024-05-21 15:16:52.029459+08	\N	2024-05-21 15:16:52.029459+08	曹峻豪	ic0352934	\N	\N	\N	3b755267-2e62-42af-a96e-4c3f3b0631ce	\N	\N
6435a25e-d13b-4e17-aeb5-20fdb2800b18	t	\N	2024-05-21 15:16:52.030457+08	\N	2024-05-21 15:16:52.030457+08	安东君	ic0732705	\N	\N	\N	cded407a-0271-41eb-bccd-80da52c26dee	\N	\N
c4dfac75-28d0-4f6e-bea6-02876a30b75b	t	\N	2024-05-21 15:16:52.031454+08	\N	2024-05-21 15:16:52.031454+08	李俊	ic0732717	\N	\N	\N	27431412-db18-481a-97f7-e979e24a7c6d	\N	\N
ef10550f-3cfc-45fc-a039-ac1d99e122d9	t	\N	2024-05-21 15:16:52.033449+08	\N	2024-05-21 15:16:52.033449+08	王启锋	qifeng	\N	\N	\N	25e7bd08-f028-4305-9150-af854fd29548	\N	\N
67870789-9f00-46a5-bcc9-7296de7ae78c	t	\N	2024-05-21 15:16:52.033918+08	\N	2024-05-21 15:16:52.033918+08	林凌云	ic9510070	\N	\N	\N	f23d90aa-3ebf-453f-a7b4-92452530ed6e	\N	\N
79c419bb-b945-43a1-8563-40d1cc1ae1db	t	\N	2024-05-21 15:16:52.035916+08	\N	2024-05-21 15:16:52.035916+08	母金安	ic9530761	\N	\N	\N	b07fa005-2385-4797-aa9d-1c967ba94046	\N	\N
2bc4afa8-c5ac-46bc-99cc-2190f50fba79	t	\N	2024-05-21 15:16:52.036913+08	\N	2024-05-21 15:16:52.036913+08	赵东月	ic9554821	\N	\N	\N	1d58a691-7ffa-41b1-b688-4a87f36a5712	\N	\N
dc7083f1-5f21-4350-9dce-e07a21bfeb8c	t	\N	2024-05-21 15:16:52.03791+08	\N	2024-05-21 15:16:52.03791+08	高金鸿	1923123	\N	\N	\N	2cbc7f0d-a9de-48db-85de-5962512b162b	\N	\N
3e1fc236-d2e2-4941-916d-543214b35971	t	\N	2024-05-21 15:16:52.038909+08	\N	2024-05-21 15:16:52.038909+08	李健	ic9554847	\N	\N	\N	97046c45-19e1-48f5-abee-17e7818c18be	\N	\N
e8614cfd-d7d8-40f5-990e-338dd3956dbf	t	\N	2024-05-21 15:16:52.040908+08	\N	2024-05-21 15:16:52.040908+08	左常治	ic9554850	\N	\N	\N	521e978d-56c5-4dfe-9c35-606fd28af124	\N	\N
2031e5e4-54fd-4ce1-b668-530dfb135f9a	t	\N	2024-05-21 15:16:52.0419+08	\N	2024-05-21 15:16:52.0419+08	孙熙群	ic9554876	\N	\N	\N	496a94df-b510-4f4e-9730-0e23380fe095	\N	\N
b7fb7ca7-4ff0-4fad-b20b-07b7159191d6	t	\N	2024-05-21 15:16:52.044894+08	\N	2024-05-21 15:16:52.044894+08	尹青芝	ic9510106	\N	\N	\N	bbd89d20-7864-48af-bae1-e18d162f3f50	\N	\N
6a0fb64c-1bd0-45c1-a1e5-8e483e8b34d2	t	\N	2024-05-21 15:16:52.04589+08	\N	2024-05-21 15:16:52.04589+08	孙鼎东	ic9510558	\N	\N	\N	21eaaeb6-1c90-4a27-9d7f-1ffd14558cd3	\N	\N
55bbd3cf-44a0-48d0-ac69-7c182f0ce231	t	\N	2024-05-21 15:16:52.046888+08	\N	2024-05-21 15:16:52.046888+08	吴愈高	ic9510603	\N	\N	\N	31276793-0b52-4bb0-89b4-cc15dd23f71d	\N	\N
c4abc0cb-a262-4870-bdb4-e9cd3b13a22d	t	\N	2024-05-21 15:16:52.047885+08	\N	2024-05-21 15:16:52.047885+08	姜铭志	1923127	\N	\N	\N	e3a9fd7e-9e06-44b6-8cc2-d031e68e8461	\N	\N
5352be76-3326-431f-bb47-3453417ad9c0	t	\N	2024-05-21 15:16:52.048883+08	\N	2024-05-21 15:16:52.049879+08	赵锦伟	ic9554918	\N	\N	\N	bc8424a1-1ada-4897-91e1-66f044e90df2	\N	\N
97a30ab5-8dc2-463f-b2a8-e86d713eb230	t	\N	2024-05-21 15:16:52.050877+08	\N	2024-05-21 15:16:52.050877+08	朱庆林	ic9555021	\N	\N	\N	20676c07-0365-4a24-818f-d89009fd29a0	\N	\N
df0acc5e-0dfc-48ab-9418-685b538d5343	t	\N	2024-05-21 15:16:52.051873+08	\N	2024-05-21 15:16:52.051873+08	刘景波	1923131	\N	\N	\N	bc8424a1-1ada-4897-91e1-66f044e90df2	\N	\N
44ecb05e-11c2-4f90-952e-1419ad27def6	t	\N	2024-05-21 15:16:52.052871+08	\N	2024-05-21 15:16:52.052871+08	宋吉祥	ic9555063	\N	\N	\N	20676c07-0365-4a24-818f-d89009fd29a0	\N	\N
3c204f1c-5ebd-4efa-ac8e-ccf325a2cff6	t	\N	2024-05-21 15:16:52.053869+08	\N	2024-05-21 15:16:52.053869+08	包小瑛	ic0832001	\N	\N	\N	521e978d-56c5-4dfe-9c35-606fd28af124	\N	\N
a2d02fb5-10ee-42da-bf0e-c627ac21f932	t	\N	2024-05-21 15:16:52.0552+08	\N	2024-05-21 15:16:52.0552+08	杨曰健	ic0832077	\N	\N	\N	37108c9e-3bae-41af-8fee-13095f42a994	\N	\N
4c7cebae-294b-45c2-a378-0b9d19089a47	t	\N	2024-05-21 15:16:52.056201+08	\N	2024-05-21 15:16:52.056201+08	王剑波	ic9510632	\N	\N	\N	0d99100d-a2f1-4579-9fb8-e21e30ad7b15	\N	\N
1d4c3b63-13d0-4c76-a5ea-b9d7bd62d331	t	\N	2024-05-21 15:16:52.057199+08	\N	2024-05-21 15:16:52.058197+08	景作江	ic9510658	\N	\N	\N	2cbc7f0d-a9de-48db-85de-5962512b162b	\N	\N
30c1f6a5-c6d9-4c2f-88f8-46ff9b32890f	t	\N	2024-05-21 15:16:52.059222+08	\N	2024-05-21 15:16:52.059222+08	荀天展	1923076	\N	\N	\N	31276793-0b52-4bb0-89b4-cc15dd23f71d	\N	\N
51866057-274c-4a07-b491-f8a18c1db177	t	\N	2024-05-21 15:16:52.061649+08	\N	2024-05-21 15:16:52.061649+08	陈长江	changjiang	\N	\N	\N	a0580b43-569a-40c7-9f19-3a702a6101c9	\N	\N
d0535789-8ff6-4f54-b1c2-ab81c642693d	t	\N	2024-05-21 15:16:52.063182+08	\N	2024-05-21 15:16:52.063182+08	孙旭杰	ic9555105	\N	\N	\N	f0fb1804-41f8-43d3-a15b-4379fdfe5ae7	\N	\N
5650632c-44f0-4e02-96b2-4468568e9180	t	\N	2024-05-21 15:16:52.064214+08	\N	2024-05-21 15:16:52.064214+08	李成	cheng1	\N	\N	\N	fac5750d-72e6-4d03-978c-2e2a4fcecab9	\N	\N
52e0a7c1-fdfe-4a7a-980a-44faa04f21bc	t	\N	2024-05-21 15:16:52.065208+08	\N	2024-05-21 15:16:52.065208+08	孙伟	ic0351573	\N	\N	\N	b0987c78-7086-4760-b1df-56884280e7b2	\N	\N
4e850298-ce15-4550-8c6b-29aa0051be71	t	\N	2024-05-21 15:16:52.066175+08	\N	2024-05-21 15:16:52.066175+08	张健	ic9553576	\N	\N	\N	1ecdce5f-6f12-4d25-bf76-12e7b5de9a9a	\N	\N
348ae379-7fcc-4895-8823-478ad50a32b3	t	\N	2024-05-21 15:16:52.067172+08	\N	2024-05-21 15:16:52.067172+08	周秀波	ic9553589	\N	\N	\N	e3a9fd7e-9e06-44b6-8cc2-d031e68e8461	\N	\N
4e592cf0-252f-4f15-b2a0-625abf83a59f	t	\N	2024-05-21 15:16:52.069306+08	\N	2024-05-21 15:16:52.069306+08	王军	ic9554521	\N	\N	\N	e5f69dc9-7908-4721-893b-5ad36e664def	\N	\N
8a3776ca-73a5-4f73-9f44-ad306708a059	t	\N	2024-05-21 15:16:52.070303+08	\N	2024-05-21 15:16:52.070303+08	刘岩	ic9554534	\N	\N	\N	31276793-0b52-4bb0-89b4-cc15dd23f71d	\N	\N
b783c65f-4535-4adf-a76b-f37f5ac0e0b3	t	\N	2024-05-21 15:16:52.0713+08	\N	2024-05-21 15:16:52.0713+08	俞浩	ic9554550	\N	\N	\N	8089c8af-9a0e-4147-9191-de4a82270475	\N	\N
f97832bb-4121-4b74-be17-1bdfc58dabc0	t	\N	2024-05-21 15:16:52.072298+08	\N	2024-05-21 15:16:52.072298+08	陈稼东	ic0752599	\N	\N	\N	25f115d3-7250-4b3c-b4b6-3570f0b5eec8	\N	\N
e3ad446a-4e4d-45d1-b856-fa09cc27a65b	t	\N	2024-05-21 15:16:52.073295+08	\N	2024-05-21 15:16:52.073295+08	刘承杰	ic0752600	\N	\N	\N	e3a9fd7e-9e06-44b6-8cc2-d031e68e8461	\N	\N
0ae04e75-ca8b-4d43-879e-6e603ddb1772	t	\N	2024-05-21 15:16:52.074294+08	\N	2024-05-21 15:16:52.074294+08	孙尚宝	ic0732247	\N	\N	\N	6eeb4f07-7bf0-40f2-8aa5-8e911372069e	\N	\N
773b3405-f32c-4a90-9c61-8092c122ace0	t	\N	2024-05-21 15:16:52.076288+08	\N	2024-05-21 15:16:52.076288+08	张涛涛	ic0732249	\N	\N	\N	82889256-32b9-4fd1-ad16-59888ddba6d4	\N	\N
519cbacb-919c-4756-8418-c5e43e95711a	t	\N	2024-05-21 15:16:52.078285+08	\N	2024-05-21 15:16:52.078285+08	李鹏飞	ic0752653	\N	\N	\N	72bcad09-6722-441c-a47a-8533f73a7ae8	\N	\N
7740c8de-aed0-48c1-8fc7-a2d8fd5f958a	t	\N	2024-05-21 15:16:52.080282+08	\N	2024-05-21 15:16:52.080282+08	路荃杰	ic0752654	\N	\N	\N	72bcad09-6722-441c-a47a-8533f73a7ae8	\N	\N
0ca811ea-cee9-479d-8d52-2a01d4ff8ecb	t	\N	2024-05-21 15:16:52.082271+08	\N	2024-05-21 15:16:52.082271+08	赵兴辉	ic9554576	\N	\N	\N	ed2f74bf-3569-4b5a-b2be-03bb03626304	\N	\N
62e6485d-27c2-427a-a434-5486246724fa	t	\N	2024-05-21 15:16:52.083269+08	\N	2024-05-21 15:16:52.083269+08	孙忠元	ic9554605	\N	\N	\N	97046c45-19e1-48f5-abee-17e7818c18be	\N	\N
f338d230-d802-470d-9c11-194b3cbde948	t	\N	2024-05-21 15:16:52.084267+08	\N	2024-05-21 15:16:52.084267+08	刘光杰	ic9554621	\N	\N	\N	21eaaeb6-1c90-4a27-9d7f-1ffd14558cd3	\N	\N
0a0675a0-5001-495e-934a-6f39bb715479	t	\N	2024-05-21 15:16:52.086262+08	\N	2024-05-21 15:16:52.086262+08	林奎江	ic9554634	\N	\N	\N	f70fcf6b-f0ee-4832-b118-b82f1abe5380	\N	\N
a6197389-ffc7-4a86-8f4c-a808daafd505	t	\N	2024-05-21 15:16:52.087259+08	\N	2024-05-21 15:16:52.087259+08	姜茂田	ic9554647	\N	\N	\N	95f18671-caa0-47c9-8706-3cd93d99b795	\N	\N
961072c4-eac9-4e18-8cca-34d2c840b55a	t	\N	2024-05-21 15:16:52.089253+08	\N	2024-05-21 15:16:52.089253+08	曲杰	ic0451181	\N	\N	\N	f1402a2a-4e08-4660-8b65-88cd06275335	\N	\N
48a768b7-d5c2-429a-a83c-0da101a7ec9b	t	\N	2024-05-21 15:16:52.09025+08	\N	2024-05-21 15:16:52.09025+08	朱厚军	ic0451194	\N	\N	\N	59a70773-de5e-4ce4-8b5b-2bea80282391	\N	\N
b004bbc0-500f-4bfc-b035-e50058825490	t	\N	2024-05-21 15:16:52.091248+08	\N	2024-05-21 15:16:52.091248+08	孙忠政	ic0451233	\N	\N	\N	44d8741e-f002-4d40-bbc2-469056d745ab	\N	\N
a676740d-14f3-4ade-89bd-2ec187acb5f3	t	\N	2024-05-21 15:16:52.093243+08	\N	2024-05-21 15:16:52.093243+08	毕事成	ic0630082	\N	\N	\N	1f371b61-dc0d-4473-97c6-5d4576eb92d7	\N	\N
f6102a14-a8c6-46c0-9cc4-7b215a26c502	t	\N	2024-05-21 15:16:52.095237+08	\N	2024-05-21 15:16:52.095237+08	宫明宝	ic0430094	\N	\N	\N	6eeb4f07-7bf0-40f2-8aa5-8e911372069e	\N	\N
154c7ecd-8d19-430b-a10c-c858010c6897	t	\N	2024-05-21 15:16:52.097232+08	\N	2024-05-21 15:16:52.097232+08	刘琳武	ic0630134	\N	\N	\N	fa7f1b30-9fa1-4876-af1a-46b50730d5fc	\N	\N
2148f71e-44fc-41c0-af90-1d7af813f5b1	t	\N	2024-05-21 15:16:52.09823+08	\N	2024-05-21 15:16:52.09823+08	孙承亮	ic0630147	\N	\N	\N	dd7ee76e-ba9d-4fff-8bcf-8c5e0ad0e4ea	\N	\N
cedce31a-66a4-4ac7-9364-ff8bba066de4	t	\N	2024-05-21 15:16:52.100225+08	\N	2024-05-21 15:16:52.100225+08	史良	ic0430201	\N	\N	\N	3c4e032d-f9f4-45a0-99ca-fa6ac60a5303	\N	\N
3659a95e-54e2-4d63-af2b-d60a0ca9ff6f	t	\N	2024-05-21 15:16:52.102218+08	\N	2024-05-21 15:16:52.102218+08	胡林琳	linlin	\N	\N	\N	9b4fe9db-1cc9-404e-ad6c-2ecc209c9616	\N	\N
fe204526-2fd0-48e1-996a-00a5ebaa4ce2	t	\N	2024-05-21 15:16:52.103216+08	\N	2024-05-21 15:16:52.103216+08	王江法	jiangfa	\N	\N	\N	b0987c78-7086-4760-b1df-56884280e7b2	\N	\N
f72dc89e-d3b4-4f4f-a853-e3a2c163d3bb	t	\N	2024-05-21 15:16:52.104213+08	\N	2024-05-21 15:16:52.104213+08	姬洪鹏	1923355	\N	\N	\N	0d99100d-a2f1-4579-9fb8-e21e30ad7b15	\N	\N
d963892e-f8af-438d-8039-b2d3649da4dd	t	\N	2024-05-21 15:16:52.106208+08	\N	2024-05-21 15:16:52.106208+08	吕品	1923356	\N	\N	\N	b0987c78-7086-4760-b1df-56884280e7b2	\N	\N
65f557cf-036b-4f29-92cf-312c211d8a41	t	\N	2024-05-21 15:16:52.107206+08	\N	2024-05-21 15:16:52.107206+08	王鹏飞	ic0351515	\N	\N	\N	97046c45-19e1-48f5-abee-17e7818c18be	\N	\N
44232dac-b3a4-400b-b2be-c275cc338fb8	t	\N	2024-05-21 15:16:52.109239+08	\N	2024-05-21 15:16:52.109239+08	刘金光	ic0650612	\N	\N	\N	97046c45-19e1-48f5-abee-17e7818c18be	\N	\N
9ecee6e9-809f-47dc-8975-8b51b8129019	t	\N	2024-05-21 15:16:52.111205+08	\N	2024-05-21 15:16:52.111205+08	鲁晓明	xiaoming	\N	\N	\N	be176f6f-c409-4962-970a-4d3a71df161d	\N	\N
91d589b6-d48a-4088-bf48-9b6bacfb213b	t	\N	2024-05-21 15:16:52.113191+08	\N	2024-05-21 15:16:52.113191+08	李臣	1923265	\N	\N	\N	0614f101-93ec-4b7f-9162-2b2aea398891	\N	\N
c60f8662-a5cd-4c9a-93cf-c5855967154c	t	\N	2024-05-21 15:16:52.114188+08	\N	2024-05-21 15:16:52.114188+08	安凤臣	ic9550823	\N	\N	\N	496a94df-b510-4f4e-9730-0e23380fe095	\N	\N
1bdcc0df-d84e-4a85-aafb-408fd5184c44	t	\N	2024-05-21 15:16:52.115185+08	\N	2024-05-21 15:16:52.116183+08	由卫涛	ic0732237	\N	\N	\N	171834e3-8d46-4bfc-bc46-e0600437ffd3	\N	\N
44b2c581-e698-4305-878e-6347b4215ea2	t	\N	2024-05-21 15:16:52.117192+08	\N	2024-05-21 15:16:52.117192+08	李学振	ic0530055	\N	\N	\N	bccac5ea-2eac-4aa1-adb0-e99e90bb1ef6	\N	\N
43d940c2-afd5-414b-b132-f8a0f6bc43d4	t	\N	2024-05-21 15:16:52.118177+08	\N	2024-05-21 15:16:52.118177+08	张象林	ic0330191	\N	\N	\N	f7f2a5ae-ed4c-4794-88d4-418cf440780b	\N	\N
655f8870-030a-4bc6-a7b7-7887ca8cce31	t	\N	2024-05-21 15:16:52.120173+08	\N	2024-05-21 15:16:52.120173+08	于传勇	ic0732242	\N	\N	\N	362992c8-3d3c-4f06-b4e6-451dedf02ee1	\N	\N
8b6c4c5a-c662-40cb-8e01-232fc5e73ee3	t	\N	2024-05-21 15:16:52.121169+08	\N	2024-05-21 15:16:52.121169+08	张建彬	ic0732243	\N	\N	\N	dc6bc6c4-60d8-4513-a425-38447632f9b9	\N	\N
7213db3d-28ba-47fb-a444-2a5fc9ce8af5	t	\N	2024-05-21 15:16:52.12256+08	\N	2024-05-21 15:16:52.12256+08	蔡伟	ic0452155	\N	\N	\N	0614f101-93ec-4b7f-9162-2b2aea398891	\N	\N
ce9b8162-a665-441c-a1b9-92aba74af503	t	\N	2024-05-21 15:16:52.12467+08	\N	2024-05-21 15:16:52.12467+08	付斌	ic0452197	\N	\N	\N	31276793-0b52-4bb0-89b4-cc15dd23f71d	\N	\N
3a763f2a-eb42-43d4-84b5-e1fb658e861d	t	\N	2024-05-21 15:16:52.12567+08	\N	2024-05-21 15:16:52.12567+08	李敬才	ic0752550	\N	\N	\N	fe8e3ba6-05e3-42fd-b139-8a1e5802c588	\N	\N
adf15fcc-e0f9-40a2-8da0-a57226399be6	t	\N	2024-05-21 15:16:52.126669+08	\N	2024-05-21 15:16:52.126669+08	王绍伦	ic0530042	\N	\N	\N	cded407a-0271-41eb-bccd-80da52c26dee	\N	\N
402dd1c8-3cd3-4ba5-9c56-0b3b7ca4a25b	t	\N	2024-05-21 15:16:52.128663+08	\N	2024-05-21 15:16:52.128663+08	杜振海	ic0752458	\N	\N	\N	f25857c2-bb3b-4fde-b3eb-eb8491f1e8ad	\N	\N
9a496b14-75dd-4311-96f1-6451bfa9d1ae	t	\N	2024-05-21 15:16:52.130657+08	\N	2024-05-21 15:16:52.130657+08	鹿传斌	ic0752468	\N	\N	\N	fe8e3ba6-05e3-42fd-b139-8a1e5802c588	\N	\N
44705a1c-f2ed-403e-b7ec-fce1fa5aefd1	t	\N	2024-05-21 15:16:52.131656+08	\N	2024-05-21 15:16:52.131656+08	姜文涛	ic0350569	\N	\N	\N	dd7ee76e-ba9d-4fff-8bcf-8c5e0ad0e4ea	\N	\N
e31614e3-ecaf-421e-8279-c98f1bdc133f	t	\N	2024-05-21 15:16:52.132654+08	\N	2024-05-21 15:16:52.132654+08	杜颖洁	1923302	\N	\N	\N	c9a78a4f-b5d7-4465-8096-92ea467bc134	\N	\N
6314598a-f930-42bb-b87a-f08055e7dc8b	t	\N	2024-05-21 15:16:52.133649+08	\N	2024-05-21 15:16:52.133649+08	赵红玉	ic0630231	\N	\N	\N	ad50f3ce-0224-4fc4-b2e1-a41fe7eb4d8d	\N	\N
e3690fe9-a47d-4e62-9730-7b42a364a919	t	\N	2024-05-21 15:16:52.135644+08	\N	2024-05-21 15:16:52.135644+08	张刘柱	ic0752606	\N	\N	\N	44d8741e-f002-4d40-bbc2-469056d745ab	\N	\N
7207f089-f15c-4a83-8595-f8d227240dac	t	\N	2024-05-21 15:16:52.136641+08	\N	2024-05-21 15:16:52.136641+08	衣晓龙	ic0752609	\N	\N	\N	0a5c5026-c176-4dbc-afd4-0b7dae906fa5	\N	\N
2a84a22e-d49d-4495-9ef0-8b5c8b26858a	t	\N	2024-05-21 15:16:52.137639+08	\N	2024-05-21 15:16:52.137639+08	赵而良	ic0752615	\N	\N	\N	b11d6a1f-f63a-4f5d-88bf-ea5bff7caf85	\N	\N
b28c0647-7127-47ce-b49f-176825a321ef	t	\N	2024-05-21 15:16:52.138673+08	\N	2024-05-21 15:16:52.138673+08	赵公跃	ic0752618	\N	\N	\N	25e7bd08-f028-4305-9150-af854fd29548	\N	\N
b85df9b2-cdd3-4a8b-9737-9ff2c03d5d92	t	\N	2024-05-21 15:16:52.140631+08	\N	2024-05-21 15:16:52.140631+08	孙茂汇	ic0350612	\N	\N	\N	a55b5b3b-b79b-46f7-8e36-51ba14c904c6	\N	\N
1796ae97-3d47-4c28-89da-4dce673471da	t	\N	2024-05-21 15:16:52.141628+08	\N	2024-05-21 15:16:52.141628+08	林宏伟	ic0350625	\N	\N	\N	eec3967d-bed1-4bc6-90fc-30caf45d3bba	\N	\N
a33ec359-c08b-404b-90c9-703672096747	t	\N	2024-05-21 15:16:52.143623+08	\N	2024-05-21 15:16:52.143623+08	高涛	ic0351557	\N	\N	\N	81f822c5-1381-4f1c-963e-bdf7dba8a09f	\N	\N
2d0a47cc-6676-4b65-a211-9f0125a81dd0	t	\N	2024-05-21 15:16:52.145617+08	\N	2024-05-21 15:16:52.145617+08	杨波	1923052	\N	\N	\N	0a5c5026-c176-4dbc-afd4-0b7dae906fa5	\N	\N
c8c8f027-4d94-45f7-8329-0ffe256c7709	t	\N	2024-05-21 15:16:52.147528+08	\N	2024-05-21 15:16:52.147528+08	王建军	ic9554276	\N	\N	\N	459a1e71-2721-450b-b4a1-bca743b72e9b	\N	\N
10a3a511-c64d-4238-ba17-a6e7e3851255	t	\N	2024-05-21 15:16:52.148566+08	\N	2024-05-21 15:16:52.148566+08	孙浩	ic9554376	\N	\N	\N	ba3efeb2-a7dc-463d-a4b4-eafb8807f131	\N	\N
4a56a26e-6420-4e39-a235-ad0340012679	t	\N	2024-05-21 15:16:52.149772+08	\N	2024-05-21 15:16:52.149772+08	梁创	ic0352850	\N	\N	\N	b0987c78-7086-4760-b1df-56884280e7b2	\N	\N
367b6fd3-5212-47aa-bbee-93b9dbca0a9d	t	\N	2024-05-21 15:16:52.150773+08	\N	2024-05-21 15:16:52.150773+08	孙武	ic0752263	\N	\N	\N	f1402a2a-4e08-4660-8b65-88cd06275335	\N	\N
377136c8-ba32-4f27-84db-3c38d18cff2e	t	\N	2024-05-21 15:16:52.151769+08	\N	2024-05-21 15:16:52.151769+08	陈忠超	ic0752264	\N	\N	\N	44d8741e-f002-4d40-bbc2-469056d745ab	\N	\N
5278ef6a-ad9e-48ad-b10d-0712f1f014fe	t	\N	2024-05-21 15:16:52.152815+08	\N	2024-05-21 15:16:52.152815+08	王立鹏	ic0752267	\N	\N	\N	2cbc7f0d-a9de-48db-85de-5962512b162b	\N	\N
ad6149b6-f2d2-430e-a7d2-4f08de318dcf	t	\N	2024-05-21 15:16:52.1538+08	\N	2024-05-21 15:16:52.1538+08	邵英虎	ic0752350	\N	\N	\N	ce5ac698-191c-4892-b953-ab02ed2d1d8f	\N	\N
5e07ea4a-3bce-4d48-8eaa-8f76335e0501	t	\N	2024-05-21 15:16:52.15576+08	\N	2024-05-21 15:16:52.15576+08	金哲	ic9530241	\N	\N	\N	0e4bc491-60dd-42cd-9171-5bbdc201d0bc	\N	\N
ecb32f79-7997-40aa-be25-1b9147b6e1bd	t	\N	2024-05-21 15:16:52.156756+08	\N	2024-05-21 15:16:52.156756+08	曲恒涛	ic0752091	\N	\N	\N	c9a78a4f-b5d7-4465-8096-92ea467bc134	\N	\N
b0ae4081-658a-4327-9ee6-76673f08e064	t	\N	2024-05-21 15:16:52.157753+08	\N	2024-05-21 15:16:52.157753+08	杨海	ic9530377	\N	\N	\N	99e25000-59e5-465a-8758-e7fae5c3b1fc	\N	\N
6b435bd8-388e-47d7-93c2-dfcc0a35f8ff	t	\N	2024-05-21 15:16:52.158753+08	\N	2024-05-21 15:16:52.158753+08	高明才	ic9530461	\N	\N	\N	016f180d-2812-4eb3-a686-07ea85991476	\N	\N
6729b5c4-0361-483a-bbec-b5c1f9c43266	t	\N	2024-05-21 15:16:52.160746+08	\N	2024-05-21 15:16:52.160746+08	张广文	ic9530503	\N	\N	\N	20676c07-0365-4a24-818f-d89009fd29a0	\N	\N
e066d6a5-4a8c-49ba-851d-66082d35b710	t	\N	2024-05-21 15:16:52.162741+08	\N	2024-05-21 15:16:52.162741+08	佟向勇	1923055	\N	\N	\N	496a94df-b510-4f4e-9730-0e23380fe095	\N	\N
23466ddd-5208-4576-8898-02947711b75e	t	\N	2024-05-21 15:16:52.163738+08	\N	2024-05-21 15:16:52.163738+08	于明军	ic0352689	\N	\N	\N	71864559-0bf3-4dc1-91d8-4f3a2b8f2045	\N	\N
dbd1b7dc-d402-4972-9e98-38fda8b1afbf	t	\N	2024-05-21 15:16:52.165732+08	\N	2024-05-21 15:16:52.165732+08	王振军	1923150	\N	\N	\N	be176f6f-c409-4962-970a-4d3a71df161d	\N	\N
916903b6-2556-4cf3-9f23-d22c5dc29a98	t	\N	2024-05-21 15:16:52.167146+08	\N	2024-05-21 15:16:52.167146+08	张宝仁	1923151	\N	\N	\N	ce5ac698-191c-4892-b953-ab02ed2d1d8f	\N	\N
98ce1d71-2cb6-46d4-963f-9127716d51e0	t	\N	2024-05-21 15:16:52.168145+08	\N	2024-05-21 15:16:52.168145+08	谭磊	lei	\N	\N	\N	496a94df-b510-4f4e-9730-0e23380fe095	\N	\N
f34096aa-6e6a-41a6-a937-dd191d39c683	t	\N	2024-05-21 15:16:52.169143+08	\N	2024-05-21 15:16:52.169143+08	王强	qiang1	\N	\N	\N	1d58a691-7ffa-41b1-b688-4a87f36a5712	\N	\N
e9342f31-24f6-4607-bf40-2958aaae5de4	t	\N	2024-05-21 15:16:52.170143+08	\N	2024-05-21 15:16:52.170143+08	夏水高	1923154	\N	\N	\N	496a94df-b510-4f4e-9730-0e23380fe095	\N	\N
f27cd3db-e71a-4292-80cf-c23b50ca6a33	t	\N	2024-05-21 15:16:52.171137+08	\N	2024-05-21 15:16:52.171137+08	蒋晓男	1923155	\N	\N	\N	fac5750d-72e6-4d03-978c-2e2a4fcecab9	\N	\N
a0b3f111-3228-4383-b3f4-4860392aaf8d	t	\N	2024-05-21 15:16:52.172135+08	\N	2024-05-21 15:16:52.172135+08	郇成旭	1923156	\N	\N	\N	c9a78a4f-b5d7-4465-8096-92ea467bc134	\N	\N
28d9709a-0ab2-4c3c-9b48-6dc5da1a57ca	t	\N	2024-05-21 15:16:52.173133+08	\N	2024-05-21 15:16:52.173133+08	靳晓勋	ic0352863	\N	\N	\N	60788ebe-4094-488c-860c-9ee459e7930b	\N	\N
59aec065-3bbf-44a8-9475-7bc8f361ba78	t	\N	2024-05-21 15:16:52.17413+08	\N	2024-05-21 15:16:52.17413+08	舒喜军	ic9550849	\N	\N	\N	fe8e3ba6-05e3-42fd-b139-8a1e5802c588	\N	\N
e87d6c05-abf5-476c-af85-f8d225cee49a	t	\N	2024-05-21 15:16:52.17513+08	\N	2024-05-21 15:16:52.17513+08	张建东	ic9550865	\N	\N	\N	9b4fe9db-1cc9-404e-ad6c-2ecc209c9616	\N	\N
6dae9a0f-f3ae-4ed8-a81d-b3e3e3157b4f	t	\N	2024-05-21 15:16:52.17817+08	\N	2024-05-21 15:16:52.17817+08	洪文国	ic9551533	\N	\N	\N	e3a9fd7e-9e06-44b6-8cc2-d031e68e8461	\N	\N
1320df61-d3cd-4a9b-800e-f86137279b92	t	\N	2024-05-21 15:16:52.179118+08	\N	2024-05-21 15:16:52.179118+08	滕豪	ic9551575	\N	\N	\N	1e5af099-8fbc-4767-adc3-ea9a74a36680	\N	\N
9eacb534-f067-4be3-9dc1-80637fd2a08c	t	\N	2024-05-21 15:16:52.181112+08	\N	2024-05-21 15:16:52.181112+08	苏占乐	ic9551591	\N	\N	\N	09a4504d-f02f-4cf4-b77b-c9a98ac45b35	\N	\N
b829833c-af13-4b82-b85c-1ce290b0bce0	t	\N	2024-05-21 15:16:52.182151+08	\N	2024-05-21 15:16:52.182151+08	王大忠	ic9551617	\N	\N	\N	0d99100d-a2f1-4579-9fb8-e21e30ad7b15	\N	\N
4c09b13a-87bb-4cd9-b9fe-68ff93198d1e	t	\N	2024-05-21 15:16:52.183107+08	\N	2024-05-21 15:16:52.183107+08	邢震	ic9550881	\N	\N	\N	521e978d-56c5-4dfe-9c35-606fd28af124	\N	\N
d0fe38a2-f2bb-4194-a228-fec46e30080a	t	\N	2024-05-21 15:16:52.184104+08	\N	2024-05-21 15:16:52.184104+08	牟文浩	ic0752667	\N	\N	\N	a6e00caa-6fba-4122-aecc-8cb70f80fc8c	\N	\N
2b944da8-0849-489d-9570-f3161a5b4ad1	t	\N	2024-05-21 15:16:52.186098+08	\N	2024-05-21 15:16:52.186098+08	李洋	ic0752670	\N	\N	\N	aba98cf1-9cf7-4a34-acdb-08867ad74437	\N	\N
2ec32d1a-13dd-4e03-80b1-a2d4941e0768	t	\N	2024-05-21 15:16:52.187141+08	\N	2024-05-21 15:16:52.188094+08	刘晓明	ic0752672	\N	\N	\N	0d99100d-a2f1-4579-9fb8-e21e30ad7b15	\N	\N
540cda07-2a9e-4d09-85c0-fe8d1fa6d286	t	\N	2024-05-21 15:16:52.18909+08	\N	2024-05-21 15:16:52.18909+08	隋治义	ic0350793	\N	\N	\N	ba3efeb2-a7dc-463d-a4b4-eafb8807f131	\N	\N
065de60b-a8eb-4c58-a7c8-00c19485727f	t	\N	2024-05-21 15:16:52.190087+08	\N	2024-05-21 15:16:52.190087+08	于业祥	ic0350816	\N	\N	\N	3b755267-2e62-42af-a96e-4c3f3b0631ce	\N	\N
c6f33ee1-a68a-4221-8157-477542449333	t	\N	2024-05-21 15:16:52.191086+08	\N	2024-05-21 15:16:52.191086+08	李建斌	ic9553505	\N	\N	\N	be176f6f-c409-4962-970a-4d3a71df161d	\N	\N
9d4a8c1d-246b-445c-9b37-8cd90f6e0c01	t	\N	2024-05-21 15:16:52.192083+08	\N	2024-05-21 15:16:52.192083+08	于军	1923377	\N	\N	\N	97046c45-19e1-48f5-abee-17e7818c18be	\N	\N
5289a912-c3b6-4005-ba4d-6494179078dd	t	\N	2024-05-21 15:16:52.195077+08	\N	2024-05-21 15:16:52.195077+08	王延顺	1923378	\N	\N	\N	bc8424a1-1ada-4897-91e1-66f044e90df2	\N	\N
8a612459-0c76-4a7a-adef-a57f37585250	t	\N	2024-05-21 15:16:52.196075+08	\N	2024-05-21 15:16:52.196075+08	王亮	1923219	\N	\N	\N	98b83526-80ce-4c56-8f58-df2b31d7939b	\N	\N
fa667065-b06f-4e5b-bcfd-994189456424	t	\N	2024-05-21 15:16:52.198067+08	\N	2024-05-21 15:16:52.198067+08	胡祥杰	ic0250973	\N	\N	\N	aba98cf1-9cf7-4a34-acdb-08867ad74437	\N	\N
ab1b7dcf-b7a4-4bd3-ae10-d0931edf56f3	t	\N	2024-05-21 15:16:52.199064+08	\N	2024-05-21 15:16:52.199064+08	李之明	ic0250986	\N	\N	\N	97046c45-19e1-48f5-abee-17e7818c18be	\N	\N
bbfd80d1-e0e8-4419-b0f4-79e000e5c9a4	t	\N	2024-05-21 15:16:52.200063+08	\N	2024-05-21 15:16:52.200063+08	于宝瑜	ic0250999	\N	\N	\N	72bcad09-6722-441c-a47a-8533f73a7ae8	\N	\N
f5009a79-70ac-403d-888d-aeb28241b185	t	\N	2024-05-21 15:16:52.20106+08	\N	2024-05-21 15:16:52.20106+08	赵超	ic0251009	\N	\N	\N	f0fb1804-41f8-43d3-a15b-4379fdfe5ae7	\N	\N
0735b358-8404-4b8a-a936-f9c6824eaf75	t	\N	2024-05-21 15:16:52.202059+08	\N	2024-05-21 15:16:52.203053+08	顾鹏飞	ic0251012	\N	\N	\N	25f115d3-7250-4b3c-b4b6-3570f0b5eec8	\N	\N
e4a6974e-4634-4924-a79f-3113bd140bad	t	\N	2024-05-21 15:16:52.204052+08	\N	2024-05-21 15:16:52.204052+08	李英杰	1923225	\N	\N	\N	3b755267-2e62-42af-a96e-4c3f3b0631ce	\N	\N
33e2eaa0-6d66-43ed-8dd6-a03f2e8f1aa1	t	\N	2024-05-21 15:16:52.205049+08	\N	2024-05-21 15:16:52.205049+08	马言军	yanjun	\N	\N	\N	b11d6a1f-f63a-4f5d-88bf-ea5bff7caf85	\N	\N
7aeedce5-73a2-4da8-a104-c09bc9a090ed	t	\N	2024-05-21 15:16:52.206046+08	\N	2024-05-21 15:16:52.206046+08	王国力	ic0251083	\N	\N	\N	0d99100d-a2f1-4579-9fb8-e21e30ad7b15	\N	\N
ed6dac6a-5f63-42f7-96d8-d5eb946cc53f	t	\N	2024-05-21 15:16:52.20804+08	\N	2024-05-21 15:16:52.20804+08	王少文	ic0350158	\N	\N	\N	31276793-0b52-4bb0-89b4-cc15dd23f71d	\N	\N
2ba34a52-4efc-46b8-a121-b1fea34f1884	t	\N	2024-05-21 15:16:52.209037+08	\N	2024-05-21 15:16:52.209037+08	于勃	1923279	\N	\N	\N	fac5750d-72e6-4d03-978c-2e2a4fcecab9	\N	\N
428c3301-e929-427d-b655-8e56056668a1	t	\N	2024-05-21 15:16:52.210035+08	\N	2024-05-21 15:16:52.210035+08	山岐昆	ic0350213	\N	\N	\N	e3a9fd7e-9e06-44b6-8cc2-d031e68e8461	\N	\N
58cc17a4-ffa3-4801-af3f-b837db728b02	t	\N	2024-05-21 15:16:52.21203+08	\N	2024-05-21 15:16:52.21203+08	毛明法	ic0350268	\N	\N	\N	fe8e3ba6-05e3-42fd-b139-8a1e5802c588	\N	\N
2b8a1a9a-c73d-4125-ab58-8bf21f2c4ce0	t	\N	2024-05-21 15:16:52.214027+08	\N	2024-05-21 15:16:52.214027+08	于华	hua1	\N	\N	\N	72bcad09-6722-441c-a47a-8533f73a7ae8	\N	\N
f533ef09-22e8-46f5-8da4-ec0f65d0e994	t	\N	2024-05-21 15:16:52.215022+08	\N	2024-05-21 15:16:52.215022+08	孙瑞胜	ic0350874	\N	\N	\N	1d58a691-7ffa-41b1-b688-4a87f36a5712	\N	\N
5b279814-3c61-4ab6-b4b5-17868db33dfa	t	\N	2024-05-21 15:16:52.216021+08	\N	2024-05-21 15:16:52.216021+08	孙达飞	1923329	\N	\N	\N	3b755267-2e62-42af-a96e-4c3f3b0631ce	\N	\N
58d0230f-428a-4cb3-af6f-2bbac3aba736	t	\N	2024-05-21 15:16:52.218014+08	\N	2024-05-21 15:16:52.218014+08	刘建磊	ic0350900	\N	\N	\N	bc8424a1-1ada-4897-91e1-66f044e90df2	\N	\N
9c7d9058-b199-4ecc-bcb4-64505f013679	t	\N	2024-05-21 15:16:52.219012+08	\N	2024-05-21 15:16:52.219012+08	孙磊	ic0350926	\N	\N	\N	60788ebe-4094-488c-860c-9ee459e7930b	\N	\N
fecaeb79-10b6-4fea-a1cc-532c90297a72	t	\N	2024-05-21 15:16:52.22001+08	\N	2024-05-21 15:16:52.22001+08	吕晓峰	ic0350997	\N	\N	\N	d65ad205-941b-4e1c-a3e9-74f6e0b60db9	\N	\N
2a473c37-6315-49ba-86d5-0552a901b4dd	t	\N	2024-05-21 15:16:52.221045+08	\N	2024-05-21 15:16:52.221045+08	邓延文	ic0352166	\N	\N	\N	dd7ee76e-ba9d-4fff-8bcf-8c5e0ad0e4ea	\N	\N
9b739b3c-c935-4176-ad44-f434d5ef2822	t	\N	2024-05-21 15:16:52.222003+08	\N	2024-05-21 15:16:52.222003+08	唐庆波	ic0352195	\N	\N	\N	72bcad09-6722-441c-a47a-8533f73a7ae8	\N	\N
e834012f-0b2d-42a8-994d-656e41e5bc43	t	\N	2024-05-21 15:16:52.223999+08	\N	2024-05-21 15:16:52.223999+08	于海	ic0251119	\N	\N	\N	1d58a691-7ffa-41b1-b688-4a87f36a5712	\N	\N
0ae69a5f-460b-4a3f-8a3a-aae8fdd0af4b	t	\N	2024-05-21 15:16:52.224995+08	\N	2024-05-21 15:16:52.224995+08	卢永方	ic0251151	\N	\N	\N	25f115d3-7250-4b3c-b4b6-3570f0b5eec8	\N	\N
11562ad8-6cca-49ed-afd7-b2331419c32b	t	\N	2024-05-21 15:16:52.22699+08	\N	2024-05-21 15:16:52.22699+08	沙永林	ic0251164	\N	\N	\N	20676c07-0365-4a24-818f-d89009fd29a0	\N	\N
93ab0828-9bd7-4a89-a082-19afc60fb7f7	t	\N	2024-05-21 15:16:52.228985+08	\N	2024-05-21 15:16:52.228985+08	蒋明泉	ic0752505	\N	\N	\N	0614f101-93ec-4b7f-9162-2b2aea398891	\N	\N
9a5a7730-b759-4d2d-8317-cac0a07e9f7c	t	\N	2024-05-21 15:16:52.229621+08	\N	2024-05-21 15:16:52.229621+08	阎荣	1925040	\N	\N	\N	a6e00caa-6fba-4122-aecc-8cb70f80fc8c	\N	\N
2a077a2e-5576-47b1-b597-455c40edec2e	t	\N	2024-05-21 15:16:52.230649+08	\N	2024-05-21 15:16:52.230649+08	刘先喜	ic0450472	\N	\N	\N	bc8424a1-1ada-4897-91e1-66f044e90df2	\N	\N
fd9dc0ab-8cb3-4937-bd75-6d91ba85384c	t	\N	2024-05-21 15:16:52.232608+08	\N	2024-05-21 15:16:52.232608+08	孙承峰	ic0450498	\N	\N	\N	31276793-0b52-4bb0-89b4-cc15dd23f71d	\N	\N
733a6d1b-1c2d-4741-90e6-d8f2e9454218	t	\N	2024-05-21 15:16:52.233604+08	\N	2024-05-21 15:16:52.233604+08	蒋吉辉	ic0610021	\N	\N	\N	9da97e0b-851b-4b47-a628-be5dd90306ef	\N	\N
6941af5f-9643-447d-84a6-261589688eaf	t	\N	2024-05-21 15:16:52.234602+08	\N	2024-05-21 15:16:52.234602+08	祝文彦	ic0610063	\N	\N	\N	27f5cd1e-33a2-4af3-ada4-4f2a1d83edf1	\N	\N
8f7d229f-50e6-4ae4-974c-684db3735ed7	t	\N	2024-05-21 15:16:52.235599+08	\N	2024-05-21 15:16:52.235599+08	张庆	ic9551991	\N	\N	\N	459a1e71-2721-450b-b4a1-bca743b72e9b	\N	\N
2589cac9-a752-401a-857b-631798ddf884	t	\N	2024-05-21 15:16:52.236599+08	\N	2024-05-21 15:16:52.236599+08	梁鹏	1923236	\N	\N	\N	0614f101-93ec-4b7f-9162-2b2aea398891	\N	\N
aad6a597-ea36-4e8a-a4d3-cf881f972d28	t	\N	2024-05-21 15:16:52.238592+08	\N	2024-05-21 15:16:52.238592+08	包维峰	ic9553234	\N	\N	\N	71864559-0bf3-4dc1-91d8-4f3a2b8f2045	\N	\N
98bbe2fa-b364-4c6c-9aba-74ca69125442	t	\N	2024-05-21 15:16:52.239628+08	\N	2024-05-21 15:16:52.239628+08	朱洪强	1923369	\N	\N	\N	3b755267-2e62-42af-a96e-4c3f3b0631ce	\N	\N
89c53ea2-bc6c-43d8-9599-bcfd36f5b577	t	\N	2024-05-21 15:16:52.240588+08	\N	2024-05-21 15:16:52.240588+08	吕祥	ic0752556	\N	\N	\N	aba98cf1-9cf7-4a34-acdb-08867ad74437	\N	\N
3e8de443-2371-46c3-bb2b-f0f786050622	t	\N	2024-05-21 15:16:52.242581+08	\N	2024-05-21 15:16:52.242581+08	王昱杰	1923285	\N	\N	\N	3b755267-2e62-42af-a96e-4c3f3b0631ce	\N	\N
cd3f121f-2de5-41b5-b993-242a10e3592e	t	\N	2024-05-21 15:16:52.244581+08	\N	2024-05-21 15:16:52.244581+08	李膨汐	1925402	\N	\N	\N	1d58a691-7ffa-41b1-b688-4a87f36a5712	\N	\N
278f7b36-52a3-4ea0-a289-2d5c1f4df666	t	\N	2024-05-21 15:16:52.245575+08	\N	2024-05-21 15:16:52.245575+08	许正用	ic0752646	\N	\N	\N	fe8e3ba6-05e3-42fd-b139-8a1e5802c588	\N	\N
6ff68142-c2f1-4abe-839e-3c3253566be1	t	\N	2024-05-21 15:16:52.247568+08	\N	2024-05-21 15:16:52.247568+08	刘春雷	ic0450858	\N	\N	\N	ed2f74bf-3569-4b5a-b2be-03bb03626304	\N	\N
13bb2824-b435-4fad-942b-dfab6187df1b	t	\N	2024-05-21 15:16:52.248565+08	\N	2024-05-21 15:16:52.248565+08	潘廷顺	ic0451136	\N	\N	\N	0614f101-93ec-4b7f-9162-2b2aea398891	\N	\N
e9337ddd-ff73-4915-bb87-8ef8b3edc357	t	\N	2024-05-21 15:16:52.249599+08	\N	2024-05-21 15:16:52.249599+08	孙全	1924997	\N	\N	\N	ce5ac698-191c-4892-b953-ab02ed2d1d8f	\N	\N
6c70fad3-09cf-4c42-a020-d582b16fa801	t	\N	2024-05-21 15:16:52.250598+08	\N	2024-05-21 15:16:52.250598+08	初启会	qihui	\N	\N	\N	72bcad09-6722-441c-a47a-8533f73a7ae8	\N	\N
8976be96-9e8b-4974-a3af-db75e904373b	t	\N	2024-05-21 15:16:52.251597+08	\N	2024-05-21 15:16:52.251597+08	刘明明	1923339	\N	\N	\N	0a5c5026-c176-4dbc-afd4-0b7dae906fa5	\N	\N
ee334ffc-d9de-4589-b6cf-eb231096b8f3	t	\N	2024-05-21 15:16:52.253257+08	\N	2024-05-21 15:16:52.253257+08	周俊杰	1925365	\N	\N	\N	a55b5b3b-b79b-46f7-8e36-51ba14c904c6	\N	\N
f90f4e59-1ccb-4dc0-bbd0-abb5cec0fa9d	t	\N	2024-05-21 15:16:52.254257+08	\N	2024-05-21 15:16:52.254257+08	宋亚伫	ic0752513	\N	\N	\N	be176f6f-c409-4962-970a-4d3a71df161d	\N	\N
db220795-3018-4fae-9931-ad8384be38c0	t	\N	2024-05-21 15:16:52.255254+08	\N	2024-05-21 15:16:52.255254+08	王玉涛	ic9553318	\N	\N	\N	21eaaeb6-1c90-4a27-9d7f-1ffd14558cd3	\N	\N
8da470f9-6092-40cc-b47e-83604d85c49e	t	\N	2024-05-21 15:16:52.256252+08	\N	2024-05-21 15:16:52.256252+08	权奇英	ic0530152	\N	\N	\N	2ee75b1e-ebcf-4d86-b646-e58820aef55d	\N	\N
fa30b73e-0104-44b8-9479-14f8e902ca8c	t	\N	2024-05-21 15:16:52.257249+08	\N	2024-05-21 15:16:52.257249+08	金雪海	ic0530220	\N	\N	\N	27f5cd1e-33a2-4af3-ada4-4f2a1d83edf1	\N	\N
f75ee834-7a8b-4676-8f22-cfe8ee67578d	t	\N	2024-05-21 15:16:52.258285+08	\N	2024-05-21 15:16:52.258285+08	于洋	ic0550017	\N	\N	\N	37ea05e9-3074-43c3-843e-83dcef8b33df	\N	\N
404192e0-4a86-45d3-b911-feba4713b490	t	\N	2024-05-21 15:16:52.259244+08	\N	2024-05-21 15:16:52.259244+08	孙鹏	ic0450540	\N	\N	\N	2cbc7f0d-a9de-48db-85de-5962512b162b	\N	\N
8d141bcc-0186-4ed6-9613-54fd677ddf3c	t	\N	2024-05-21 15:16:52.262242+08	\N	2024-05-21 15:16:52.262242+08	刘少岩	ic0451165	\N	\N	\N	2cbc7f0d-a9de-48db-85de-5962512b162b	\N	\N
67312d3a-acc7-422f-ae34-33a935f7d3f4	t	\N	2024-05-21 15:16:52.263234+08	\N	2024-05-21 15:16:52.263234+08	刘晓龙	ic0450786	\N	\N	\N	72bcad09-6722-441c-a47a-8533f73a7ae8	\N	\N
55fa6d6f-966e-45a9-8b03-886924e6fe34	t	\N	2024-05-21 15:16:52.26423+08	\N	2024-05-21 15:16:52.26423+08	葛跃宇	ic9551220	\N	\N	\N	496a94df-b510-4f4e-9730-0e23380fe095	\N	\N
84215d00-0e28-46c2-9a43-17bc6e300ca3	t	\N	2024-05-21 15:16:52.266225+08	\N	2024-05-21 15:16:52.266225+08	于洪涛	1923240	\N	\N	\N	0a5c5026-c176-4dbc-afd4-0b7dae906fa5	\N	\N
fbfd188b-8f71-431e-9cca-1a1e0a58afb7	t	\N	2024-05-21 15:16:52.267223+08	\N	2024-05-21 15:16:52.267223+08	袁文国	ic9551288	\N	\N	\N	21eaaeb6-1c90-4a27-9d7f-1ffd14558cd3	\N	\N
f6a3d6af-a9f7-4493-8791-3bea2a97bb17	t	\N	2024-05-21 15:16:52.268221+08	\N	2024-05-21 15:16:52.268221+08	吕考松	ic9551317	\N	\N	\N	496a94df-b510-4f4e-9730-0e23380fe095	\N	\N
66bdaed0-6aa0-4d4f-8006-808cab6411a1	t	\N	2024-05-21 15:16:52.269217+08	\N	2024-05-21 15:16:52.269217+08	由新涛	ic0450803	\N	\N	\N	1d58a691-7ffa-41b1-b688-4a87f36a5712	\N	\N
658915c2-c179-453b-ba26-f9d426c2fea8	t	\N	2024-05-21 15:16:52.271212+08	\N	2024-05-21 15:16:52.271212+08	刘丽丽	ic0732186	\N	\N	\N	dd7ee76e-ba9d-4fff-8bcf-8c5e0ad0e4ea	\N	\N
26eb7afc-9fcc-4f89-9666-b7637a35fbca	t	\N	2024-05-21 15:16:52.272211+08	\N	2024-05-21 15:16:52.272211+08	初杨	ic0732188	\N	\N	\N	cc775e53-3b00-4d54-95ef-db019694b1ad	\N	\N
09c15d91-b4cd-4514-9b80-9dcc7525fb02	t	\N	2024-05-21 15:16:52.273238+08	\N	2024-05-21 15:16:52.273238+08	魏守礼	ic0732189	\N	\N	\N	5e933b58-e0a0-44da-a54d-9622e0619d79	\N	\N
7a1eaa32-9212-4a02-acfe-7eff3ef60daa	t	\N	2024-05-21 15:16:52.274204+08	\N	2024-05-21 15:16:52.274204+08	刘连庆	ic0450829	\N	\N	\N	babeec10-f44e-4d91-b86c-b0ed2a720e70	\N	\N
f035f18e-ac6c-4063-b309-0d97a5de8fcc	t	\N	2024-05-21 15:16:52.275201+08	\N	2024-05-21 15:16:52.275201+08	刘志远	ic0450832	\N	\N	\N	81f822c5-1381-4f1c-963e-bdf7dba8a09f	\N	\N
61fdd1c2-22b2-4444-bbff-e69e1143150c	t	\N	2024-05-21 15:16:52.277197+08	\N	2024-05-21 15:16:52.277197+08	吕家磊	ic9552033	\N	\N	\N	19f6b316-0e67-4763-b33c-4c626522723a	\N	\N
16af6623-65ad-411e-a180-edc0a439075a	t	\N	2024-05-21 15:16:52.279193+08	\N	2024-05-21 15:16:52.279193+08	陈志远	ic9552059	\N	\N	\N	4134be1f-60ee-455b-9c24-2d85b7fee8aa	\N	\N
382ed780-459d-4de2-b15c-e596f90f494c	t	\N	2024-05-21 15:16:52.281185+08	\N	2024-05-21 15:16:52.281185+08	周长民	ic9552062	\N	\N	\N	b07fa005-2385-4797-aa9d-1c967ba94046	\N	\N
7ed947ec-de8c-40bb-b4aa-efbf95499525	t	\N	2024-05-21 15:16:52.28318+08	\N	2024-05-21 15:16:52.28318+08	尚春海	ic9552120	\N	\N	\N	21eaaeb6-1c90-4a27-9d7f-1ffd14558cd3	\N	\N
0b41298c-3a06-45b6-93ae-f3f7fdec1ce1	t	\N	2024-05-21 15:16:52.284178+08	\N	2024-05-21 15:16:52.284178+08	柳玉森	1923291	\N	\N	\N	aba98cf1-9cf7-4a34-acdb-08867ad74437	\N	\N
21a1b3fb-63f2-450d-a869-e664d02d35aa	t	\N	2024-05-21 15:16:52.286173+08	\N	2024-05-21 15:16:52.286173+08	梁程	1923292	\N	\N	\N	09a4504d-f02f-4cf4-b77b-c9a98ac45b35	\N	\N
cf786e1b-cf86-4644-b5c4-f0535c0742d9	t	\N	2024-05-21 15:16:52.287313+08	\N	2024-05-21 15:16:52.287313+08	袁国坤	1923170	\N	\N	\N	ba3efeb2-a7dc-463d-a4b4-eafb8807f131	\N	\N
eb05d653-c825-4eb1-93e7-1d6ef7d16dd8	t	\N	2024-05-21 15:16:52.289312+08	\N	2024-05-21 15:16:52.289312+08	王伟	ic9550328	\N	\N	\N	f7f2a5ae-ed4c-4794-88d4-418cf440780b	\N	\N
12540e75-14b7-4954-ae0a-b704a7ac858a	t	\N	2024-05-21 15:16:52.290308+08	\N	2024-05-21 15:16:52.290308+08	王红丹	ic9550331	\N	\N	\N	7870da62-e37e-4c7a-bdb4-840365a4941c	\N	\N
5e93053b-0749-40d7-94b7-9f4fe922a4de	t	\N	2024-05-21 15:16:52.292303+08	\N	2024-05-21 15:16:52.292303+08	盖玉蛟	ic0752499	\N	\N	\N	3b755267-2e62-42af-a96e-4c3f3b0631ce	\N	\N
10bafa5e-a811-476b-a662-fbbbce1187cf	t	\N	2024-05-21 15:16:52.294299+08	\N	2024-05-21 15:16:52.294299+08	徐长胜	ic9553389	\N	\N	\N	fe8e3ba6-05e3-42fd-b139-8a1e5802c588	\N	\N
cde2fbb8-97a4-4d44-8698-13132020006e	t	\N	2024-05-21 15:16:52.295295+08	\N	2024-05-21 15:16:52.295295+08	王廷周	1923372	\N	\N	\N	b11d6a1f-f63a-4f5d-88bf-ea5bff7caf85	\N	\N
b71ed022-9bb4-4c98-be2c-457bb0eecdbe	t	\N	2024-05-21 15:16:52.297289+08	\N	2024-05-21 15:16:52.297289+08	张富杰	1923373	\N	\N	\N	b11d6a1f-f63a-4f5d-88bf-ea5bff7caf85	\N	\N
7c55dad0-e6ce-49ba-b618-add0e3fd4d99	t	\N	2024-05-21 15:16:52.299283+08	\N	2024-05-21 15:16:52.299283+08	苏吉永	ic9551720	\N	\N	\N	b11d6a1f-f63a-4f5d-88bf-ea5bff7caf85	\N	\N
6f210d26-7c67-4600-af16-d251153eda6d	t	\N	2024-05-21 15:16:52.300282+08	\N	2024-05-21 15:16:52.300282+08	初志强	ic9551091	\N	\N	\N	f7f2a5ae-ed4c-4794-88d4-418cf440780b	\N	\N
3f80afb1-d29b-4178-bb54-c49468f5f7c1	t	\N	2024-05-21 15:16:52.302276+08	\N	2024-05-21 15:16:52.302276+08	陈波	ic9551117	\N	\N	\N	0614f101-93ec-4b7f-9162-2b2aea398891	\N	\N
49fd2361-c5c6-4f17-a6cb-0a3fa90b973f	t	\N	2024-05-21 15:16:52.303276+08	\N	2024-05-21 15:16:52.303276+08	陈洪德	ic9551159	\N	\N	\N	496a94df-b510-4f4e-9730-0e23380fe095	\N	\N
3edab6a0-6ac0-4342-b65f-ef4013d2757a	t	\N	2024-05-21 15:16:52.305268+08	\N	2024-05-21 15:16:52.305268+08	刘峰	ic9553421	\N	\N	\N	90f1411f-20eb-4259-8a4e-6b2f7906aa43	\N	\N
1bac74d7-b9bb-44fb-b9a4-b48eb6978bfb	t	\N	2024-05-21 15:16:52.306266+08	\N	2024-05-21 15:16:52.306266+08	刘均来	ic9553463	\N	\N	\N	496a94df-b510-4f4e-9730-0e23380fe095	\N	\N
5f9c1343-9b3a-414d-8bc4-7c3da8ebb2fb	t	\N	2024-05-21 15:16:52.307263+08	\N	2024-05-21 15:16:52.307263+08	张康凯	kangkai	\N	\N	\N	09a4504d-f02f-4cf4-b77b-c9a98ac45b35	\N	\N
a9fc4461-df8e-40dc-bb63-767484f62d95	t	\N	2024-05-21 15:16:52.309257+08	\N	2024-05-21 15:16:52.309257+08	初永田	ic9552433	\N	\N	\N	e3a9fd7e-9e06-44b6-8cc2-d031e68e8461	\N	\N
e984e95f-b0e0-45cd-bc3c-27f554d6f08e	t	\N	2024-05-21 15:16:52.311258+08	\N	2024-05-21 15:16:52.311258+08	周天军	ic9552488	\N	\N	\N	97046c45-19e1-48f5-abee-17e7818c18be	\N	\N
7f07653b-4e3c-4584-9336-63daa372bc93	t	\N	2024-05-21 15:16:52.313248+08	\N	2024-05-21 15:16:52.313248+08	周洪波	1923316	\N	\N	\N	21eaaeb6-1c90-4a27-9d7f-1ffd14558cd3	\N	\N
b230ef27-a7e9-47fe-8fb1-415f8b05523a	t	\N	2024-05-21 15:16:52.314246+08	\N	2024-05-21 15:16:52.314246+08	姜宏洲	ic9552546	\N	\N	\N	36ca85db-55bd-4df3-b1c4-9ea961160a37	\N	\N
a51c092d-c684-46db-bd37-f148587925a0	t	\N	2024-05-21 15:16:52.316239+08	\N	2024-05-21 15:16:52.316239+08	臧文杰	ic9551020	\N	\N	\N	362992c8-3d3c-4f06-b4e6-451dedf02ee1	\N	\N
e6f93cb8-9373-40c7-aaa1-f0b76eb44917	t	\N	2024-05-21 15:16:52.317237+08	\N	2024-05-21 15:16:52.317237+08	杨宝银	ic9551833	\N	\N	\N	e3a9fd7e-9e06-44b6-8cc2-d031e68e8461	\N	\N
c118bc69-213a-4f21-ba2e-f399f1d7b2fd	t	\N	2024-05-21 15:16:52.318263+08	\N	2024-05-21 15:16:52.319231+08	陈学林	ic9551204	\N	\N	\N	bccac5ea-2eac-4aa1-adb0-e99e90bb1ef6	\N	\N
7deedbbd-e25e-4b25-9d8d-f30ab26f3147	t	\N	2024-05-21 15:16:52.320229+08	\N	2024-05-21 15:16:52.320229+08	陈松	ic0250928	\N	\N	\N	a55b5b3b-b79b-46f7-8e36-51ba14c904c6	\N	\N
7d88236b-7bec-4cb8-bd5f-3cdb644ddadf	t	\N	2024-05-21 15:16:52.321225+08	\N	2024-05-21 15:16:52.321225+08	张士积	ic0330288	\N	\N	\N	0681a854-5cd4-448b-9601-f330b50b3aff	\N	\N
9cefe185-61dd-4033-96bc-ff2b41b9ab76	t	\N	2024-05-21 15:16:52.323221+08	\N	2024-05-21 15:16:52.323221+08	温秉学	ic0352011	\N	\N	\N	0d99100d-a2f1-4579-9fb8-e21e30ad7b15	\N	\N
f4305869-a795-4ad6-bef2-45763e3c1532	t	\N	2024-05-21 15:16:52.325215+08	\N	2024-05-21 15:16:52.325215+08	刘志杰	1923273	\N	\N	\N	ce5ac698-191c-4892-b953-ab02ed2d1d8f	\N	\N
bd4a6a25-23a5-4b62-a293-50f830fe796a	t	\N	2024-05-21 15:16:52.326213+08	\N	2024-05-21 15:16:52.326213+08	杨永建	ic9551962	\N	\N	\N	31276793-0b52-4bb0-89b4-cc15dd23f71d	\N	\N
b30be7ab-a906-4895-a323-8bf1419c2847	t	\N	2024-05-21 15:16:52.329205+08	\N	2024-05-21 15:16:52.329205+08	王聚	ic9552562	\N	\N	\N	9b4fe9db-1cc9-404e-ad6c-2ecc209c9616	\N	\N
e7145910-cae9-40d6-b1ac-15bad24af469	t	\N	2024-05-21 15:16:52.330203+08	\N	2024-05-21 15:16:52.330203+08	李曰亮	ic9552575	\N	\N	\N	97046c45-19e1-48f5-abee-17e7818c18be	\N	\N
21eea32c-04f1-4c39-bd64-6ec54faa8dff	t	\N	2024-05-21 15:16:52.331199+08	\N	2024-05-21 15:16:52.331199+08	常学军	ic9552588	\N	\N	\N	97046c45-19e1-48f5-abee-17e7818c18be	\N	\N
eb2169a7-2868-46a5-a4ea-f294a892fa9a	t	\N	2024-05-21 15:16:52.333195+08	\N	2024-05-21 15:16:52.333195+08	于继祥	ic0350048	\N	\N	\N	899b5c3a-3930-4d5b-bc6e-c9593728d98b	\N	\N
2138f5bc-0dd3-459d-a118-6fa5572742df	t	\N	2024-05-21 15:16:52.335188+08	\N	2024-05-21 15:16:52.335188+08	褚夫重	ic0350051	\N	\N	\N	4134be1f-60ee-455b-9c24-2d85b7fee8aa	\N	\N
3db0b138-f2a7-4131-8892-5d3117bd9e15	t	\N	2024-05-21 15:16:52.336186+08	\N	2024-05-21 15:16:52.336186+08	姜春海	ic9552759	\N	\N	\N	72bcad09-6722-441c-a47a-8533f73a7ae8	\N	\N
7dd1380e-4044-4e25-a1bb-53616c077571	t	\N	2024-05-21 15:16:52.338181+08	\N	2024-05-21 15:16:52.338181+08	孙健	ic9552775	\N	\N	\N	89cbb191-d648-477b-80b2-087104444ac7	\N	\N
da809da2-d7f5-4144-a4ad-e7d2fe18e8f3	t	\N	2024-05-21 15:16:52.339179+08	\N	2024-05-21 15:16:52.339179+08	李陵	ic0752486	\N	\N	\N	3b755267-2e62-42af-a96e-4c3f3b0631ce	\N	\N
3684d715-7efd-46e3-9cfb-7c8a1ced84bf	t	\N	2024-05-21 15:16:52.340175+08	\N	2024-05-21 15:16:52.340175+08	韩斌	ic0352108	\N	\N	\N	b11d6a1f-f63a-4f5d-88bf-ea5bff7caf85	\N	\N
33e22148-e626-48de-8482-070543662a9c	t	\N	2024-05-21 15:16:52.34217+08	\N	2024-05-21 15:16:52.34217+08	杜宝学	ic0352124	\N	\N	\N	b11d6a1f-f63a-4f5d-88bf-ea5bff7caf85	\N	\N
c1f30811-e39b-4da5-acbb-0a025e7fb73a	t	\N	2024-05-21 15:16:52.343167+08	\N	2024-05-21 15:16:52.343167+08	李保军	ic0352129	\N	\N	\N	e3a9fd7e-9e06-44b6-8cc2-d031e68e8461	\N	\N
a192eb4f-d44a-4757-86aa-2012f8c9916a	t	\N	2024-05-21 15:16:52.34616+08	\N	2024-05-21 15:16:52.34616+08	邹广辉	ic9552688	\N	\N	\N	8089c8af-9a0e-4147-9191-de4a82270475	\N	\N
d202e8f2-72ec-4bf9-bad8-6bb6f8f2d4eb	t	\N	2024-05-21 15:16:52.348155+08	\N	2024-05-21 15:16:52.348155+08	刘海成	ic9552704	\N	\N	\N	31276793-0b52-4bb0-89b4-cc15dd23f71d	\N	\N
9c8fb0f3-9c07-4694-89ec-a98d58d39658	t	\N	2024-05-21 15:16:52.349151+08	\N	2024-05-21 15:16:52.349151+08	刘磊	lei	\N	\N	\N	0614f101-93ec-4b7f-9162-2b2aea398891	\N	\N
fa962916-3c8a-4446-b2b9-3b074e1e95a9	t	\N	2024-05-21 15:16:52.351146+08	\N	2024-05-21 15:16:52.351146+08	王均	1923299	\N	\N	\N	0614f101-93ec-4b7f-9162-2b2aea398891	\N	\N
a1d9d936-a4d6-4439-b3c4-d9758a8a0bf3	t	\N	2024-05-21 15:16:52.352143+08	\N	2024-05-21 15:16:52.352143+08	孙丽伟	1923300	\N	\N	\N	25f115d3-7250-4b3c-b4b6-3570f0b5eec8	\N	\N
ed715bf8-0226-44c2-a3db-8734f58f485a	t	\N	2024-05-21 15:16:52.353141+08	\N	2024-05-21 15:16:52.353141+08	邵勇	ic9553218	\N	\N	\N	b07fa005-2385-4797-aa9d-1c967ba94046	\N	\N
ada76887-4f51-4ec8-add3-feec39babf1e	t	\N	2024-05-21 15:16:52.355136+08	\N	2024-05-21 15:16:52.355136+08	孙昭峰	ic0250054	\N	\N	\N	0a5c5026-c176-4dbc-afd4-0b7dae906fa5	\N	\N
311a39d1-8167-4b79-b103-33bc73bb5536	t	\N	2024-05-21 15:16:52.356134+08	\N	2024-05-21 15:16:52.356134+08	栾春涛	1923412	\N	\N	\N	fac5750d-72e6-4d03-978c-2e2a4fcecab9	\N	\N
f0fe165f-fb83-422c-a1a2-e2bcd3271c63	t	\N	2024-05-21 15:16:52.358129+08	\N	2024-05-21 15:16:52.358129+08	王宁	ic0030212	\N	\N	\N	459a1e71-2721-450b-b4a1-bca743b72e9b	\N	\N
b2f6b2c0-7848-4e8d-96d6-2caa18d79743	t	\N	2024-05-21 15:16:52.360122+08	\N	2024-05-21 15:16:52.360122+08	王春良	1925379	\N	\N	\N	0a5c5026-c176-4dbc-afd4-0b7dae906fa5	\N	\N
acd63893-6a6e-40d5-a748-a4e8036a81b9	t	\N	2024-05-21 15:16:52.362118+08	\N	2024-05-21 15:16:52.362118+08	张文豪	1925000	\N	\N	\N	aba98cf1-9cf7-4a34-acdb-08867ad74437	\N	\N
3a19ed70-3723-43a6-bb9e-9b7ad82633cf	t	\N	2024-05-21 15:16:52.364111+08	\N	2024-05-21 15:16:52.364111+08	王岩	1925022	\N	\N	\N	97046c45-19e1-48f5-abee-17e7818c18be	\N	\N
ce266452-f958-4d15-8daf-0c1c62ace2a1	t	\N	2024-05-21 15:16:52.36511+08	\N	2024-05-21 15:16:52.36511+08	于大淼	ic0030225	\N	\N	\N	b07fa005-2385-4797-aa9d-1c967ba94046	\N	\N
5c5bfe63-a352-49eb-9e8e-c836fc6e95be	t	\N	2024-05-21 15:16:52.367105+08	\N	2024-05-21 15:16:52.367105+08	时永卫	ic0030238	\N	\N	\N	82889256-32b9-4fd1-ad16-59888ddba6d4	\N	\N
193e1ce6-db24-4bc4-a59f-6d662c354f65	t	\N	2024-05-21 15:16:52.368103+08	\N	2024-05-21 15:16:52.368103+08	王振剑	ic0030254	\N	\N	\N	2fa0c33e-6db0-486b-88fa-593eb2ef784a	\N	\N
acfb53f8-ba14-4aee-ba32-fd507eec474d	t	\N	2024-05-21 15:16:52.370097+08	\N	2024-05-21 15:16:52.370097+08	于忠建	ic0050034	\N	\N	\N	1655bc00-329f-4a1f-afff-52f574f88b2e	\N	\N
a051dc3a-077c-4249-9ab2-23ab3ff984e8	t	\N	2024-05-21 15:16:52.372092+08	\N	2024-05-21 15:16:52.372092+08	赖春玲	ic0050076	\N	\N	\N	bbd89d20-7864-48af-bae1-e18d162f3f50	\N	\N
7fec44af-46f6-4424-8d6b-3b0ea81ec81a	t	\N	2024-05-21 15:16:52.373088+08	\N	2024-05-21 15:16:52.373088+08	吕明	ic0110026	\N	\N	\N	a60987fc-b3fc-4772-bcdb-7d28aefee107	\N	\N
3e343c78-d867-4346-8e14-42f7bd906986	t	\N	2024-05-21 15:16:52.375083+08	\N	2024-05-21 15:16:52.375083+08	姜佳林	ic0852524	\N	\N	\N	babeec10-f44e-4d91-b86c-b0ed2a720e70	\N	\N
767e41f5-85cb-4e44-8849-7f11219d0acc	t	\N	2024-05-21 15:16:52.37608+08	\N	2024-05-21 15:16:52.37608+08	于春晓	ic0852247	\N	\N	\N	44d8741e-f002-4d40-bbc2-469056d745ab	\N	\N
bc4b85fc-4aa2-4e09-aa85-958a7443d385	t	\N	2024-05-21 15:16:52.379073+08	\N	2024-05-21 15:16:52.379073+08	王彭	1925023	\N	\N	\N	a6e00caa-6fba-4122-aecc-8cb70f80fc8c	\N	\N
8241f161-cb38-4174-8c23-e0a501f90094	t	\N	2024-05-21 15:16:52.38007+08	\N	2024-05-21 15:16:52.38007+08	董劢业	1925032	\N	\N	\N	be176f6f-c409-4962-970a-4d3a71df161d	\N	\N
19be1c7e-ffa8-459d-9630-3dcf28c81ec1	t	\N	2024-05-21 15:16:52.381067+08	\N	2024-05-21 15:16:52.381067+08	徐鹏磊	1925004	\N	\N	\N	c9a78a4f-b5d7-4465-8096-92ea467bc134	\N	\N
53f1fcd9-2d59-49c7-8dc8-cd5021d4d5c2	t	\N	2024-05-21 15:16:52.382065+08	\N	2024-05-21 15:16:52.382065+08	沙海峰	1923456	\N	\N	\N	ba3efeb2-a7dc-463d-a4b4-eafb8807f131	\N	\N
7a678de4-3283-4233-97e2-fba66dc479ff	t	\N	2024-05-21 15:16:52.383062+08	\N	2024-05-21 15:16:52.383062+08	王志	ic0130116	\N	\N	\N	556868ae-e29d-4d95-b16c-de61c4d7d52f	\N	\N
07a438a6-8df7-44a8-ba6d-edb9d30a0490	t	\N	2024-05-21 15:16:52.384059+08	\N	2024-05-21 15:16:52.385056+08	黄晓飞	1923457	\N	\N	\N	a55b5b3b-b79b-46f7-8e36-51ba14c904c6	\N	\N
2156e9ba-bb44-42c5-be1d-03afeffa462a	t	\N	2024-05-21 15:16:52.386054+08	\N	2024-05-21 15:16:52.386054+08	仇菲菲	ic0832234	\N	\N	\N	fa7f1b30-9fa1-4876-af1a-46b50730d5fc	\N	\N
30ea7598-c910-4302-8310-2e8ee66e25ca	t	\N	2024-05-21 15:16:52.38805+08	\N	2024-05-21 15:16:52.38805+08	王旭东	ic0832273	\N	\N	\N	cfde369b-425b-47b9-8c1e-6f10b1faec60	\N	\N
f5aa2fd3-7cb2-4f2c-b76a-f4a44f48c15f	t	\N	2024-05-21 15:16:52.389046+08	\N	2024-05-21 15:16:52.389046+08	金明日	ic0832228	\N	\N	\N	ef529a0b-b1db-440d-a3d4-2a74c713d40a	\N	\N
feb535c1-c8e8-4dad-a8b4-cd1aaa800179	t	\N	2024-05-21 15:16:52.390043+08	\N	2024-05-21 15:16:52.390043+08	周健	ic0832226	\N	\N	\N	5e933b58-e0a0-44da-a54d-9622e0619d79	\N	\N
085313ea-6d47-4c82-80d4-b5dc05719ee6	t	\N	2024-05-21 15:16:52.391041+08	\N	2024-05-21 15:16:52.391041+08	郝庆国	1923467	\N	\N	\N	73fb3d83-1f4b-4b65-8d89-a4e51aabad48	\N	\N
3bcace49-cbf6-42c0-9131-f526d11b16c8	t	\N	2024-05-21 15:16:52.393035+08	\N	2024-05-21 15:16:52.393035+08	赵国栋	ic0852093	\N	\N	\N	31276793-0b52-4bb0-89b4-cc15dd23f71d	\N	\N
8169a948-b625-4486-aa4e-8e3368facf3c	t	\N	2024-05-21 15:16:52.395475+08	\N	2024-05-21 15:16:52.395475+08	杜磊	1923469	\N	\N	\N	be176f6f-c409-4962-970a-4d3a71df161d	\N	\N
67d92c3b-4f32-4f52-9387-38a58bbea5f8	t	\N	2024-05-21 15:16:52.397025+08	\N	2024-05-21 15:16:52.397025+08	迟文刚	ic0150248	\N	\N	\N	1d58a691-7ffa-41b1-b688-4a87f36a5712	\N	\N
8f664581-35cd-4c43-afe9-d4e6f2ec78e6	t	\N	2024-05-21 15:16:52.399396+08	\N	2024-05-21 15:16:52.399396+08	夏金波	ic0150264	\N	\N	\N	b11d6a1f-f63a-4f5d-88bf-ea5bff7caf85	\N	\N
0c7aaf0a-ac7e-42d4-90eb-7a4f54782d60	t	\N	2024-05-21 15:16:52.400392+08	\N	2024-05-21 15:16:52.400392+08	路云龙	ic0150277	\N	\N	\N	25f115d3-7250-4b3c-b4b6-3570f0b5eec8	\N	\N
23fd99e6-d6d5-43c6-84ec-ef80e42160df	t	\N	2024-05-21 15:16:52.402386+08	\N	2024-05-21 15:16:52.402386+08	高政阳	ic0150714	\N	\N	\N	e3a9fd7e-9e06-44b6-8cc2-d031e68e8461	\N	\N
cd1a33b0-9316-4aa6-bf9e-ac775a39e327	t	\N	2024-05-21 15:16:52.403384+08	\N	2024-05-21 15:16:52.403384+08	王振华	ic0150879	\N	\N	\N	a60987fc-b3fc-4772-bcdb-7d28aefee107	\N	\N
7d8c8bff-7985-4218-9c06-4111482e98f7	t	\N	2024-05-21 15:16:52.405378+08	\N	2024-05-21 15:16:52.405378+08	郝廷义	ic0150918	\N	\N	\N	bbd89d20-7864-48af-bae1-e18d162f3f50	\N	\N
f5a662b4-b1eb-46d0-a6cc-9193fa7b6563	t	\N	2024-05-21 15:16:52.407374+08	\N	2024-05-21 15:16:52.407374+08	李玉坤	1925395	\N	\N	\N	c9a78a4f-b5d7-4465-8096-92ea467bc134	\N	\N
530e5169-b102-4b60-ab24-a4e7cfbdf913	t	\N	2024-05-21 15:16:52.408371+08	\N	2024-05-21 15:16:52.408371+08	李军龙	ic0250782	\N	\N	\N	3b755267-2e62-42af-a96e-4c3f3b0631ce	\N	\N
b991f72c-3dc6-4eca-bd89-6ef9921d58c2	t	\N	2024-05-21 15:16:52.410366+08	\N	2024-05-21 15:16:52.410366+08	衣起锐	1925362	\N	\N	\N	0a5c5026-c176-4dbc-afd4-0b7dae906fa5	\N	\N
e5dc8287-5af1-4201-9c12-6285672ec272	t	\N	2024-05-21 15:16:52.413358+08	\N	2024-05-21 15:16:52.413358+08	郭佳	ic0852111	\N	\N	\N	31276793-0b52-4bb0-89b4-cc15dd23f71d	\N	\N
6005de1a-62dd-464f-afe6-d05ef4a5ef44	t	\N	2024-05-21 15:16:52.414355+08	\N	2024-05-21 15:16:52.414355+08	高磊	lei1	\N	\N	\N	fac5750d-72e6-4d03-978c-2e2a4fcecab9	\N	\N
bcd4f08b-d390-44dd-af50-488b42ecd859	t	\N	2024-05-21 15:16:52.416349+08	\N	2024-05-21 15:16:52.416349+08	张泉	ic0852180	\N	\N	\N	fe8e3ba6-05e3-42fd-b139-8a1e5802c588	\N	\N
4b673176-b218-4615-9761-b7e6726af3e2	t	\N	2024-05-21 15:16:52.418345+08	\N	2024-05-21 15:16:52.418345+08	高磊	1923462	\N	\N	\N	73fb3d83-1f4b-4b65-8d89-a4e51aabad48	\N	\N
7926a944-504d-41b6-921d-6d800491d994	t	\N	2024-05-21 15:16:52.420339+08	\N	2024-05-21 15:16:52.420339+08	徐岳军	ic0852169	\N	\N	\N	dd7ee76e-ba9d-4fff-8bcf-8c5e0ad0e4ea	\N	\N
fbe512bc-eb05-4554-b3fd-14b2b088606c	t	\N	2024-05-21 15:16:52.422333+08	\N	2024-05-21 15:16:52.422333+08	刘桂宏	ic0852533	\N	\N	\N	25e7bd08-f028-4305-9150-af854fd29548	\N	\N
06364822-6c73-4620-9e0b-ec5395be7116	t	\N	2024-05-21 15:16:52.423331+08	\N	2024-05-21 15:16:52.423331+08	朴锦学	ic0832224	\N	\N	\N	efa87fcf-e0b6-4642-a020-b60ba869caba	\N	\N
2fdad611-6ff4-4c6f-91f8-c68f17f77817	t	\N	2024-05-21 15:16:52.425327+08	\N	2024-05-21 15:16:52.425327+08	谭俊鹏	ic0852245	\N	\N	\N	a6e00caa-6fba-4122-aecc-8cb70f80fc8c	\N	\N
4fe1e0a5-b72d-44bc-a0ca-d3ad91316e41	t	\N	2024-05-21 15:16:52.426323+08	\N	2024-05-21 15:16:52.426323+08	陈韬	ic0230016	\N	\N	\N	90f1411f-20eb-4259-8a4e-6b2f7906aa43	\N	\N
0a543573-950a-44c5-b414-e0c624eeb629	t	\N	2024-05-21 15:16:52.429315+08	\N	2024-05-21 15:16:52.429315+08	张文涛	wentao	\N	\N	\N	1d58a691-7ffa-41b1-b688-4a87f36a5712	\N	\N
209bad3c-e5ad-4ac1-8392-79fa2c90ac66	t	\N	2024-05-21 15:16:52.431311+08	\N	2024-05-21 15:16:52.431311+08	栾翘华	1923432	\N	\N	\N	bc8424a1-1ada-4897-91e1-66f044e90df2	\N	\N
221fcebe-18a4-470e-9f78-c32dfb97b118	t	\N	2024-05-21 15:16:52.433305+08	\N	2024-05-21 15:16:52.433305+08	赵忠祥	ic0250546	\N	\N	\N	25e7bd08-f028-4305-9150-af854fd29548	\N	\N
9496565b-8d6f-41d6-84d5-9382f9a1c85b	t	\N	2024-05-21 15:16:52.4353+08	\N	2024-05-21 15:16:52.4353+08	周俊	ic0250805	\N	\N	\N	31276793-0b52-4bb0-89b4-cc15dd23f71d	\N	\N
c4da30a6-9e32-44a5-aac2-4d2755f25cc1	t	\N	2024-05-21 15:16:52.436296+08	\N	2024-05-21 15:16:52.436296+08	李洪儒	ic0250850	\N	\N	\N	25f115d3-7250-4b3c-b4b6-3570f0b5eec8	\N	\N
962f8204-a2e3-4952-8880-54d90d1214cf	t	\N	2024-05-21 15:16:52.437293+08	\N	2024-05-21 15:16:52.437293+08	李传春	ic0832187	\N	\N	\N	c81c7374-ce11-4d7d-9370-13d79695ccd0	\N	\N
1f6b7fc4-447b-4e0c-a3e1-75f93c56d605	t	\N	2024-05-21 15:16:52.439288+08	\N	2024-05-21 15:16:52.439288+08	汤同玲	ic0832221	\N	\N	\N	cd5568b0-9983-4fd0-88f1-871452899383	\N	\N
16940e47-74fc-4595-a611-b1e70ae98c69	t	\N	2024-05-21 15:16:52.441285+08	\N	2024-05-21 15:16:52.441285+08	张建康	ic0852094	\N	\N	\N	44d8741e-f002-4d40-bbc2-469056d745ab	\N	\N
bea55f40-6de0-4a96-b9a5-86a3b60cd3f9	t	\N	2024-05-21 15:16:52.44228+08	\N	2024-05-21 15:16:52.44228+08	王建涛	ic0852264	\N	\N	\N	81f822c5-1381-4f1c-963e-bdf7dba8a09f	\N	\N
79a5456e-4728-4907-92f0-eb55a3d7544b	t	\N	2024-05-21 15:16:52.444278+08	\N	2024-05-21 15:16:52.444278+08	王昆	ic0852123	\N	\N	\N	25f115d3-7250-4b3c-b4b6-3570f0b5eec8	\N	\N
47a16202-ca61-4eee-a127-b2ed70f37948	t	\N	2024-05-21 15:16:52.44627+08	\N	2024-05-21 15:16:52.44627+08	吕伟	ic0852102	\N	\N	\N	fa1d5f36-909f-4e64-a4b4-be658063650f	\N	\N
13380f07-a8e1-4216-9cd1-e31b95c7141c	t	\N	2024-05-21 15:16:52.447267+08	\N	2024-05-21 15:16:52.447267+08	崔汝奎	ic9552791	\N	\N	\N	97046c45-19e1-48f5-abee-17e7818c18be	\N	\N
81bfe587-92e2-442c-bbbf-98e9da9a038e	t	\N	2024-05-21 15:16:52.449262+08	\N	2024-05-21 15:16:52.449262+08	刘坤	1923342	\N	\N	\N	9b4fe9db-1cc9-404e-ad6c-2ecc209c9616	\N	\N
ef3ec887-d32b-4dbb-98a8-078a137335ee	t	\N	2024-05-21 15:16:52.450259+08	\N	2024-05-21 15:16:52.450259+08	由全波	ic9553147	\N	\N	\N	e3a9fd7e-9e06-44b6-8cc2-d031e68e8461	\N	\N
8893f1cd-5a56-41e4-96b3-6dda1daae698	t	\N	2024-05-21 15:16:52.451258+08	\N	2024-05-21 15:16:52.452254+08	徐富生	1923350	\N	\N	\N	b11d6a1f-f63a-4f5d-88bf-ea5bff7caf85	\N	\N
dfc87ae3-973e-46f3-ba83-23f49d140213	t	\N	2024-05-21 15:16:52.453252+08	\N	2024-05-21 15:16:52.453252+08	姜志玮	1923351	\N	\N	\N	b0987c78-7086-4760-b1df-56884280e7b2	\N	\N
34af5b0e-4a89-448b-bc47-eeeb73fd53f1	t	\N	2024-05-21 15:16:52.454249+08	\N	2024-05-21 15:16:52.454249+08	边宏飞	ic0351191	\N	\N	\N	0d99100d-a2f1-4579-9fb8-e21e30ad7b15	\N	\N
2db5cb19-546b-4c8e-b75e-085b317c909f	t	\N	2024-05-21 15:16:52.455247+08	\N	2024-05-21 15:16:52.455247+08	徐波	ic9550576	\N	\N	\N	7870da62-e37e-4c7a-bdb4-840365a4941c	\N	\N
fb7fa248-aef2-4d9b-85a1-bd4207037474	t	\N	2024-05-21 15:16:52.457241+08	\N	2024-05-21 15:16:52.457241+08	邵冰奇	ic0230139	\N	\N	\N	ad50f3ce-0224-4fc4-b2e1-a41fe7eb4d8d	\N	\N
5b3d65c3-4e86-4000-a732-2e513cc6afac	t	\N	2024-05-21 15:16:52.458238+08	\N	2024-05-21 15:16:52.458238+08	李秋业	ic0230171	\N	\N	\N	2760261e-ee92-442d-ab44-2996be926b0c	\N	\N
9627454c-b490-4ee7-a851-9db63eb46a64	t	\N	2024-05-21 15:16:52.460233+08	\N	2024-05-21 15:16:52.460233+08	于鑫	ic0230184	\N	\N	\N	59a70773-de5e-4ce4-8b5b-2bea80282391	\N	\N
ffca0a65-1e5d-409d-bf92-46783bb8210d	t	\N	2024-05-21 15:16:52.462228+08	\N	2024-05-21 15:16:52.462228+08	张永刚	1923343	\N	\N	\N	97046c45-19e1-48f5-abee-17e7818c18be	\N	\N
867b0860-2227-484a-942b-7262cd4ef394	t	\N	2024-05-21 15:16:52.464222+08	\N	2024-05-21 15:16:52.464222+08	何金辉	ic9552934	\N	\N	\N	73fb3d83-1f4b-4b65-8d89-a4e51aabad48	\N	\N
f52aad68-02ab-43c0-a9a1-3cbc20543d10	t	\N	2024-05-21 15:16:52.465219+08	\N	2024-05-21 15:16:52.465219+08	王春元	ic9552947	\N	\N	\N	e3a9fd7e-9e06-44b6-8cc2-d031e68e8461	\N	\N
0e46cdb4-e3c8-476b-b307-b69722257b85	t	\N	2024-05-21 15:16:52.466217+08	\N	2024-05-21 15:16:52.466217+08	李俊涛	ic9552963	\N	\N	\N	8089c8af-9a0e-4147-9191-de4a82270475	\N	\N
44bc4950-abf0-4469-90d7-b0e6fa6978a5	t	\N	2024-05-21 15:16:52.468212+08	\N	2024-05-21 15:16:52.468212+08	王绍滨	ic9550369	\N	\N	\N	31276793-0b52-4bb0-89b4-cc15dd23f71d	\N	\N
06ce09ef-39eb-4684-a468-436c117e1ba1	t	\N	2024-05-21 15:16:52.469209+08	\N	2024-05-21 15:16:52.469209+08	姜兰东	ic9550399	\N	\N	\N	b07fa005-2385-4797-aa9d-1c967ba94046	\N	\N
3f115482-1ba8-478e-bb4f-73648071ea62	t	\N	2024-05-21 15:16:52.471204+08	\N	2024-05-21 15:16:52.471204+08	张春涛	ic9550454	\N	\N	\N	03280053-df87-4473-b2fa-07b88c8acc0c	\N	\N
0139559b-0296-44e8-82fb-a89eec19b91f	t	\N	2024-05-21 15:16:52.473199+08	\N	2024-05-21 15:16:52.473199+08	荣海峰	ic0250025	\N	\N	\N	8089c8af-9a0e-4147-9191-de4a82270475	\N	\N
a8c7e197-94b0-4be8-babb-41bec968789c	t	\N	2024-05-21 15:16:52.475194+08	\N	2024-05-21 15:16:52.475194+08	王鹏	peng	\N	\N	\N	9b4fe9db-1cc9-404e-ad6c-2ecc209c9616	\N	\N
5b271639-0699-4b2e-b805-2363b8f12013	t	\N	2024-05-21 15:16:52.477189+08	\N	2024-05-21 15:16:52.477189+08	胡大蒙	ic0752453	\N	\N	\N	72bcad09-6722-441c-a47a-8533f73a7ae8	\N	\N
30ddf64c-5eef-45f4-9e2f-ac8884709f7a	t	\N	2024-05-21 15:16:52.480545+08	\N	2024-05-21 15:16:52.480553+08	时梓银	ic0752454	\N	\N	\N	25f115d3-7250-4b3c-b4b6-3570f0b5eec8	\N	\N
d25a23ca-595c-4ed4-954a-21625baca664	t	\N	2024-05-21 15:16:52.481547+08	\N	2024-05-21 15:16:52.481547+08	李晋玺	1923244	\N	\N	\N	31276793-0b52-4bb0-89b4-cc15dd23f71d	\N	\N
0c739a9d-9b76-4a93-846a-2cb7edb80f09	t	\N	2024-05-21 15:16:52.483542+08	\N	2024-05-21 15:16:52.483542+08	季先领	ic9550506	\N	\N	\N	ba3efeb2-a7dc-463d-a4b4-eafb8807f131	\N	\N
acf3c4cb-d044-46f8-88ad-473b19a72196	t	\N	2024-05-21 15:16:52.485536+08	\N	2024-05-21 15:16:52.485536+08	田景龙	ic9551488	\N	\N	\N	4134be1f-60ee-455b-9c24-2d85b7fee8aa	\N	\N
fb915271-31ee-4eab-a19e-f7fff5699985	t	\N	2024-05-21 15:16:52.486532+08	\N	2024-05-21 15:16:52.486532+08	林海忠	haizhong	\N	\N	\N	1d58a691-7ffa-41b1-b688-4a87f36a5712	\N	\N
a939af23-51fa-4c89-88b0-a414e71f0c66	t	\N	2024-05-21 15:16:52.488527+08	\N	2024-05-21 15:16:52.488527+08	张顺礼	ic9551517	\N	\N	\N	2cbc7f0d-a9de-48db-85de-5962512b162b	\N	\N
deafa9c2-f2e5-4e5e-b9fb-4ed0627e52e5	t	\N	2024-05-21 15:16:52.489525+08	\N	2024-05-21 15:16:52.489525+08	唐懋森	1923191	\N	\N	\N	bc8424a1-1ada-4897-91e1-66f044e90df2	\N	\N
7fcbd70c-ada1-4a5d-b3be-00c5f2e58612	t	\N	2024-05-21 15:16:52.49152+08	\N	2024-05-21 15:16:52.49152+08	王丽君	ic9550674	\N	\N	\N	7433e264-f0d7-447a-8cb1-fda450ef8249	\N	\N
f5749ff9-0655-49dc-8685-110d5260e327	t	\N	2024-05-21 15:16:52.492517+08	\N	2024-05-21 15:16:52.492517+08	李志敏	ic9550700	\N	\N	\N	ba3efeb2-a7dc-463d-a4b4-eafb8807f131	\N	\N
6c6ae02f-63d2-40fd-ac6f-0a5973c8b7cc	t	\N	2024-05-21 15:16:52.495515+08	\N	2024-05-21 15:16:52.495515+08	王玉才	ic9550739	\N	\N	\N	f00637e3-9bdb-48e3-b055-9eb73b82c18d	\N	\N
39674887-667d-4cad-9519-c4031bd1af3c	t	\N	2024-05-21 15:16:52.496507+08	\N	2024-05-21 15:16:52.496507+08	石艳庆	ic9550755	\N	\N	\N	72bcad09-6722-441c-a47a-8533f73a7ae8	\N	\N
2f729de9-93f9-4bee-b54e-07e5309b0539	t	\N	2024-05-21 15:16:52.497504+08	\N	2024-05-21 15:16:52.497504+08	肖越	ic9551391	\N	\N	\N	521e978d-56c5-4dfe-9c35-606fd28af124	\N	\N
305d5cde-4709-4183-b76d-35b4c2ae51ee	t	\N	2024-05-21 15:16:52.499498+08	\N	2024-05-21 15:16:52.499498+08	康孝刚	ic9551404	\N	\N	\N	81f822c5-1381-4f1c-963e-bdf7dba8a09f	\N	\N
267e3f93-bca6-4ac5-842f-7a6d48a1c52e	t	\N	2024-05-21 15:16:52.500497+08	\N	2024-05-21 15:16:52.500497+08	王家宏	ic9551417	\N	\N	\N	7ca05f7b-ddae-4f6f-86af-dd9b89210553	\N	\N
8c0bf784-9edf-4ec0-baa5-b77952d69e4c	t	\N	2024-05-21 15:16:52.501495+08	\N	2024-05-21 15:16:52.501495+08	姜文成	1923249	\N	\N	\N	31276793-0b52-4bb0-89b4-cc15dd23f71d	\N	\N
beff1623-8a23-49df-b944-35240241aed4	t	\N	2024-05-21 15:16:52.503491+08	\N	2024-05-21 15:16:52.503491+08	乔松海	ic9551462	\N	\N	\N	dd7ee76e-ba9d-4fff-8bcf-8c5e0ad0e4ea	\N	\N
40ea6224-a1a0-46f0-8f4e-fe15f7fd1c67	t	\N	2024-05-21 15:16:52.504485+08	\N	2024-05-21 15:16:52.504485+08	刘忠勇	ic9551475	\N	\N	\N	37ea05e9-3074-43c3-843e-83dcef8b33df	\N	\N
75207fff-7733-414f-a466-b788ae6c3dca	t	\N	2024-05-21 15:16:52.505483+08	\N	2024-05-21 15:16:52.505483+08	赵涛	ic9552262	\N	\N	\N	bccac5ea-2eac-4aa1-adb0-e99e90bb1ef6	\N	\N
0a33dd6f-5b54-4ad2-83b9-8f9269410f9c	t	\N	2024-05-21 15:16:52.50648+08	\N	2024-05-21 15:16:52.50648+08	刘月波	1923297	\N	\N	\N	b0987c78-7086-4760-b1df-56884280e7b2	\N	\N
1da38ba4-b120-4079-aa5b-0a24ecea4f2e	t	\N	2024-05-21 15:16:52.507477+08	\N	2024-05-21 15:16:52.507477+08	张燕	ic0330055	\N	\N	\N	ad50f3ce-0224-4fc4-b2e1-a41fe7eb4d8d	\N	\N
01f1ec55-6b47-4c29-b40e-9765a16a108a	t	\N	2024-05-21 15:16:52.508475+08	\N	2024-05-21 15:16:52.508475+08	陶静	ic0330071	\N	\N	\N	1f371b61-dc0d-4473-97c6-5d4576eb92d7	\N	\N
ff1f13e4-c346-4456-87fb-f7074c4f48ee	t	\N	2024-05-21 15:16:52.509472+08	\N	2024-05-21 15:16:52.509472+08	王科	1925396	\N	\N	\N	73fb3d83-1f4b-4b65-8d89-a4e51aabad48	\N	\N
70cafacc-fd5c-4fcd-84b5-d7ca72d32982	t	\N	2024-05-21 15:16:52.512465+08	\N	2024-05-21 15:16:52.512465+08	赵凤臣	ic9552291	\N	\N	\N	73fb3d83-1f4b-4b65-8d89-a4e51aabad48	\N	\N
c67799a1-d030-4d3b-986c-7e16a1b3df43	t	\N	2024-05-21 15:16:52.513462+08	\N	2024-05-21 15:16:52.513462+08	姜高峰	ic9552375	\N	\N	\N	bccac5ea-2eac-4aa1-adb0-e99e90bb1ef6	\N	\N
a8d6a641-8d48-4913-8f5c-99726806e482	t	\N	2024-05-21 15:16:52.515457+08	\N	2024-05-21 15:16:52.515457+08	冷向阳	ic9552391	\N	\N	\N	1d58a691-7ffa-41b1-b688-4a87f36a5712	\N	\N
cdf4bef8-35a0-4de5-af67-1fc82535abf8	t	\N	2024-05-21 15:16:52.516454+08	\N	2024-05-21 15:16:52.516454+08	邬成富	ic0350323	\N	\N	\N	21eaaeb6-1c90-4a27-9d7f-1ffd14558cd3	\N	\N
0a0eab55-6d32-4643-a449-8121ec24ed8f	t	\N	2024-05-21 15:16:52.517452+08	\N	2024-05-21 15:16:52.517452+08	郭莹莹	ic0832598	\N	\N	\N	59a70773-de5e-4ce4-8b5b-2bea80282391	\N	\N
005832c3-f825-4181-ad70-9603df7924b4	t	\N	2024-05-21 15:16:52.518449+08	\N	2024-05-21 15:16:52.518449+08	张晓辉	ic0832599	\N	\N	\N	c3a4f120-846a-4224-80e8-e656ce211c04	\N	\N
13d4daef-d6c9-4f39-b6bb-692420d7c9e7	t	\N	2024-05-21 15:16:52.520443+08	\N	2024-05-21 15:16:52.520443+08	杨磊	1925360	\N	\N	\N	71864559-0bf3-4dc1-91d8-4f3a2b8f2045	\N	\N
20e9f11c-086d-42df-8ca6-2a1a32643715	t	\N	2024-05-21 15:16:52.521441+08	\N	2024-05-21 15:16:52.521441+08	林东升	ic0852162	\N	\N	\N	f7f2a5ae-ed4c-4794-88d4-418cf440780b	\N	\N
0fcee808-f897-402e-b026-544097080e55	t	\N	2024-05-21 15:16:52.522438+08	\N	2024-05-21 15:16:52.522438+08	石忠鹏	ic0852119	\N	\N	\N	c9a78a4f-b5d7-4465-8096-92ea467bc134	\N	\N
1c3d3942-4710-4c58-ac31-29004c12a092	t	\N	2024-05-21 15:16:52.52391+08	\N	2024-05-21 15:16:52.52391+08	姜光辉	ic0852438	\N	\N	\N	0d99100d-a2f1-4579-9fb8-e21e30ad7b15	\N	\N
587d9b1d-fe7a-4880-80a6-cfd04593c15c	t	\N	2024-05-21 15:16:52.525908+08	\N	2024-05-21 15:16:52.525908+08	张相一	xiangyi	\N	\N	\N	9b4fe9db-1cc9-404e-ad6c-2ecc209c9616	\N	\N
85a5a5b5-d411-4ff6-8d1d-1317477112e4	t	\N	2024-05-21 15:16:52.526905+08	\N	2024-05-21 15:16:52.526905+08	林学仪	1923451	\N	\N	\N	a55b5b3b-b79b-46f7-8e36-51ba14c904c6	\N	\N
dedd6177-5964-4626-bbab-660aa0a791e1	t	\N	2024-05-21 15:16:52.5289+08	\N	2024-05-21 15:16:52.5289+08	王海洋	ic0852528	\N	\N	\N	be176f6f-c409-4962-970a-4d3a71df161d	\N	\N
bf4a5830-c1f6-4615-a43c-7754b8cbb73b	t	\N	2024-05-21 15:16:52.529897+08	\N	2024-05-21 15:16:52.529897+08	高玉春	1923396	\N	\N	\N	0a5c5026-c176-4dbc-afd4-0b7dae906fa5	\N	\N
81e9cded-a7f4-4a9e-9746-4db95a077e74	t	\N	2024-05-21 15:16:52.530894+08	\N	2024-05-21 15:16:52.530894+08	姜尚南	1923397	\N	\N	\N	1d58a691-7ffa-41b1-b688-4a87f36a5712	\N	\N
da6e850e-0a04-45c7-9f27-e296704898a4	t	\N	2024-05-21 15:16:52.531891+08	\N	2024-05-21 15:16:52.531891+08	邢杜发	ic0010072	\N	\N	\N	7ca05f7b-ddae-4f6f-86af-dd9b89210553	\N	\N
f1e7eb0c-4d11-4641-8be8-59c61b095eb8	t	\N	2024-05-21 15:16:52.533398+08	\N	2024-05-21 15:16:52.533398+08	李伟	wei2	\N	\N	\N	0a5c5026-c176-4dbc-afd4-0b7dae906fa5	\N	\N
c412903d-8aca-47c3-a58f-e227caaeae65	t	\N	2024-05-21 15:16:52.534399+08	\N	2024-05-21 15:16:52.534399+08	任玉杰	ic0030063	\N	\N	\N	658684cd-1b4a-471c-8558-a26a27e52ddb	\N	\N
80bb0dc0-902b-44fa-80aa-84653cfbb22e	t	\N	2024-05-21 15:16:52.535434+08	\N	2024-05-21 15:16:52.535434+08	黄少伟	ic0030089	\N	\N	\N	dd7ee76e-ba9d-4fff-8bcf-8c5e0ad0e4ea	\N	\N
6c535d1d-f1fd-4064-a12a-4adfdcc2a778	t	\N	2024-05-21 15:16:52.537391+08	\N	2024-05-21 15:16:52.537391+08	成在全	ic0030102	\N	\N	\N	459a1e71-2721-450b-b4a1-bca743b72e9b	\N	\N
f824c0b6-e637-438b-8ce7-cf12ff68c116	t	\N	2024-05-21 15:16:52.538388+08	\N	2024-05-21 15:16:52.538388+08	丁爱军	ic0030144	\N	\N	\N	f7f2a5ae-ed4c-4794-88d4-418cf440780b	\N	\N
ebf62743-f1af-481e-a0ab-f9c775d97d6a	t	\N	2024-05-21 15:16:52.539419+08	\N	2024-05-21 15:16:52.539419+08	彭冲	ic0230090	\N	\N	\N	64d25805-099f-45e2-bc3f-5a4be288b2fb	\N	\N
115a8a9e-4449-4d67-935c-d1968834c9d9	t	\N	2024-05-21 15:16:52.540382+08	\N	2024-05-21 15:16:52.540382+08	王新卫	ic0230100	\N	\N	\N	ee267c82-4c48-4159-980c-b8d6d5a56853	\N	\N
a9dd675c-916d-4cdd-9e29-3a459bc49eb0	t	\N	2024-05-21 15:16:52.542378+08	\N	2024-05-21 15:16:52.542378+08	纪德龙	1925029	\N	\N	\N	0a5c5026-c176-4dbc-afd4-0b7dae906fa5	\N	\N
0f8880c3-9e57-44c8-aa13-43b3931ec977	t	\N	2024-05-21 15:16:52.543375+08	\N	2024-05-21 15:16:52.543375+08	薛博文	ic0852129	\N	\N	\N	c9a78a4f-b5d7-4465-8096-92ea467bc134	\N	\N
4ca01540-bf76-45bb-9047-0e1c09fe0141	t	\N	2024-05-21 15:16:52.546376+08	\N	2024-05-21 15:16:52.546376+08	栾建波	1925017	\N	\N	\N	c9a78a4f-b5d7-4465-8096-92ea467bc134	\N	\N
9722f953-b4d8-467a-8e92-2e1472a3b471	t	\N	2024-05-21 15:16:52.547405+08	\N	2024-05-21 15:16:52.547405+08	初敏	ic0852269	\N	\N	\N	fa2a4daf-98e7-4259-8bef-cd70c4da7440	\N	\N
31b19b89-e588-4d2b-9242-b68d49e87f17	t	\N	2024-05-21 15:16:52.548362+08	\N	2024-05-21 15:16:52.548362+08	刘润武	runwu	\N	\N	\N	21eaaeb6-1c90-4a27-9d7f-1ffd14558cd3	\N	\N
55da933c-9d4e-49b8-8286-e4b459a096a7	t	\N	2024-05-21 15:16:52.549359+08	\N	2024-05-21 15:16:52.549359+08	娄文礼	ic0732309	\N	\N	\N	dc6bc6c4-60d8-4513-a425-38447632f9b9	\N	\N
3168592f-7017-4689-847e-7e19771b2159	t	\N	2024-05-21 15:16:52.551442+08	\N	2024-05-21 15:16:52.551442+08	史本南	ic0732316	\N	\N	\N	82889256-32b9-4fd1-ad16-59888ddba6d4	\N	\N
bc89df66-04db-4e36-b7c6-fb0c93923b8e	t	\N	2024-05-21 15:16:52.552525+08	\N	2024-05-21 15:16:52.552525+08	冯慧	ic0732319	\N	\N	\N	ad50f3ce-0224-4fc4-b2e1-a41fe7eb4d8d	\N	\N
acf4ae1c-21bc-4a84-880e-e05d63446913	t	\N	2024-05-21 15:16:52.55352+08	\N	2024-05-21 15:16:52.55352+08	梁军君	ic0732313	\N	\N	\N	fa7f1b30-9fa1-4876-af1a-46b50730d5fc	\N	\N
6bc6ec05-7317-4796-a4fe-ab4b6e48ba2c	t	\N	2024-05-21 15:16:52.554518+08	\N	2024-05-21 15:16:52.554518+08	隋少坤	ic0732315	\N	\N	\N	7ca05f7b-ddae-4f6f-86af-dd9b89210553	\N	\N
63870968-2abe-44aa-9185-4e69f8894c6e	t	\N	2024-05-21 15:16:52.554518+08	\N	2024-05-21 15:16:52.555515+08	孙蕾	ic0732320	\N	\N	\N	ad50f3ce-0224-4fc4-b2e1-a41fe7eb4d8d	\N	\N
46a030d1-6be0-4931-8864-482082bf586d	t	\N	2024-05-21 15:16:52.556512+08	\N	2024-05-21 15:16:52.556512+08	吕志洋	ic0732321	\N	\N	\N	59a70773-de5e-4ce4-8b5b-2bea80282391	\N	\N
83adb9a7-a3d6-4431-a755-dccba4da64c2	t	\N	2024-05-21 15:16:52.55851+08	\N	2024-05-21 15:16:52.55851+08	段宇	ic0772112	\N	\N	\N	5a05b4bb-1b48-4bac-9337-fb895430ee17	\N	\N
47922b0a-ce30-436a-8170-824eb6f5679c	t	\N	2024-05-21 15:16:52.559506+08	\N	2024-05-21 15:16:52.559506+08	于德涛	ic0832806	\N	\N	\N	bccac5ea-2eac-4aa1-adb0-e99e90bb1ef6	\N	\N
e05a9ee6-ccd7-4d53-96cd-8505d2a22146	t	\N	2024-05-21 15:16:52.561503+08	\N	2024-05-21 15:16:52.561503+08	任玉姬	ic0832810	\N	\N	\N	fa7f1b30-9fa1-4876-af1a-46b50730d5fc	\N	\N
4a586492-0383-4ec3-8c22-3fb5deaad2b4	t	\N	2024-05-21 15:16:52.563495+08	\N	2024-05-21 15:16:52.563495+08	孙涛	ic0832979	\N	\N	\N	c81c7374-ce11-4d7d-9370-13d79695ccd0	\N	\N
c98f6bcc-fa53-490f-88b1-e29a95f14162	t	\N	2024-05-21 15:16:52.565488+08	\N	2024-05-21 15:16:52.565488+08	王芳	ic0873967	\N	\N	\N	2ee75b1e-ebcf-4d86-b646-e58820aef55d	\N	\N
87fffae0-6092-4f52-933d-a83adc9bb37f	t	\N	2024-05-21 15:16:52.566485+08	\N	2024-05-21 15:16:52.566485+08	梁庆善	ic0873984	\N	\N	\N	fa1d5f36-909f-4e64-a4b4-be658063650f	\N	\N
cdaa6679-af15-44f6-8c6a-1677bc5006fe	t	\N	2024-05-21 15:16:52.567484+08	\N	2024-05-21 15:16:52.567484+08	孙品	1923547	\N	\N	\N	97046c45-19e1-48f5-abee-17e7818c18be	\N	\N
685a846f-4456-4bf4-b666-d010f5ec7d4c	t	\N	2024-05-21 15:16:52.56848+08	\N	2024-05-21 15:16:52.56848+08	陆鹏	1923548	\N	\N	\N	fac5750d-72e6-4d03-978c-2e2a4fcecab9	\N	\N
e8d5d096-6f83-4cef-83d6-b668dbbcbfd8	t	\N	2024-05-21 15:16:52.570477+08	\N	2024-05-21 15:16:52.570477+08	姜伟	1923549	\N	\N	\N	97046c45-19e1-48f5-abee-17e7818c18be	\N	\N
6f58ff27-af26-4dcb-a412-56d9b1c7f417	t	\N	2024-05-21 15:16:52.57151+08	\N	2024-05-21 15:16:52.57151+08	高健	1923551	\N	\N	\N	a55b5b3b-b79b-46f7-8e36-51ba14c904c6	\N	\N
dd7211bd-da04-4cb4-899c-17bd0432cb54	t	\N	2024-05-21 15:16:52.573467+08	\N	2024-05-21 15:16:52.573467+08	徐国安	ic0873990	\N	\N	\N	4134be1f-60ee-455b-9c24-2d85b7fee8aa	\N	\N
8c9ff957-2648-4c13-bbcb-eb0a642392be	t	\N	2024-05-21 15:16:52.574464+08	\N	2024-05-21 15:16:52.574464+08	蓝旭超	1923546	\N	\N	\N	496a94df-b510-4f4e-9730-0e23380fe095	\N	\N
83a8a56c-ed13-4b2d-b68d-4e1978d80965	t	\N	2024-05-21 15:16:52.575461+08	\N	2024-05-21 15:16:52.575461+08	刘渊博	ic0874017	\N	\N	\N	ce5ac698-191c-4892-b953-ab02ed2d1d8f	\N	\N
9a9096af-23ea-41c9-aa11-2544b94613cf	t	\N	2024-05-21 15:16:52.578459+08	\N	2024-05-21 15:16:52.578459+08	田中玉	ic0832990	\N	\N	\N	5a05b4bb-1b48-4bac-9337-fb895430ee17	\N	\N
f0c52cb4-612d-4e13-9689-53e2a7386463	t	\N	2024-05-21 15:16:52.580448+08	\N	2024-05-21 15:16:52.580448+08	苏鹏君	ic0832998	\N	\N	\N	2fa0c33e-6db0-486b-88fa-593eb2ef784a	\N	\N
32353fca-e5ea-41f5-9f9b-590c746b51dc	t	\N	2024-05-21 15:16:52.581446+08	\N	2024-05-21 15:16:52.581446+08	陈伟	ic0832999	\N	\N	\N	dc6bc6c4-60d8-4513-a425-38447632f9b9	\N	\N
58f630c2-a623-4b47-8da5-5d23d806289e	t	\N	2024-05-21 15:16:52.582443+08	\N	2024-05-21 15:16:52.582443+08	石颖科	ic0832991	\N	\N	\N	27431412-db18-481a-97f7-e979e24a7c6d	\N	\N
162cdff5-7f85-4e1b-a9db-ae2624513528	t	\N	2024-05-21 15:16:52.58344+08	\N	2024-05-21 15:16:52.58344+08	何海申	ic0832994	\N	\N	\N	5e933b58-e0a0-44da-a54d-9622e0619d79	\N	\N
69c4d6aa-ed6a-4a28-8dbe-1348a25631d7	t	\N	2024-05-21 15:16:52.584439+08	\N	2024-05-21 15:16:52.584439+08	马德亭	ic0832985	\N	\N	\N	82889256-32b9-4fd1-ad16-59888ddba6d4	\N	\N
292fb0d3-e3bc-49d1-bfd8-6170da47c77a	t	\N	2024-05-21 15:16:52.586432+08	\N	2024-05-21 15:16:52.586432+08	宫照汗	1925378	\N	\N	\N	c9a78a4f-b5d7-4465-8096-92ea467bc134	\N	\N
3a0a4017-b0b3-438d-b786-9304fd7f2bf2	t	\N	2024-05-21 15:16:52.58743+08	\N	2024-05-21 15:16:52.58743+08	徐军洲	1923559	\N	\N	\N	bc8424a1-1ada-4897-91e1-66f044e90df2	\N	\N
ee5b3a69-7603-4b31-91b3-b6204649aac0	t	\N	2024-05-21 15:16:52.588429+08	\N	2024-05-21 15:16:52.588429+08	徐晓日	ic0874106	\N	\N	\N	25e7bd08-f028-4305-9150-af854fd29548	\N	\N
ed2f8a3f-7162-4a30-867b-15223a9adf40	t	\N	2024-05-21 15:16:52.590422+08	\N	2024-05-21 15:16:52.590422+08	王伟	wei3	\N	\N	\N	496a94df-b510-4f4e-9730-0e23380fe095	\N	\N
292e1088-4613-4e2e-8ba0-a0ce5dfd9e19	t	\N	2024-05-21 15:16:52.591465+08	\N	2024-05-21 15:16:52.591465+08	李琅瑜	1923562	\N	\N	\N	be176f6f-c409-4962-970a-4d3a71df161d	\N	\N
b7b38438-b1c3-49fb-94d7-061c286ed0d6	t	\N	2024-05-21 15:16:52.593414+08	\N	2024-05-21 15:16:52.593414+08	林鹏	ic0874120	\N	\N	\N	fac5750d-72e6-4d03-978c-2e2a4fcecab9	\N	\N
a98f27af-3c24-4607-99be-7fa88f6b5d23	t	\N	2024-05-21 15:16:52.595409+08	\N	2024-05-21 15:16:52.595409+08	王刘伟	liuwei	\N	\N	\N	a0580b43-569a-40c7-9f19-3a702a6101c9	\N	\N
9fa9c6bc-bf08-4ecd-9cf9-85009d4cc24a	t	\N	2024-05-21 15:16:52.597403+08	\N	2024-05-21 15:16:52.597403+08	杨云昭	yunzhao	\N	\N	\N	cc775e53-3b00-4d54-95ef-db019694b1ad	\N	\N
ec032f30-4771-4850-9fc6-5525e58670df	t	\N	2024-05-21 15:16:52.598401+08	\N	2024-05-21 15:16:52.598401+08	高光照	1923553	\N	\N	\N	ce5ac698-191c-4892-b953-ab02ed2d1d8f	\N	\N
71fbd9a4-13d5-47c8-a71a-abf4cdc33d0a	t	\N	2024-05-21 15:16:52.599448+08	\N	2024-05-21 15:16:52.599448+08	吴涛	1925364	\N	\N	\N	bc8424a1-1ada-4897-91e1-66f044e90df2	\N	\N
8ed688d1-ac80-44c9-80ce-1edb3bbdf0a5	t	\N	2024-05-21 15:16:52.601432+08	\N	2024-05-21 15:16:52.601432+08	仝瑞岭	ic0874064	\N	\N	\N	ce5ac698-191c-4892-b953-ab02ed2d1d8f	\N	\N
7ef341cb-fc78-4258-a603-4c12076f55bd	t	\N	2024-05-21 15:16:52.602431+08	\N	2024-05-21 15:16:52.602431+08	高岩	ic0874065	\N	\N	\N	60788ebe-4094-488c-860c-9ee459e7930b	\N	\N
200404a2-3096-488b-b48d-0ceb5dbad111	t	\N	2024-05-21 15:16:52.604386+08	\N	2024-05-21 15:16:52.604386+08	王震	1925361	\N	\N	\N	fac5750d-72e6-4d03-978c-2e2a4fcecab9	\N	\N
27b9b55b-fe81-4481-ba18-782ef8368ee0	t	\N	2024-05-21 15:16:52.60542+08	\N	2024-05-21 15:16:52.60542+08	刘元文	yuanwen	\N	\N	\N	496a94df-b510-4f4e-9730-0e23380fe095	\N	\N
a4faa5ea-af25-419d-95f5-6959daacbd7b	t	\N	2024-05-21 15:16:52.607378+08	\N	2024-05-21 15:16:52.607378+08	刘延璋	ic0874079	\N	\N	\N	44d8741e-f002-4d40-bbc2-469056d745ab	\N	\N
ef3b2ee4-7b21-49db-a4b4-186624dd096e	t	\N	2024-05-21 15:16:52.609379+08	\N	2024-05-21 15:16:52.609379+08	王一皓	ic0874084	\N	\N	\N	0a5c5026-c176-4dbc-afd4-0b7dae906fa5	\N	\N
86bf04c1-0828-4c3e-866b-bb3509761a67	t	\N	2024-05-21 15:16:52.611368+08	\N	2024-05-21 15:16:52.611368+08	苗纪珍	jizhen	\N	\N	\N	97046c45-19e1-48f5-abee-17e7818c18be	\N	\N
438e9bcb-49c4-4b90-93ea-8261652d8b93	t	\N	2024-05-21 15:16:52.613362+08	\N	2024-05-21 15:16:52.613362+08	赵永生	1925363	\N	\N	\N	73fb3d83-1f4b-4b65-8d89-a4e51aabad48	\N	\N
c7ea8fc6-5073-49b7-b2e8-1c02840d2d8d	t	\N	2024-05-21 15:16:52.615357+08	\N	2024-05-21 15:16:52.615357+08	彭洋	ic0900014	\N	\N	\N	27f5cd1e-33a2-4af3-ada4-4f2a1d83edf1	\N	\N
47546d8d-6f97-4c50-8c93-a21dc67a9fb1	t	\N	2024-05-21 15:16:52.616353+08	\N	2024-05-21 15:16:52.616353+08	洪成官	ic0900003	\N	\N	\N	362992c8-3d3c-4f06-b4e6-451dedf02ee1	\N	\N
fb151474-3c51-4e2a-802f-a7080cf78de0	t	\N	2024-05-21 15:16:52.617387+08	\N	2024-05-21 15:16:52.617387+08	于芹龙	ic0874445	\N	\N	\N	f0fb1804-41f8-43d3-a15b-4379fdfe5ae7	\N	\N
2564c09b-04a5-4c8c-adcd-17147890acf2	t	\N	2024-05-21 15:16:52.619345+08	\N	2024-05-21 15:16:52.619345+08	徐行青	ic0874422	\N	\N	\N	59a70773-de5e-4ce4-8b5b-2bea80282391	\N	\N
f9c35126-cf17-4850-b8bc-7adb72ca0b1b	t	\N	2024-05-21 15:16:52.620345+08	\N	2024-05-21 15:16:52.620345+08	赵光晨	guangchen	\N	\N	\N	ce5ac698-191c-4892-b953-ab02ed2d1d8f	\N	\N
0b292661-0da3-4d8e-b2d7-2bf113353475	t	\N	2024-05-21 15:16:52.622337+08	\N	2024-05-21 15:16:52.622337+08	谢可欣	1923645	\N	\N	\N	9b4fe9db-1cc9-404e-ad6c-2ecc209c9616	\N	\N
bf909dc1-9b15-4631-a68c-f6e437ccaab6	t	\N	2024-05-21 15:16:52.624332+08	\N	2024-05-21 15:16:52.624332+08	董志超	ic0874438	\N	\N	\N	fe8e3ba6-05e3-42fd-b139-8a1e5802c588	\N	\N
079a2e10-a28e-4dd9-bc75-6f6a09da51d8	t	\N	2024-05-21 15:16:52.625331+08	\N	2024-05-21 15:16:52.625331+08	董海泳	ic0900089	\N	\N	\N	44d8741e-f002-4d40-bbc2-469056d745ab	\N	\N
bf00572d-6eba-4641-b162-a73e22a2b7b8	t	\N	2024-05-21 15:16:52.627326+08	\N	2024-05-21 15:16:52.627326+08	于景涛	jingtao	\N	\N	\N	1c1e045c-965d-4af3-99da-3e38e80ad4f7	\N	\N
8c4b4fbe-abea-4ed1-8933-4945f167dc7b	t	\N	2024-05-21 15:16:52.629321+08	\N	2024-05-21 15:16:52.629321+08	王振伟	zhenwei	\N	\N	\N	b0987c78-7086-4760-b1df-56884280e7b2	\N	\N
ba4682f0-fdef-4223-9857-95ae7fd773e0	t	\N	2024-05-21 15:16:52.631216+08	\N	2024-05-21 15:16:52.631216+08	张鹏飞	1923652	\N	\N	\N	71864559-0bf3-4dc1-91d8-4f3a2b8f2045	\N	\N
97b92d9a-ad31-42b6-90a3-9218f93d486f	t	\N	2024-05-21 15:16:52.632817+08	\N	2024-05-21 15:16:52.632817+08	唐晓斌	1923655	\N	\N	\N	0614f101-93ec-4b7f-9162-2b2aea398891	\N	\N
20c2b2df-aee3-4ae5-bd5e-22971ed95f13	t	\N	2024-05-21 15:16:52.634329+08	\N	2024-05-21 15:16:52.634329+08	宫开元	1923656	\N	\N	\N	09a4504d-f02f-4cf4-b77b-c9a98ac45b35	\N	\N
99878fd0-7e9f-4974-9453-33413f6da44e	t	\N	2024-05-21 15:16:52.635538+08	\N	2024-05-21 15:16:52.635538+08	苏环昌	1923657	\N	\N	\N	b0987c78-7086-4760-b1df-56884280e7b2	\N	\N
74602ea5-358d-4610-a710-e57324c7f594	t	\N	2024-05-21 15:16:52.637525+08	\N	2024-05-21 15:16:52.637525+08	宫志刚	ic0900048	\N	\N	\N	e3a9fd7e-9e06-44b6-8cc2-d031e68e8461	\N	\N
4785918c-41ca-4492-92da-60b5f660e933	t	\N	2024-05-21 15:16:52.638524+08	\N	2024-05-21 15:16:52.638524+08	姜红树	hongshu	\N	\N	\N	ce5ac698-191c-4892-b953-ab02ed2d1d8f	\N	\N
9d304751-fff8-4bcc-a7ca-cb9aa8f09f13	t	\N	2024-05-21 15:16:52.640517+08	\N	2024-05-21 15:16:52.640517+08	赵森	ic0854041	\N	\N	\N	25f115d3-7250-4b3c-b4b6-3570f0b5eec8	\N	\N
baf7c85d-9b9a-41d6-bca5-e6e384e22655	t	\N	2024-05-21 15:16:52.642514+08	\N	2024-05-21 15:16:52.642514+08	李良	ic0854027	\N	\N	\N	4134be1f-60ee-455b-9c24-2d85b7fee8aa	\N	\N
4dd0c9c6-24da-46ad-b49a-5c49fd344215	t	\N	2024-05-21 15:16:52.644507+08	\N	2024-05-21 15:16:52.644507+08	安茂涛	ic0854037	\N	\N	\N	c9a78a4f-b5d7-4465-8096-92ea467bc134	\N	\N
989d7b24-2475-406f-bf08-45ee966ad2e8	t	\N	2024-05-21 15:16:52.646503+08	\N	2024-05-21 15:16:52.646503+08	方明	ic0900072	\N	\N	\N	c3a4f120-846a-4224-80e8-e656ce211c04	\N	\N
4f9aa764-26b5-485a-a48a-8f77c553aaba	t	\N	2024-05-21 15:16:52.648496+08	\N	2024-05-21 15:16:52.648496+08	刘全兵	ic0900060	\N	\N	\N	ae51c78b-5525-493d-a89d-b1c61cc68b7b	\N	\N
bfd79a94-4814-4aaa-a021-8efcadf75b05	t	\N	2024-05-21 15:16:52.649494+08	\N	2024-05-21 15:16:52.649494+08	黄腾	ic0900103	\N	\N	\N	4dea4239-8108-4068-a3bc-65d9759fd4c8	\N	\N
2359a2cb-61df-4a4a-9edd-48cdd657c631	t	\N	2024-05-21 15:16:52.6515+08	\N	2024-05-21 15:16:52.6515+08	聂娟	ic0834028	\N	\N	\N	5148a4df-225f-4a23-b4a7-2f62ec1a9e36	\N	\N
95bd2641-31ce-4999-8701-8a365c9d534c	t	\N	2024-05-21 15:16:52.653483+08	\N	2024-05-21 15:16:52.653483+08	张文娟	ic0834032	\N	\N	\N	c3a4f120-846a-4224-80e8-e656ce211c04	\N	\N
67357410-e2d5-42ad-809d-0294ff0a2d57	t	\N	2024-05-21 15:16:52.65448+08	\N	2024-05-21 15:16:52.65448+08	孔令杰	ic0854005	\N	\N	\N	25f115d3-7250-4b3c-b4b6-3570f0b5eec8	\N	\N
8ff51054-6a13-4735-9f1e-7b764919637d	t	\N	2024-05-21 15:16:52.655514+08	\N	2024-05-21 15:16:52.655514+08	楚振华	ic0834036	\N	\N	\N	cc775e53-3b00-4d54-95ef-db019694b1ad	\N	\N
4993c20b-634d-45fb-a02b-3cbf2035aee6	t	\N	2024-05-21 15:16:52.657473+08	\N	2024-05-21 15:16:52.657473+08	孔旭峰	1925045	\N	\N	\N	25f115d3-7250-4b3c-b4b6-3570f0b5eec8	\N	\N
6711f69f-d63c-431f-8004-b757342615df	t	\N	2024-05-21 15:16:52.658472+08	\N	2024-05-21 15:16:52.658472+08	曲浩文	haowen	\N	\N	\N	37ea05e9-3074-43c3-843e-83dcef8b33df	\N	\N
912466e5-c376-4a0c-9068-9cead581cd38	t	\N	2024-05-21 15:16:52.660464+08	\N	2024-05-21 15:16:52.660464+08	赵庆彪	ic0834016	\N	\N	\N	9ca79145-18a4-41f8-83e5-32790c926175	\N	\N
caa51811-49c1-42f7-b2f1-f2bef5b9ca52	t	\N	2024-05-21 15:16:52.662461+08	\N	2024-05-21 15:16:52.662461+08	刘少军	ic0834017	\N	\N	\N	7433e264-f0d7-447a-8cb1-fda450ef8249	\N	\N
4cc25418-744a-4de7-b03c-923ab555c777	t	\N	2024-05-21 15:16:52.664454+08	\N	2024-05-21 15:16:52.664454+08	王辉	ic0834039	\N	\N	\N	cded407a-0271-41eb-bccd-80da52c26dee	\N	\N
14b53569-40f5-4c49-b1ad-bc6532f0e922	t	\N	2024-05-21 15:16:52.66645+08	\N	2024-05-21 15:16:52.66645+08	刘胜进	ic0834041	\N	\N	\N	362992c8-3d3c-4f06-b4e6-451dedf02ee1	\N	\N
60b15298-d6a9-4b70-b8dc-d032f4790aba	t	\N	2024-05-21 15:16:52.667446+08	\N	2024-05-21 15:16:52.667446+08	周振惠	1924993	\N	\N	\N	c9a78a4f-b5d7-4465-8096-92ea467bc134	\N	\N
76e387a4-315c-42c1-854c-c1dae3cbbbd2	t	\N	2024-05-21 15:16:52.669441+08	\N	2024-05-21 15:16:52.669441+08	张炜炜	ic0834020	\N	\N	\N	dd7ee76e-ba9d-4fff-8bcf-8c5e0ad0e4ea	\N	\N
faba78b7-b27d-4ad9-a40c-d210ad9db98a	t	\N	2024-05-21 15:16:52.670444+08	\N	2024-05-21 15:16:52.670444+08	郝国卫	1925038	\N	\N	\N	60788ebe-4094-488c-860c-9ee459e7930b	\N	\N
bd186691-26f9-4f70-ae3f-4f0cb8618c16	t	\N	2024-05-21 15:16:52.671437+08	\N	2024-05-21 15:16:52.671437+08	曲韶伟	1925008	\N	\N	\N	09a4504d-f02f-4cf4-b77b-c9a98ac45b35	\N	\N
5f8b070d-a320-45ed-958d-dc5e4e3a3654	t	\N	2024-05-21 15:16:52.673431+08	\N	2024-05-21 15:16:52.673431+08	曲雪峰	xuefeng	\N	\N	\N	1c1e045c-965d-4af3-99da-3e38e80ad4f7	\N	\N
ef76e84e-a9e6-457c-9bd2-450a72baef5a	t	\N	2024-05-21 15:16:52.674465+08	\N	2024-05-21 15:16:52.674465+08	戴晴	1923732	\N	\N	\N	60788ebe-4094-488c-860c-9ee459e7930b	\N	\N
9fed9b6e-a80d-4b0f-b9e6-472a0aeecc30	t	\N	2024-05-21 15:16:52.676421+08	\N	2024-05-21 15:16:52.676421+08	王彦志	1925410	\N	\N	\N	c9a78a4f-b5d7-4465-8096-92ea467bc134	\N	\N
2704a768-cdb0-4405-aaaf-f88e088dd318	t	\N	2024-05-21 15:16:52.677421+08	\N	2024-05-21 15:16:52.677421+08	宋续禄	1925367	\N	\N	\N	73fb3d83-1f4b-4b65-8d89-a4e51aabad48	\N	\N
c317b51c-7c4e-4dfe-b229-75ac9e834dde	t	\N	2024-05-21 15:16:52.679416+08	\N	2024-05-21 15:16:52.679416+08	刘腾耀	1923799	\N	\N	\N	3b755267-2e62-42af-a96e-4c3f3b0631ce	\N	\N
ac988b1a-9c77-4427-95fb-f81cc88c28ce	t	\N	2024-05-21 15:16:52.680449+08	\N	2024-05-21 15:16:52.680449+08	王恺骅	ic0900208	\N	\N	\N	a55b5b3b-b79b-46f7-8e36-51ba14c904c6	\N	\N
6d5af374-b074-4bbe-9fbc-5116bb08f565	t	\N	2024-05-21 15:16:52.681446+08	\N	2024-05-21 15:16:52.681446+08	王兆强	1923801	\N	\N	\N	be176f6f-c409-4962-970a-4d3a71df161d	\N	\N
fd18b2ff-8942-4138-ac88-eb81782662af	t	\N	2024-05-21 15:16:52.682444+08	\N	2024-05-21 15:16:52.682444+08	赵浚良	ic0900221	\N	\N	\N	8bad18e9-f752-4ed2-b0a8-353030b1aa6a	\N	\N
01f883ac-bf8b-4ee5-ad59-73d80c06590e	t	\N	2024-05-21 15:16:52.683404+08	\N	2024-05-21 15:16:52.683404+08	马玉超	1923803	\N	\N	\N	60788ebe-4094-488c-860c-9ee459e7930b	\N	\N
fea56e9a-4218-4735-affb-d692d9144777	t	\N	2024-05-21 15:16:52.685398+08	\N	2024-05-21 15:16:52.685398+08	于小杰	1923804	\N	\N	\N	0a5c5026-c176-4dbc-afd4-0b7dae906fa5	\N	\N
3675ae25-f369-4a60-9e6a-7fd681f7d504	t	\N	2024-05-21 15:16:52.686413+08	\N	2024-05-21 15:16:52.686413+08	杨琳茹	ic0900138	\N	\N	\N	c81c7374-ce11-4d7d-9370-13d79695ccd0	\N	\N
c7c45d6e-f8df-4394-b355-b6bc029fafb8	t	\N	2024-05-21 15:16:52.687431+08	\N	2024-05-21 15:16:52.687431+08	王帆	1923805	\N	\N	\N	b0987c78-7086-4760-b1df-56884280e7b2	\N	\N
9ab146a7-1a6a-4979-bc47-e978cba1e4f5	t	\N	2024-05-21 15:16:52.68839+08	\N	2024-05-21 15:16:52.68839+08	孙佳鹏	ic0900244	\N	\N	\N	b0987c78-7086-4760-b1df-56884280e7b2	\N	\N
50c1d1b1-e448-4da2-bef0-11f6a96ec416	t	\N	2024-05-21 15:16:52.690388+08	\N	2024-05-21 15:16:52.690388+08	接洪华	1923807	\N	\N	\N	97046c45-19e1-48f5-abee-17e7818c18be	\N	\N
7713a6e6-c19a-43bd-b535-553e909787b9	t	\N	2024-05-21 15:16:52.691381+08	\N	2024-05-21 15:16:52.691381+08	包盛杰	1923808	\N	\N	\N	97046c45-19e1-48f5-abee-17e7818c18be	\N	\N
cfad7801-0225-4047-b27d-c669354f250b	t	\N	2024-05-21 15:16:52.692381+08	\N	2024-05-21 15:16:52.692381+08	王晓	1923815	\N	\N	\N	a55b5b3b-b79b-46f7-8e36-51ba14c904c6	\N	\N
ba3407af-c406-4444-a5bc-52db26f3a770	t	\N	2024-05-21 15:16:52.694375+08	\N	2024-05-21 15:16:52.694375+08	于天龙	1923811	\N	\N	\N	60788ebe-4094-488c-860c-9ee459e7930b	\N	\N
ba42c7a1-48a2-4150-b056-35526d068a44	t	\N	2024-05-21 15:16:52.69637+08	\N	2024-05-21 15:16:52.69637+08	李亮亮	1923886	\N	\N	\N	0a5c5026-c176-4dbc-afd4-0b7dae906fa5	\N	\N
7853f8e0-32e8-4af1-85b7-6d2f201813d6	t	\N	2024-05-21 15:16:52.697368+08	\N	2024-05-21 15:16:52.697368+08	邢质斌	ic1000157	\N	\N	\N	be176f6f-c409-4962-970a-4d3a71df161d	\N	\N
bd47d87d-3ddd-4bda-b45c-add27ad6ac69	t	\N	2024-05-21 15:16:52.699404+08	\N	2024-05-21 15:16:52.699404+08	吕家涛	jiatao	\N	\N	\N	72bcad09-6722-441c-a47a-8533f73a7ae8	\N	\N
368e5d56-06c1-489d-b49d-2d79aae3e32b	t	\N	2024-05-21 15:16:52.700395+08	\N	2024-05-21 15:16:52.700395+08	邴学荣	1923892	\N	\N	\N	fac5750d-72e6-4d03-978c-2e2a4fcecab9	\N	\N
809bc3d4-06e7-4813-9f01-7f7590781d61	t	\N	2024-05-21 15:16:52.701432+08	\N	2024-05-21 15:16:52.701432+08	郭琪	ic1000080	\N	\N	\N	ee267c82-4c48-4159-980c-b8d6d5a56853	\N	\N
32b28c44-b5e9-40ff-bbbc-6f215dcf4f4e	t	\N	2024-05-21 15:16:52.702415+08	\N	2024-05-21 15:16:52.702415+08	林源	ic1000142	\N	\N	\N	b0987c78-7086-4760-b1df-56884280e7b2	\N	\N
9a6e62a6-04e6-4f32-92a1-5db48519fc39	t	\N	2024-05-21 15:16:52.703418+08	\N	2024-05-21 15:16:52.703418+08	王丽鉴	1923889	\N	\N	\N	a55b5b3b-b79b-46f7-8e36-51ba14c904c6	\N	\N
1e2589f4-8db2-4d69-81a4-483f691a4608	t	\N	2024-05-21 15:16:52.704403+08	\N	2024-05-21 15:16:52.704403+08	刘亚坤	1923890	\N	\N	\N	0a5c5026-c176-4dbc-afd4-0b7dae906fa5	\N	\N
e6cdf443-9438-41c4-badb-00104d70b724	t	\N	2024-05-21 15:16:52.70538+08	\N	2024-05-21 15:16:52.70538+08	孙旭辉	1923879	\N	\N	\N	bc8424a1-1ada-4897-91e1-66f044e90df2	\N	\N
b45bd248-689a-4d57-8619-237117bd1708	t	\N	2024-05-21 15:16:52.70641+08	\N	2024-05-21 15:16:52.70641+08	王青	qing	\N	\N	\N	fa1d5f36-909f-4e64-a4b4-be658063650f	\N	\N
8dd2dfd3-427e-4e07-930e-4f6bee54a30c	t	\N	2024-05-21 15:16:52.707408+08	\N	2024-05-21 15:16:52.707408+08	王松	1925368	\N	\N	\N	60788ebe-4094-488c-860c-9ee459e7930b	\N	\N
c8f027e8-e1f2-4a2b-8531-b513a2f756d4	t	\N	2024-05-21 15:16:52.7084+08	\N	2024-05-21 15:16:52.7084+08	姜文涛	1925453	\N	\N	\N	3b755267-2e62-42af-a96e-4c3f3b0631ce	\N	\N
55c3dce2-0c1b-4cc4-9bb5-d4766daec7f6	t	\N	2024-05-21 15:16:52.710369+08	\N	2024-05-21 15:16:52.710369+08	刘刚	ic1000058	\N	\N	\N	f0fb1804-41f8-43d3-a15b-4379fdfe5ae7	\N	\N
a88b160f-826b-4931-bc2b-469d2ffcccb8	t	\N	2024-05-21 15:16:52.712362+08	\N	2024-05-21 15:16:52.712362+08	郑振伟	1923816	\N	\N	\N	60788ebe-4094-488c-860c-9ee459e7930b	\N	\N
8e76ea37-fb3a-4733-83df-22126c4eb6f8	t	\N	2024-05-21 15:16:52.713391+08	\N	2024-05-21 15:16:52.713391+08	陈朋军	ic1000002	\N	\N	\N	1d58a691-7ffa-41b1-b688-4a87f36a5712	\N	\N
96cc9625-d455-4529-af44-bee96e075685	t	\N	2024-05-21 15:16:52.714357+08	\N	2024-05-21 15:16:52.714357+08	王明磊	ic1000009	\N	\N	\N	a0580b43-569a-40c7-9f19-3a702a6101c9	\N	\N
c6514c42-4752-4932-bcf5-8381f518cfec	t	\N	2024-05-21 15:16:52.716352+08	\N	2024-05-21 15:16:52.716352+08	王政	1923865	\N	\N	\N	b0987c78-7086-4760-b1df-56884280e7b2	\N	\N
6e9e813f-b6ab-4ecb-9809-6c61a2c25c54	t	\N	2024-05-21 15:16:52.717348+08	\N	2024-05-21 15:16:52.717348+08	于尔林	ic1000172	\N	\N	\N	73fb3d83-1f4b-4b65-8d89-a4e51aabad48	\N	\N
965224e8-4967-4be8-be26-44b7a092cdfd	t	\N	2024-05-21 15:16:52.718346+08	\N	2024-05-21 15:16:52.718346+08	程俊兴	1923894	\N	\N	\N	71864559-0bf3-4dc1-91d8-4f3a2b8f2045	\N	\N
b75d5017-be03-4efb-bc2d-6fc043088a41	t	\N	2024-05-21 15:16:52.719344+08	\N	2024-05-21 15:16:52.719344+08	李云	yun1	\N	\N	\N	09a4504d-f02f-4cf4-b77b-c9a98ac45b35	\N	\N
2d6cc37e-0af9-4d8c-92dc-9d8665a5a2ca	t	\N	2024-05-21 15:16:52.721338+08	\N	2024-05-21 15:16:52.721338+08	迟传利	ic1000177	\N	\N	\N	f0fb1804-41f8-43d3-a15b-4379fdfe5ae7	\N	\N
21848a42-dd2d-4ad4-8697-0d66fcc81444	t	\N	2024-05-21 15:16:52.722336+08	\N	2024-05-21 15:16:52.722336+08	初晓霞	ic1000048	\N	\N	\N	fa7f1b30-9fa1-4876-af1a-46b50730d5fc	\N	\N
4ab745a0-3140-40c3-bcac-f7b33c7a1741	t	\N	2024-05-21 15:16:52.723333+08	\N	2024-05-21 15:16:52.723333+08	冯承浩	1925466	\N	\N	\N	2cbc7f0d-a9de-48db-85de-5962512b162b	\N	\N
d80f30d4-8226-4065-a6e3-989ebd34fa70	t	\N	2024-05-21 15:16:52.724329+08	\N	2024-05-21 15:16:52.724329+08	王嘉靖	ic1000235	\N	\N	\N	bc8424a1-1ada-4897-91e1-66f044e90df2	\N	\N
ab1bb864-32a6-4260-b99a-5c132b123edd	t	\N	2024-05-21 15:16:52.725328+08	\N	2024-05-21 15:16:52.725328+08	王坤	ic1000228	\N	\N	\N	0a5c5026-c176-4dbc-afd4-0b7dae906fa5	\N	\N
c85456da-932b-40a8-a7bb-b1c04f904711	t	\N	2024-05-21 15:16:52.726324+08	\N	2024-05-21 15:16:52.726324+08	吕肖龙	ic1000230	\N	\N	\N	cc775e53-3b00-4d54-95ef-db019694b1ad	\N	\N
0063c28f-7ace-4b51-bb0a-d387cd4b7047	t	\N	2024-05-21 15:16:52.727323+08	\N	2024-05-21 15:16:52.727323+08	刘晶昌	ic1000005	\N	\N	\N	21eaaeb6-1c90-4a27-9d7f-1ffd14558cd3	\N	\N
f0d1fb8c-91ea-4779-af04-3c81a5b501a4	t	\N	2024-05-21 15:16:52.730316+08	\N	2024-05-21 15:16:52.730316+08	付强	qiang	\N	\N	\N	72bcad09-6722-441c-a47a-8533f73a7ae8	\N	\N
200acd2e-002a-4477-a7a1-32a06d079ae6	t	\N	2024-05-21 15:16:52.731311+08	\N	2024-05-21 15:16:52.731311+08	姜春浩	ic1000007	\N	\N	\N	1d58a691-7ffa-41b1-b688-4a87f36a5712	\N	\N
a48c12df-96f4-4583-b4a4-ec2362e64396	t	\N	2024-05-21 15:16:52.73231+08	\N	2024-05-21 15:16:52.73231+08	张林	lin	\N	\N	\N	60788ebe-4094-488c-860c-9ee459e7930b	\N	\N
0e528cd9-2f5b-4483-9773-d4c24fb21fba	t	\N	2024-05-21 15:16:52.734303+08	\N	2024-05-21 15:16:52.734303+08	徐永飞	ic1000331	\N	\N	\N	5a05b4bb-1b48-4bac-9337-fb895430ee17	\N	\N
d6291433-c02f-447e-9c04-eafcdf3a8c18	t	\N	2024-05-21 15:16:52.735301+08	\N	2024-05-21 15:16:52.735301+08	初东风	1924991	\N	\N	\N	71864559-0bf3-4dc1-91d8-4f3a2b8f2045	\N	\N
3c8cbfe0-0494-4952-8f9c-a26efca37ff1	t	\N	2024-05-21 15:16:52.736301+08	\N	2024-05-21 15:16:52.736301+08	吴守鹏	shoupeng	\N	\N	\N	4134be1f-60ee-455b-9c24-2d85b7fee8aa	\N	\N
31c46a1b-8d78-444f-9939-e63948721c2a	t	\N	2024-05-21 15:16:52.738297+08	\N	2024-05-21 15:16:52.738297+08	郑阳	yang	\N	\N	\N	37ea05e9-3074-43c3-843e-83dcef8b33df	\N	\N
5a614ec9-7f91-4e9f-91c4-b741fe4d3fad	t	\N	2024-05-21 15:16:52.73933+08	\N	2024-05-21 15:16:52.73933+08	巨占磊	ic1000311	\N	\N	\N	cd5568b0-9983-4fd0-88f1-871452899383	\N	\N
ce00dbcc-17bf-4f72-810b-1aa027710c2d	t	\N	2024-05-21 15:16:52.740288+08	\N	2024-05-21 15:16:52.740288+08	邹德文	ic1000313	\N	\N	\N	81f822c5-1381-4f1c-963e-bdf7dba8a09f	\N	\N
c929463b-6265-4e99-b9f3-9cc9356b42d0	t	\N	2024-05-21 15:16:52.741286+08	\N	2024-05-21 15:16:52.742282+08	陈运通	yuntong	\N	\N	\N	f1402a2a-4e08-4660-8b65-88cd06275335	\N	\N
9a21acb0-c9b2-41dc-baae-276c89d62213	t	\N	2024-05-21 15:16:52.743281+08	\N	2024-05-21 15:16:52.743281+08	张波	1925408	\N	\N	\N	420eb1a5-712c-4f02-8eb5-945e62931660	\N	\N
adac66f0-1892-460c-8310-fcb5386f2acd	t	\N	2024-05-21 15:16:52.744277+08	\N	2024-05-21 15:16:52.744277+08	王大伟	dawei	\N	\N	\N	f1402a2a-4e08-4660-8b65-88cd06275335	\N	\N
fd65aaca-be39-45a7-8d41-bd1ff3ecb24c	t	\N	2024-05-21 15:16:52.746273+08	\N	2024-05-21 15:16:52.746273+08	栾海波	ic1000201	\N	\N	\N	fa1d5f36-909f-4e64-a4b4-be658063650f	\N	\N
4af89722-da15-4947-ab1a-6e78a2ec95e3	t	\N	2024-05-21 15:16:52.747307+08	\N	2024-05-21 15:16:52.747307+08	曲国彬	ic1000277	\N	\N	\N	fa1d5f36-909f-4e64-a4b4-be658063650f	\N	\N
7d848831-f67c-4a6d-99c9-ac9e8b9ba246	t	\N	2024-05-21 15:16:52.748302+08	\N	2024-05-21 15:16:52.748302+08	王喆	1923916	\N	\N	\N	aba98cf1-9cf7-4a34-acdb-08867ad74437	\N	\N
6cdec5de-af8b-4695-83b3-241b9b34b7be	t	\N	2024-05-21 15:16:52.749305+08	\N	2024-05-21 15:16:52.749305+08	孙鹏鹏	1923902	\N	\N	\N	73fb3d83-1f4b-4b65-8d89-a4e51aabad48	\N	\N
139b48c9-4c8a-42a3-ab66-4a7f0f39bfbc	t	\N	2024-05-21 15:16:52.750261+08	\N	2024-05-21 15:16:52.751258+08	娄志高	1925366	\N	\N	\N	ce5ac698-191c-4892-b953-ab02ed2d1d8f	\N	\N
c84fff55-cfcf-4648-be38-c53fcd83b15d	t	\N	2024-05-21 15:16:52.752256+08	\N	2024-05-21 15:16:52.752256+08	柏培	ic1000244	\N	\N	\N	f3d80dec-fb3a-4664-97b1-26625ec37c1e	\N	\N
c67fd181-6c6c-4f99-84be-f871e0816a53	t	\N	2024-05-21 15:16:52.753253+08	\N	2024-05-21 15:16:52.753253+08	王晓波	ic1000245	\N	\N	\N	1ecdce5f-6f12-4d25-bf76-12e7b5de9a9a	\N	\N
0df68842-bb29-4a02-8ac1-05ad156bd577	t	\N	2024-05-21 15:16:52.754289+08	\N	2024-05-21 15:16:52.754289+08	朱锦鹏	ic1000246	\N	\N	\N	1ecdce5f-6f12-4d25-bf76-12e7b5de9a9a	\N	\N
1cf997e7-2303-4000-927f-b8b00a52d483	t	\N	2024-05-21 15:16:52.755249+08	\N	2024-05-21 15:16:52.755249+08	张霄阳	ic1000292	\N	\N	\N	1ecdce5f-6f12-4d25-bf76-12e7b5de9a9a	\N	\N
1c1b9857-b578-49ae-83f5-2536e589b78d	t	\N	2024-05-21 15:16:52.756246+08	\N	2024-05-21 15:16:52.756246+08	徐旭东	1505698	\N	\N	\N	60788ebe-4094-488c-860c-9ee459e7930b	\N	\N
3d600663-de1a-4e82-af0f-405761b25644	t	\N	2024-05-21 15:16:52.758241+08	\N	2024-05-21 15:16:52.758241+08	姜辉	ic1000387	\N	\N	\N	6eeb4f07-7bf0-40f2-8aa5-8e911372069e	\N	\N
3bb9385d-1874-4b3c-a1ae-f32489c35313	t	\N	2024-05-21 15:16:52.759237+08	\N	2024-05-21 15:16:52.759237+08	张成海	ic1000388	\N	\N	\N	ee267c82-4c48-4159-980c-b8d6d5a56853	\N	\N
b1d982aa-a5dc-4ebe-a2dd-b5ebe3427e49	t	\N	2024-05-21 15:16:52.761233+08	\N	2024-05-21 15:16:52.761233+08	于雪	ic1000376	\N	\N	\N	6eeb4f07-7bf0-40f2-8aa5-8e911372069e	\N	\N
852a0ae6-362c-4fc7-9c66-f6d02e40dd5b	t	\N	2024-05-21 15:16:52.763266+08	\N	2024-05-21 15:16:52.763266+08	孙资源	ic1000381	\N	\N	\N	ee267c82-4c48-4159-980c-b8d6d5a56853	\N	\N
c0aec886-d34a-4f6f-b195-1925ab36489f	t	\N	2024-05-21 15:16:52.764224+08	\N	2024-05-21 15:16:52.764224+08	贡子怡	ic1000382	\N	\N	\N	59a70773-de5e-4ce4-8b5b-2bea80282391	\N	\N
beb873cd-3e4b-4e5d-9992-7c8452e783e7	t	\N	2024-05-21 15:16:52.765236+08	\N	2024-05-21 15:16:52.765236+08	宋超	ic1000384	\N	\N	\N	27f5cd1e-33a2-4af3-ada4-4f2a1d83edf1	\N	\N
216bcaa4-a69f-490a-bad7-d6c00a34ea03	t	\N	2024-05-21 15:16:52.766257+08	\N	2024-05-21 15:16:52.766257+08	赵伟	ic1000538	\N	\N	\N	bc8424a1-1ada-4897-91e1-66f044e90df2	\N	\N
0a339e37-2f55-4d7d-99f5-1a3bcd4fd510	t	\N	2024-05-21 15:16:52.767258+08	\N	2024-05-21 15:16:52.767258+08	徐豪雨	ic1000539	\N	\N	\N	be176f6f-c409-4962-970a-4d3a71df161d	\N	\N
8503c917-4bb3-4782-b6a0-216457141dbb	t	\N	2024-05-21 15:16:52.768251+08	\N	2024-05-21 15:16:52.768251+08	于淼	ic1000541	\N	\N	\N	a55b5b3b-b79b-46f7-8e36-51ba14c904c6	\N	\N
f0ca7206-2761-4e75-b9da-145b1a784d0f	t	\N	2024-05-21 15:16:52.769252+08	\N	2024-05-21 15:16:52.769252+08	王凯	1925020	\N	\N	\N	c9a78a4f-b5d7-4465-8096-92ea467bc134	\N	\N
ee417ed8-0677-4336-8f42-65f74fc280c5	t	\N	2024-05-21 15:16:52.770245+08	\N	2024-05-21 15:16:52.770245+08	于红涛	1924988	\N	\N	\N	b0987c78-7086-4760-b1df-56884280e7b2	\N	\N
47a82219-9b2a-4669-8e9a-fe8e18c10a53	t	\N	2024-05-21 15:16:52.771243+08	\N	2024-05-21 15:16:52.771243+08	王小靖	1925021	\N	\N	\N	c9a78a4f-b5d7-4465-8096-92ea467bc134	\N	\N
16fc9803-31e4-41e7-91f8-d4693423a03b	t	\N	2024-05-21 15:16:52.773204+08	\N	2024-05-21 15:16:52.773204+08	孔敏	1924996	\N	\N	\N	a6e00caa-6fba-4122-aecc-8cb70f80fc8c	\N	\N
f3e37e06-f7af-4ec0-9f42-dc1427d40c24	t	\N	2024-05-21 15:16:52.774197+08	\N	2024-05-21 15:16:52.774197+08	王心帅	1925024	\N	\N	\N	0a5c5026-c176-4dbc-afd4-0b7dae906fa5	\N	\N
c4d8c491-d240-4590-adcc-f26df51caa33	t	\N	2024-05-21 15:16:52.776192+08	\N	2024-05-21 15:16:52.776192+08	刘俊	1924989	\N	\N	\N	aba98cf1-9cf7-4a34-acdb-08867ad74437	\N	\N
12df581a-b3c8-4c53-b7c7-d8801547de16	t	\N	2024-05-21 15:16:52.777191+08	\N	2024-05-21 15:16:52.777191+08	杨磊磊	1925014	\N	\N	\N	ba3efeb2-a7dc-463d-a4b4-eafb8807f131	\N	\N
ee30123b-6249-4f69-a61d-def3af720fb5	t	\N	2024-05-21 15:16:52.780182+08	\N	2024-05-21 15:16:52.780182+08	成永杰	ic1000418	\N	\N	\N	fa7f1b30-9fa1-4876-af1a-46b50730d5fc	\N	\N
b7807312-9a10-4bc3-8edd-97f6c13fb8bf	t	\N	2024-05-21 15:16:52.78118+08	\N	2024-05-21 15:16:52.78118+08	黄春波	ic1000372	\N	\N	\N	90f1411f-20eb-4259-8a4e-6b2f7906aa43	\N	\N
3c773ca4-7323-4b3a-a53c-be826c41f35b	t	\N	2024-05-21 15:16:52.782178+08	\N	2024-05-21 15:16:52.782178+08	孙秀涛	ic1000406	\N	\N	\N	dc6bc6c4-60d8-4513-a425-38447632f9b9	\N	\N
ed062eb7-87e6-422c-bbf8-12a642132ddf	t	\N	2024-05-21 15:16:52.784171+08	\N	2024-05-21 15:16:52.784171+08	于胜超	1924008	\N	\N	\N	60788ebe-4094-488c-860c-9ee459e7930b	\N	\N
161b32a4-4c2e-4fa9-b3dc-46a925cac542	t	\N	2024-05-21 15:16:52.785169+08	\N	2024-05-21 15:16:52.785169+08	石晓明	1924010	\N	\N	\N	3b755267-2e62-42af-a96e-4c3f3b0631ce	\N	\N
9ab24867-c64d-44b6-a095-992eaec697f3	t	\N	2024-05-21 15:16:52.786166+08	\N	2024-05-21 15:16:52.786166+08	王楠	1925369	\N	\N	\N	0a5c5026-c176-4dbc-afd4-0b7dae906fa5	\N	\N
a5291efe-4cd7-4675-965e-44d51d87511c	t	\N	2024-05-21 15:16:52.787201+08	\N	2024-05-21 15:16:52.787201+08	霍俊浩	1510813	\N	\N	\N	471038a3-301f-4f05-aaaa-6f28732b8221	\N	\N
32c30899-9744-497a-8395-eaaddd7f38cf	t	\N	2024-05-21 15:16:52.788161+08	\N	2024-05-21 15:16:52.788161+08	李高群	1924023	\N	\N	\N	fac5750d-72e6-4d03-978c-2e2a4fcecab9	\N	\N
602be974-573e-4ee9-b8e3-ae2b4c91d669	t	\N	2024-05-21 15:16:52.789158+08	\N	2024-05-21 15:16:52.789158+08	黄建凤	ic1000636	\N	\N	\N	31276793-0b52-4bb0-89b4-cc15dd23f71d	\N	\N
9cb7922c-0954-4792-a43e-b038ef764c5b	t	\N	2024-05-21 15:16:52.790156+08	\N	2024-05-21 15:16:52.790156+08	苏道鑫	ic1000520	\N	\N	\N	b11d6a1f-f63a-4f5d-88bf-ea5bff7caf85	\N	\N
580a9654-3cda-4109-b279-169ec9ccb3b3	t	\N	2024-05-21 15:16:52.791153+08	\N	2024-05-21 15:16:52.791153+08	张升	ic1000521	\N	\N	\N	81f822c5-1381-4f1c-963e-bdf7dba8a09f	\N	\N
6abd5a7a-bf5b-4f76-8781-b79956afda23	t	\N	2024-05-21 15:16:52.792151+08	\N	2024-05-21 15:16:52.792151+08	孙义成	1924016	\N	\N	\N	2cbc7f0d-a9de-48db-85de-5962512b162b	\N	\N
09091e61-b896-4589-ba85-ec98db205c1c	t	\N	2024-05-21 15:16:52.794146+08	\N	2024-05-21 15:16:52.794146+08	沙荣广	ic1000526	\N	\N	\N	07cc8a67-c496-4595-b2b1-c94c761e904e	\N	\N
0487f54a-38bc-4a47-a6ef-25edcfb5e7ec	t	\N	2024-05-21 15:16:52.79614+08	\N	2024-05-21 15:16:52.79614+08	王昆	ic1000729	\N	\N	\N	362992c8-3d3c-4f06-b4e6-451dedf02ee1	\N	\N
86a80f48-1548-4f40-926b-0e6161cb32d8	t	\N	2024-05-21 15:16:52.798135+08	\N	2024-05-21 15:16:52.798135+08	陈居彪	1924025	\N	\N	\N	3b755267-2e62-42af-a96e-4c3f3b0631ce	\N	\N
2dc87798-39a3-4a23-a6de-779a911f88e8	t	\N	2024-05-21 15:16:52.799133+08	\N	2024-05-21 15:16:52.799133+08	侯光亮	ic1000653	\N	\N	\N	44d8741e-f002-4d40-bbc2-469056d745ab	\N	\N
bf7c6f53-0acb-4f04-a915-3508df5d4ec9	t	\N	2024-05-21 15:16:52.801128+08	\N	2024-05-21 15:16:52.801128+08	许甲龙	ic1000447	\N	\N	\N	31276793-0b52-4bb0-89b4-cc15dd23f71d	\N	\N
506befcb-2c7d-405f-a0ae-cc98ce1d8775	t	\N	2024-05-21 15:16:52.802124+08	\N	2024-05-21 15:16:52.802124+08	王新凯	ic1000470	\N	\N	\N	21eaaeb6-1c90-4a27-9d7f-1ffd14558cd3	\N	\N
76f208fd-3af6-4cb7-b596-bb5c48a2b502	t	\N	2024-05-21 15:16:52.803167+08	\N	2024-05-21 15:16:52.803167+08	史本志	1924012	\N	\N	\N	a55b5b3b-b79b-46f7-8e36-51ba14c904c6	\N	\N
10a9ed3d-fa12-4edd-bf69-ade12d2ce261	t	\N	2024-05-21 15:16:52.805116+08	\N	2024-05-21 15:16:52.805116+08	徐向荣	1925001	\N	\N	\N	ce5ac698-191c-4892-b953-ab02ed2d1d8f	\N	\N
a2092bc9-38ba-4fd5-9a89-e5aea7f3bec6	t	\N	2024-05-21 15:16:52.806113+08	\N	2024-05-21 15:16:52.806113+08	任照延	ic1000606	\N	\N	\N	bccac5ea-2eac-4aa1-adb0-e99e90bb1ef6	\N	\N
7cbafdad-e7cf-4e32-ac81-dd45f9bc1bca	t	\N	2024-05-21 15:16:52.80711+08	\N	2024-05-21 15:16:52.80711+08	王鹏	peng1	\N	\N	\N	ba3efeb2-a7dc-463d-a4b4-eafb8807f131	\N	\N
d6d568ba-870b-49c6-ab00-7c553b04580a	t	\N	2024-05-21 15:16:52.808107+08	\N	2024-05-21 15:16:52.808107+08	刘新琦	1924035	\N	\N	\N	471038a3-301f-4f05-aaaa-6f28732b8221	\N	\N
bcce57c5-c626-4177-9819-f4f0939dd557	t	\N	2024-05-21 15:16:52.809104+08	\N	2024-05-21 15:16:52.809104+08	甘魁元	1925375	\N	\N	\N	aba98cf1-9cf7-4a34-acdb-08867ad74437	\N	\N
c3e77cbf-29d0-46ce-abf2-170b304be2ed	t	\N	2024-05-21 15:16:52.810102+08	\N	2024-05-21 15:16:52.810102+08	田凯	ic1000726	\N	\N	\N	ee267c82-4c48-4159-980c-b8d6d5a56853	\N	\N
dc41811a-42c2-454f-aa73-01449d4a55bf	t	\N	2024-05-21 15:16:52.813095+08	\N	2024-05-21 15:16:52.813095+08	马润琳	1925041	\N	\N	\N	c9a78a4f-b5d7-4465-8096-92ea467bc134	\N	\N
e9aa37ab-c2f7-4658-8a76-846aa58bb1b7	t	\N	2024-05-21 15:16:52.814092+08	\N	2024-05-21 15:16:52.814092+08	王作涛	zuotao	\N	\N	\N	25e7bd08-f028-4305-9150-af854fd29548	\N	\N
5bc2fb46-6e33-4189-a755-112bcca3253e	t	\N	2024-05-21 15:16:52.815131+08	\N	2024-05-21 15:16:52.815131+08	王新光	ic1000842	\N	\N	\N	3b755267-2e62-42af-a96e-4c3f3b0631ce	\N	\N
dfc1e2e8-9342-4d1e-bdaa-254c06200d2d	t	\N	2024-05-21 15:16:52.817084+08	\N	2024-05-21 15:16:52.817084+08	田晓亮	1925359	\N	\N	\N	bc8424a1-1ada-4897-91e1-66f044e90df2	\N	\N
2b582a12-acd1-48eb-a76d-0e0bed7784e7	t	\N	2024-05-21 15:16:52.818081+08	\N	2024-05-21 15:16:52.818081+08	张志滨	ic1000838	\N	\N	\N	25e7bd08-f028-4305-9150-af854fd29548	\N	\N
7ebe64ae-db5a-4370-87c5-fcea84ec172a	t	\N	2024-05-21 15:16:52.81908+08	\N	2024-05-21 15:16:52.81908+08	牛海明	ic1000839	\N	\N	\N	25e7bd08-f028-4305-9150-af854fd29548	\N	\N
1e3a09df-a915-4350-a126-c6142c8c8843	t	\N	2024-05-21 15:16:52.820389+08	\N	2024-05-21 15:16:52.820389+08	尹腾辉	tenghui	\N	\N	\N	fa1d5f36-909f-4e64-a4b4-be658063650f	\N	\N
17e7a8cd-b21d-4b5b-a130-ff7770f27957	t	\N	2024-05-21 15:16:52.821393+08	\N	2024-05-21 15:16:52.821393+08	于昊平	ic1100103	\N	\N	\N	bbd89d20-7864-48af-bae1-e18d162f3f50	\N	\N
99df7fb8-41dc-4a9d-9af7-ff25301cf1d5	t	\N	2024-05-21 15:16:52.823387+08	\N	2024-05-21 15:16:52.823387+08	姜华	ic1100076	\N	\N	\N	362992c8-3d3c-4f06-b4e6-451dedf02ee1	\N	\N
290fa421-8021-47d1-82ca-63f0d9bc3b0c	t	\N	2024-05-21 15:16:52.825382+08	\N	2024-05-21 15:16:52.825382+08	李鹏飞	pengfei2	\N	\N	\N	ce5ac698-191c-4892-b953-ab02ed2d1d8f	\N	\N
b0a0f126-6404-4399-85cc-9f919755785c	t	\N	2024-05-21 15:16:52.826378+08	\N	2024-05-21 15:16:52.826378+08	张竹辉	1924211	\N	\N	\N	3b755267-2e62-42af-a96e-4c3f3b0631ce	\N	\N
a9a2b966-b3bc-4a0e-a71b-c4ec3cb582dd	t	\N	2024-05-21 15:16:52.827376+08	\N	2024-05-21 15:16:52.827376+08	李世亮	ic1100083	\N	\N	\N	362992c8-3d3c-4f06-b4e6-451dedf02ee1	\N	\N
de847750-2482-492e-bf99-277226fc4422	t	\N	2024-05-21 15:16:52.829562+08	\N	2024-05-21 15:16:52.829562+08	刘可政	ic1100085	\N	\N	\N	899b5c3a-3930-4d5b-bc6e-c9593728d98b	\N	\N
840edcda-1ce4-4d68-a612-3396735862ef	t	\N	2024-05-21 15:16:52.830598+08	\N	2024-05-21 15:16:52.830598+08	刘玉贤	ic1000849	\N	\N	\N	8089c8af-9a0e-4147-9191-de4a82270475	\N	\N
84f62a33-162b-4ef3-8efa-b3260a5a5100	t	\N	2024-05-21 15:16:52.83156+08	\N	2024-05-21 15:16:52.83156+08	张洪钟	1924149	\N	\N	\N	60788ebe-4094-488c-860c-9ee459e7930b	\N	\N
1fabab0f-dea1-4b2b-9724-57de2bd1abc6	t	\N	2024-05-21 15:16:52.832557+08	\N	2024-05-21 15:16:52.832557+08	刘翔杰	1925374	\N	\N	\N	09a4504d-f02f-4cf4-b77b-c9a98ac45b35	\N	\N
bd6deb19-23bb-4b1f-9197-11ced5f0c112	t	\N	2024-05-21 15:16:52.833555+08	\N	2024-05-21 15:16:52.833555+08	谭春明	1925036	\N	\N	\N	73fb3d83-1f4b-4b65-8d89-a4e51aabad48	\N	\N
91666ddd-d5d6-4591-8fed-097a10728c49	t	\N	2024-05-21 15:16:52.834552+08	\N	2024-05-21 15:16:52.834552+08	陈飞	ic1100059	\N	\N	\N	09a4504d-f02f-4cf4-b77b-c9a98ac45b35	\N	\N
5a9fbe0b-6fe6-46f0-bab6-c621ceb8089b	t	\N	2024-05-21 15:16:52.83555+08	\N	2024-05-21 15:16:52.83555+08	肖曰保	1925030	\N	\N	\N	c9a78a4f-b5d7-4465-8096-92ea467bc134	\N	\N
8645fffc-05e5-4dea-b77e-635a85e73c73	t	\N	2024-05-21 15:16:52.837544+08	\N	2024-05-21 15:16:52.837544+08	李南锡	ic1100147	\N	\N	\N	c3a4f120-846a-4224-80e8-e656ce211c04	\N	\N
bc29284d-d5b4-4404-ae38-10d60318be72	t	\N	2024-05-21 15:16:52.839539+08	\N	2024-05-21 15:16:52.839539+08	王松涛	ic1100236	\N	\N	\N	bc8424a1-1ada-4897-91e1-66f044e90df2	\N	\N
fcd9ced3-1dec-4970-bc54-15b2872b34af	t	\N	2024-05-21 15:16:52.840536+08	\N	2024-05-21 15:16:52.840536+08	孙德民	ic1100315	\N	\N	\N	dc6bc6c4-60d8-4513-a425-38447632f9b9	\N	\N
2e7eaab5-b103-4b88-8260-367939852b58	t	\N	2024-05-21 15:16:52.841572+08	\N	2024-05-21 15:16:52.841572+08	李新辉	ic1100327	\N	\N	\N	cc775e53-3b00-4d54-95ef-db019694b1ad	\N	\N
a4d8f8a7-9da6-407d-96ad-34668bd293e5	t	\N	2024-05-21 15:16:52.842568+08	\N	2024-05-21 15:16:52.842568+08	解海涛	ic1100329	\N	\N	\N	90f1411f-20eb-4259-8a4e-6b2f7906aa43	\N	\N
1b17d853-d84a-4955-b1dd-6dea8665c0dd	t	\N	2024-05-21 15:16:52.845526+08	\N	2024-05-21 15:16:52.845526+08	刘兴达	ic1100332	\N	\N	\N	f3d80dec-fb3a-4664-97b1-26625ec37c1e	\N	\N
54b28224-5a72-4af0-a762-01918d3c49a4	t	\N	2024-05-21 15:16:52.847553+08	\N	2024-05-21 15:16:52.847553+08	王玉飞	ic1100317	\N	\N	\N	f7f2a5ae-ed4c-4794-88d4-418cf440780b	\N	\N
0e41f3a8-8de8-4d00-be88-626113df40bd	t	\N	2024-05-21 15:16:52.848515+08	\N	2024-05-21 15:16:52.848515+08	邓森	ic1100338	\N	\N	\N	c3a4f120-846a-4224-80e8-e656ce211c04	\N	\N
8289b7ca-5ac3-4904-a793-bdf587bb0516	t	\N	2024-05-21 15:16:52.849952+08	\N	2024-05-21 15:16:52.849952+08	李艳	ic1100339	\N	\N	\N	362992c8-3d3c-4f06-b4e6-451dedf02ee1	\N	\N
7dc70d71-37b2-4b3b-8508-507cb3b7cd68	t	\N	2024-05-21 15:16:52.850996+08	\N	2024-05-21 15:16:52.850996+08	王程林	1925025	\N	\N	\N	c9a78a4f-b5d7-4465-8096-92ea467bc134	\N	\N
a9b66c50-90ed-4a9d-806b-e859c335abbe	t	\N	2024-05-21 15:16:52.851985+08	\N	2024-05-21 15:16:52.851985+08	刘建庆	ic1100260	\N	\N	\N	bc8424a1-1ada-4897-91e1-66f044e90df2	\N	\N
3f6f418d-5dad-440b-906b-f03d12ea0d5e	t	\N	2024-05-21 15:16:52.852939+08	\N	2024-05-21 15:16:52.852939+08	贺业杰	1925380	\N	\N	\N	aba98cf1-9cf7-4a34-acdb-08867ad74437	\N	\N
4e8824e7-0a7e-48b1-a9ce-fc49c717ea28	t	\N	2024-05-21 15:16:52.853973+08	\N	2024-05-21 15:16:52.853973+08	张帆	1924999	\N	\N	\N	aba98cf1-9cf7-4a34-acdb-08867ad74437	\N	\N
f8996c6f-3c1e-4c8c-a4b6-4a98f498b34e	t	\N	2024-05-21 15:16:52.854935+08	\N	2024-05-21 15:16:52.854935+08	姜皓	1924994	\N	\N	\N	73fb3d83-1f4b-4b65-8d89-a4e51aabad48	\N	\N
c3b2c541-b9c0-4be7-955e-0dccdd2b1ea5	t	\N	2024-05-21 15:16:52.855931+08	\N	2024-05-21 15:16:52.855931+08	曹雷	ic1100272	\N	\N	\N	27431412-db18-481a-97f7-e979e24a7c6d	\N	\N
02320950-db4e-44d5-8586-012f7e9668fd	t	\N	2024-05-21 15:16:52.857928+08	\N	2024-05-21 15:16:52.857928+08	李尧	ic1100382	\N	\N	\N	f3d80dec-fb3a-4664-97b1-26625ec37c1e	\N	\N
8aefc189-b162-4f7e-8c7e-3b7b1bb859b1	t	\N	2024-05-21 15:16:52.858923+08	\N	2024-05-21 15:16:52.858923+08	杨宗丽	ic1100133	\N	\N	\N	abd49166-7be6-4a41-a300-ece140984648	\N	\N
114e819b-5fbb-4b9d-af09-7ba23a89f323	t	\N	2024-05-21 15:16:52.85992+08	\N	2024-05-21 15:16:52.85992+08	曲珍宝	1925007	\N	\N	\N	ba3efeb2-a7dc-463d-a4b4-eafb8807f131	\N	\N
acd57a9a-227d-43d9-826e-105737892183	t	\N	2024-05-21 15:16:52.861923+08	\N	2024-05-21 15:16:52.861923+08	魏敬轩	1925042	\N	\N	\N	c9a78a4f-b5d7-4465-8096-92ea467bc134	\N	\N
53f90cf1-6160-4892-ba9a-a4262fa64d17	t	\N	2024-05-21 15:16:52.863948+08	\N	2024-05-21 15:16:52.863948+08	阎尧鹏	1925039	\N	\N	\N	0a5c5026-c176-4dbc-afd4-0b7dae906fa5	\N	\N
7575188e-0554-4c0e-8a37-8f0ab322d09d	t	\N	2024-05-21 15:16:52.864908+08	\N	2024-05-21 15:16:52.864908+08	鲁广友	ic1100435	\N	\N	\N	1ecdce5f-6f12-4d25-bf76-12e7b5de9a9a	\N	\N
236adffb-a54f-49ba-8aed-2c307e59cf45	t	\N	2024-05-21 15:16:52.866939+08	\N	2024-05-21 15:16:52.866939+08	陆传峰	ic1100436	\N	\N	\N	ee267c82-4c48-4159-980c-b8d6d5a56853	\N	\N
cbf1732c-22fc-44a7-af2f-85692c142b4e	t	\N	2024-05-21 15:16:52.867901+08	\N	2024-05-21 15:16:52.867901+08	王强	ic1100394	\N	\N	\N	dd7ee76e-ba9d-4fff-8bcf-8c5e0ad0e4ea	\N	\N
b36d115d-2a16-49e8-8392-5b2d56d85f34	t	\N	2024-05-21 15:16:52.868897+08	\N	2024-05-21 15:16:52.868897+08	王英晓	1925026	\N	\N	\N	a55b5b3b-b79b-46f7-8e36-51ba14c904c6	\N	\N
428fbb79-76bd-4aba-9891-4f6523607194	t	\N	2024-05-21 15:16:52.869894+08	\N	2024-05-21 15:16:52.869894+08	安效峦	ic1100538	\N	\N	\N	9da97e0b-851b-4b47-a628-be5dd90306ef	\N	\N
8ce0c8ae-2dca-4949-9c9e-9b82f557bbde	t	\N	2024-05-21 15:16:52.870879+08	\N	2024-05-21 15:16:52.870879+08	牟俊安	1925018	\N	\N	\N	b0987c78-7086-4760-b1df-56884280e7b2	\N	\N
1f03c9d2-7fac-47ed-908f-ba32016e74dc	t	\N	2024-05-21 15:16:52.87188+08	\N	2024-05-21 15:16:52.87188+08	祝文思	1925028	\N	\N	\N	c9a78a4f-b5d7-4465-8096-92ea467bc134	\N	\N
c5cb637e-def9-4c38-a288-1abc1dae0f8f	t	\N	2024-05-21 15:16:52.872877+08	\N	2024-05-21 15:16:52.872877+08	王路璐	ic1100314	\N	\N	\N	ea3fd131-7bd5-45a9-a2f4-efbbf9e53b8d	\N	\N
81ed6f73-54d9-42e3-a9fa-ce4be7414ffa	t	\N	2024-05-21 15:16:52.873874+08	\N	2024-05-21 15:16:52.873874+08	郭金涛	ic1100514	\N	\N	\N	25f115d3-7250-4b3c-b4b6-3570f0b5eec8	\N	\N
16ed5b47-e186-46f4-8721-f2a43878a82b	t	\N	2024-05-21 15:16:52.874871+08	\N	2024-05-21 15:16:52.874871+08	李冬冬	1924252	\N	\N	\N	aba98cf1-9cf7-4a34-acdb-08867ad74437	\N	\N
8f187a5e-ce1c-4439-9196-c9cb65b4e64a	t	\N	2024-05-21 15:16:52.875869+08	\N	2024-05-21 15:16:52.875869+08	王霞	ic1100473	\N	\N	\N	27431412-db18-481a-97f7-e979e24a7c6d	\N	\N
c5e3dfa7-b5dd-4dee-9dc4-5fe9cdc658a2	t	\N	2024-05-21 15:16:52.876866+08	\N	2024-05-21 15:16:52.876866+08	孟祥腾	ic1100623	\N	\N	\N	dd7ee76e-ba9d-4fff-8bcf-8c5e0ad0e4ea	\N	\N
50979162-b7ca-46f8-8ea4-5ea3f05b03f8	t	\N	2024-05-21 15:16:52.878863+08	\N	2024-05-21 15:16:52.878863+08	张录	ic1100733	\N	\N	\N	556868ae-e29d-4d95-b16c-de61c4d7d52f	\N	\N
43709812-490d-4021-8432-521518009d47	t	\N	2024-05-21 15:16:52.880858+08	\N	2024-05-21 15:16:52.880858+08	雷明	ic1100736	\N	\N	\N	20676c07-0365-4a24-818f-d89009fd29a0	\N	\N
a02d3f31-3892-4fea-9357-0a46bfc7c021	t	\N	2024-05-21 15:16:52.88285+08	\N	2024-05-21 15:16:52.88285+08	朴光国	ic1100717	\N	\N	\N	cc775e53-3b00-4d54-95ef-db019694b1ad	\N	\N
3ce4a0d8-1c4b-4c67-a35c-e5af7d044e7d	t	\N	2024-05-21 15:16:52.883848+08	\N	2024-05-21 15:16:52.883848+08	姜彦名	ic1100745	\N	\N	\N	ea3fd131-7bd5-45a9-a2f4-efbbf9e53b8d	\N	\N
a523b822-5ad1-4585-b407-b05d7fc1dde2	t	\N	2024-05-21 15:16:52.884886+08	\N	2024-05-21 15:16:52.884886+08	杨立坤	ic1100753	\N	\N	\N	dc6bc6c4-60d8-4513-a425-38447632f9b9	\N	\N
c95d59cc-c45f-496d-a12e-0e06e071e075	t	\N	2024-05-21 15:16:52.885843+08	\N	2024-05-21 15:16:52.885843+08	林亚非	ic1100709	\N	\N	\N	ea3fd131-7bd5-45a9-a2f4-efbbf9e53b8d	\N	\N
3bb3c205-2939-4664-92cf-407727d3f61a	t	\N	2024-05-21 15:16:52.887838+08	\N	2024-05-21 15:16:52.887838+08	黄良杰	ic1100860	\N	\N	\N	7870da62-e37e-4c7a-bdb4-840365a4941c	\N	\N
b64104fd-1fe6-4da3-97d3-13fa7d6aaa8c	t	\N	2024-05-21 15:16:52.888835+08	\N	2024-05-21 15:16:52.888835+08	王国伟	ic1100869	\N	\N	\N	ea3fd131-7bd5-45a9-a2f4-efbbf9e53b8d	\N	\N
562d96ff-33ff-4967-9893-f0379db4ca87	t	\N	2024-05-21 15:16:52.889835+08	\N	2024-05-21 15:16:52.889835+08	李秀日	ic1100833	\N	\N	\N	ef529a0b-b1db-440d-a3d4-2a74c713d40a	\N	\N
16dceb4d-e0f0-4112-9144-3e982fb8a96d	t	\N	2024-05-21 15:16:52.891831+08	\N	2024-05-21 15:16:52.891831+08	武继发	ic1100834	\N	\N	\N	362992c8-3d3c-4f06-b4e6-451dedf02ee1	\N	\N
49a6e135-b33d-4a88-8c83-ff6b9261c03a	t	\N	2024-05-21 15:16:52.892827+08	\N	2024-05-21 15:16:52.892827+08	贾振雁	ic1100836	\N	\N	\N	dd7ee76e-ba9d-4fff-8bcf-8c5e0ad0e4ea	\N	\N
66452066-84e3-4d72-ac9a-82a960a02f73	t	\N	2024-05-21 15:16:52.893822+08	\N	2024-05-21 15:16:52.893822+08	艾锐	ic1100904	\N	\N	\N	d9c5cc1f-4aed-4298-b8de-282503ee4440	\N	\N
b5cf284f-db9b-477f-86f6-80202eb0dbe5	t	\N	2024-05-21 15:16:52.895818+08	\N	2024-05-21 15:16:52.895818+08	丛圣	ic1100974	\N	\N	\N	7433e264-f0d7-447a-8cb1-fda450ef8249	\N	\N
f61edc4d-7f1f-42e8-936f-f751c3a32ea2	t	\N	2024-05-21 15:16:52.896815+08	\N	2024-05-21 15:16:52.896815+08	李文斌	ic1100964	\N	\N	\N	07cc8a67-c496-4595-b2b1-c94c761e904e	\N	\N
88c7b09e-6789-4062-bd02-e0bebfa874ad	t	\N	2024-05-21 15:16:52.897811+08	\N	2024-05-21 15:16:52.897811+08	邹柯岩	ic1200149	\N	\N	\N	1ecdce5f-6f12-4d25-bf76-12e7b5de9a9a	\N	\N
08b65ae7-9b13-4fb8-bb1c-5093a9839b0a	t	\N	2024-05-21 15:16:52.899806+08	\N	2024-05-21 15:16:52.899806+08	柳青	ic1200103	\N	\N	\N	27431412-db18-481a-97f7-e979e24a7c6d	\N	\N
24d57951-cb65-4d48-9bc3-ae7ecfd6cce2	t	\N	2024-05-21 15:16:52.900806+08	\N	2024-05-21 15:16:52.900806+08	刘晓磊	ic1200258	\N	\N	\N	ae51c78b-5525-493d-a89d-b1c61cc68b7b	\N	\N
24fc1ca8-26a6-4ff2-b01a-609f0586cef5	t	\N	2024-05-21 15:16:52.902798+08	\N	2024-05-21 15:16:52.902798+08	曹诗奇	ic1200271	\N	\N	\N	cded407a-0271-41eb-bccd-80da52c26dee	\N	\N
61c24c31-54b5-4b18-bad5-392c72e40896	t	\N	2024-05-21 15:16:52.90324+08	\N	2024-05-21 15:16:52.90324+08	从春辉	ic1200273	\N	\N	\N	fa7f1b30-9fa1-4876-af1a-46b50730d5fc	\N	\N
8c7a5bee-00b6-499e-b832-220964aae80a	t	\N	2024-05-21 15:16:52.905237+08	\N	2024-05-21 15:16:52.905237+08	高飞翔	1924796	\N	\N	\N	2cbc7f0d-a9de-48db-85de-5962512b162b	\N	\N
ea83f9df-31ee-4f2e-9e4b-483b50f9b64a	t	\N	2024-05-21 15:16:52.906237+08	\N	2024-05-21 15:16:52.906237+08	刘斌	1924798	\N	\N	\N	be176f6f-c409-4962-970a-4d3a71df161d	\N	\N
955fe39f-97ec-4f03-8440-3682fc857f4e	t	\N	2024-05-21 15:16:52.907261+08	\N	2024-05-21 15:16:52.907261+08	马高杰	1924799	\N	\N	\N	b0987c78-7086-4760-b1df-56884280e7b2	\N	\N
b02ae08d-71e1-4152-b9ea-c0d32bc6631a	t	\N	2024-05-21 15:16:52.909228+08	\N	2024-05-21 15:16:52.909228+08	王鑫	1924800	\N	\N	\N	fac5750d-72e6-4d03-978c-2e2a4fcecab9	\N	\N
303a72a8-c56b-4ad0-ad88-6ea237fafac0	t	\N	2024-05-21 15:16:52.910224+08	\N	2024-05-21 15:16:52.910224+08	衣超英	1924801	\N	\N	\N	aba98cf1-9cf7-4a34-acdb-08867ad74437	\N	\N
01a703f4-3d22-4c3a-8706-9c000d89e59b	t	\N	2024-05-21 15:16:52.91222+08	\N	2024-05-21 15:16:52.91222+08	鲁皓	1924802	\N	\N	\N	be176f6f-c409-4962-970a-4d3a71df161d	\N	\N
797f82f3-21ae-44f0-b54b-9daa86c029c9	t	\N	2024-05-21 15:16:52.914215+08	\N	2024-05-21 15:16:52.914215+08	尹虎	1924804	\N	\N	\N	60788ebe-4094-488c-860c-9ee459e7930b	\N	\N
5d9546c8-c8f3-4963-b233-1996632bf300	t	\N	2024-05-21 15:16:52.915379+08	\N	2024-05-21 15:16:52.915379+08	李晓伟	1924797	\N	\N	\N	496a94df-b510-4f4e-9730-0e23380fe095	\N	\N
e8875607-8948-4825-8b91-4332f2fa2e7e	t	\N	2024-05-21 15:16:52.916382+08	\N	2024-05-21 15:16:52.916382+08	李振	ic1300309	\N	\N	\N	cd5568b0-9983-4fd0-88f1-871452899383	\N	\N
219d32a6-abbf-4fe4-8916-73576cfae5e6	t	\N	2024-05-21 15:16:52.917377+08	\N	2024-05-21 15:16:52.917377+08	陈聪聪	ic1400052	\N	\N	\N	dc6bc6c4-60d8-4513-a425-38447632f9b9	\N	\N
6d00132f-e420-4e9b-a666-5f56c58e9bcf	t	\N	2024-05-21 15:16:52.918375+08	\N	2024-05-21 15:16:52.918375+08	王云鹏	yunpeng	\N	\N	\N	82889256-32b9-4fd1-ad16-59888ddba6d4	\N	\N
489fc035-682c-41bf-a2e0-66499bf1b2fe	t	\N	2024-05-21 15:16:52.919373+08	\N	2024-05-21 15:16:52.919373+08	金龙学	ic1400113	\N	\N	\N	dd7ee76e-ba9d-4fff-8bcf-8c5e0ad0e4ea	\N	\N
30138733-b367-42fa-a17a-0615d360130b	t	\N	2024-05-21 15:16:52.920409+08	\N	2024-05-21 15:16:52.920409+08	姜慧玲	ic1400050	\N	\N	\N	cded407a-0271-41eb-bccd-80da52c26dee	\N	\N
fa33eb06-97a7-40ee-b951-a43a5e08ea1a	t	\N	2024-05-21 15:16:52.922365+08	\N	2024-05-21 15:16:52.922365+08	丁爽	ic1400073	\N	\N	\N	27431412-db18-481a-97f7-e979e24a7c6d	\N	\N
fde88d08-0193-4e12-ae90-1adc2fb099e5	t	\N	2024-05-21 15:16:52.923361+08	\N	2024-05-21 15:16:52.923361+08	孙晓萌	ic1400095	\N	\N	\N	2fa0c33e-6db0-486b-88fa-593eb2ef784a	\N	\N
b77f4581-95e5-4522-8711-340846de636f	t	\N	2024-05-21 15:16:52.924359+08	\N	2024-05-21 15:16:52.924359+08	吴开昌	ic1400119	\N	\N	\N	c81c7374-ce11-4d7d-9370-13d79695ccd0	\N	\N
2936b751-2b1d-43d8-9629-8fddb2374947	t	\N	2024-05-21 15:16:52.925392+08	\N	2024-05-21 15:16:52.925392+08	郑丰奇	ic1400133	\N	\N	\N	27431412-db18-481a-97f7-e979e24a7c6d	\N	\N
cc817e1e-a7c1-4b32-8019-f1f696944368	t	\N	2024-05-21 15:16:52.926355+08	\N	2024-05-21 15:16:52.926355+08	孙明	ic1500013	\N	\N	\N	ae51c78b-5525-493d-a89d-b1c61cc68b7b	\N	\N
3b35dc5c-b2a3-41a9-b0f6-c3a0d13acbe1	t	\N	2024-05-21 15:16:52.929382+08	\N	2024-05-21 15:16:52.929382+08	徐胜福	ic1400143	\N	\N	\N	ae51c78b-5525-493d-a89d-b1c61cc68b7b	\N	\N
12b28c73-69d1-4ad3-b8e8-d01067b5b9a3	t	\N	2024-05-21 15:16:52.930344+08	\N	2024-05-21 15:16:52.930344+08	葛波	ic1400187	\N	\N	\N	aaa8b45b-d144-4324-8fca-de13cb32b8f1	\N	\N
eece309c-8f4f-446b-a000-341d609ec955	t	\N	2024-05-21 15:16:52.931798+08	\N	2024-05-21 15:16:52.931798+08	王增强	ic1400179	\N	\N	\N	3c4e032d-f9f4-45a0-99ca-fa6ac60a5303	\N	\N
ff06b102-25e5-4276-99d3-95a530237857	t	\N	2024-05-21 15:16:52.932787+08	\N	2024-05-21 15:16:52.932787+08	代飞栋	ic1500007	\N	\N	\N	07cc8a67-c496-4595-b2b1-c94c761e904e	\N	\N
c40ebdfe-75cf-4442-ab95-b74e77121cbf	t	\N	2024-05-21 15:16:52.934212+08	\N	2024-05-21 15:16:52.934212+08	李世民	shimin	\N	\N	\N	a60987fc-b3fc-4772-bcdb-7d28aefee107	\N	\N
18492064-0b95-4d33-acd4-f470a09c60eb	t	\N	2024-05-21 15:16:52.935241+08	\N	2024-05-21 15:16:52.935241+08	侯海涛	haitao	\N	\N	\N	c3a4f120-846a-4224-80e8-e656ce211c04	\N	\N
8f64c575-45ba-4e60-98c2-393bfec23a0c	t	\N	2024-05-21 15:16:52.936236+08	\N	2024-05-21 15:16:52.936236+08	张庭儒	tingru	\N	\N	\N	5a05b4bb-1b48-4bac-9337-fb895430ee17	\N	\N
395128cf-cced-4692-bc9f-69b85b2354c9	t	\N	2024-05-21 15:16:52.937231+08	\N	2024-05-21 15:16:52.937231+08	陈财	cai	\N	\N	\N	2fa0c33e-6db0-486b-88fa-593eb2ef784a	\N	\N
2755f7c4-d892-4839-8bd2-a8c775d2926c	t	\N	2024-05-21 15:16:52.938222+08	\N	2024-05-21 15:16:52.938222+08	杨春波	chunbo	\N	\N	\N	37ea05e9-3074-43c3-843e-83dcef8b33df	\N	\N
f4b73303-5e95-44fe-82d8-3ff4f7f71bea	t	\N	2024-05-21 15:16:52.939191+08	\N	2024-05-21 15:16:52.939191+08	葛云峰	yunfeng	\N	\N	\N	37ea05e9-3074-43c3-843e-83dcef8b33df	\N	\N
7eaebbde-579d-41d9-8d24-dd822cfcc0ed	t	\N	2024-05-21 15:16:52.940226+08	\N	2024-05-21 15:16:52.940226+08	刘本余	benyu	\N	\N	\N	471038a3-301f-4f05-aaaa-6f28732b8221	\N	\N
c20f7c17-30e6-4bcd-a4e4-5b7e5ba06cea	t	\N	2024-05-21 15:16:52.941226+08	\N	2024-05-21 15:16:52.941226+08	雷云茗	yunming	\N	\N	\N	37ea05e9-3074-43c3-843e-83dcef8b33df	\N	\N
316d477f-f71c-4342-9451-d42755ae6149	t	\N	2024-05-21 15:16:52.942218+08	\N	2024-05-21 15:16:52.942218+08	刘飞	1925820	\N	\N	\N	2cbc7f0d-a9de-48db-85de-5962512b162b	\N	\N
2d754144-4464-4b38-bcaf-5ab2fa5e053a	t	\N	2024-05-21 15:16:52.946174+08	\N	2024-05-21 15:16:52.946174+08	孙永宽	1925821	\N	\N	\N	b11d6a1f-f63a-4f5d-88bf-ea5bff7caf85	\N	\N
5d625f5e-9629-411a-93ce-b731625995cf	t	\N	2024-05-21 15:16:52.94717+08	\N	2024-05-21 15:16:52.94717+08	林鸿	1925409	\N	\N	\N	471038a3-301f-4f05-aaaa-6f28732b8221	\N	\N
23aa47a7-4efc-4e18-9beb-67daa4dcc3a0	t	\N	2024-05-21 15:16:52.949166+08	\N	2024-05-21 15:16:52.949166+08	赵彬	1925412	\N	\N	\N	aba98cf1-9cf7-4a34-acdb-08867ad74437	\N	\N
c002abfd-2ba8-4c2a-bf1b-03cd42fed499	t	\N	2024-05-21 15:16:52.950162+08	\N	2024-05-21 15:16:52.950162+08	高建成	1925454	\N	\N	\N	ce5ac698-191c-4892-b953-ab02ed2d1d8f	\N	\N
ee80f184-f7e5-4324-8dfb-5bfa8cd9942f	t	\N	2024-05-21 15:16:52.95116+08	\N	2024-05-21 15:16:52.95116+08	曲延磊	1925480	\N	\N	\N	0614f101-93ec-4b7f-9162-2b2aea398891	\N	\N
e72fe789-40a0-4e14-802c-9f5d858e4c90	t	\N	2024-05-21 15:16:52.953154+08	\N	2024-05-21 15:16:52.953154+08	刘健	jian1	\N	\N	\N	27431412-db18-481a-97f7-e979e24a7c6d	\N	\N
f241914e-f6e0-45c7-8915-7e5f8c95b718	t	\N	2024-05-21 15:16:52.95419+08	\N	2024-05-21 15:16:52.95419+08	张明	1925469	\N	\N	\N	fac5750d-72e6-4d03-978c-2e2a4fcecab9	\N	\N
8ce158d9-110f-48cb-a270-e08db2586adc	t	\N	2024-05-21 15:16:52.955185+08	\N	2024-05-21 15:16:52.955185+08	韩朋强	1925418	\N	\N	\N	09a4504d-f02f-4cf4-b77b-c9a98ac45b35	\N	\N
2b42def2-d01d-4172-accb-3358e73e7fba	t	\N	2024-05-21 15:16:52.956147+08	\N	2024-05-21 15:16:52.956147+08	张智浩	1925470	\N	\N	\N	09a4504d-f02f-4cf4-b77b-c9a98ac45b35	\N	\N
38c61273-e9f0-4af8-977b-dcf5f8e2d1f8	t	\N	2024-05-21 15:16:52.957144+08	\N	2024-05-21 15:16:52.957144+08	赵伟	1925440	\N	\N	\N	bc8424a1-1ada-4897-91e1-66f044e90df2	\N	\N
f62b6002-cc7a-4ecc-bf60-f6958d5d3d5d	t	\N	2024-05-21 15:16:52.958141+08	\N	2024-05-21 15:16:52.958141+08	李晓东	1925421	\N	\N	\N	71864559-0bf3-4dc1-91d8-4f3a2b8f2045	\N	\N
e1510f40-9b33-4017-83bd-d3e33e9fcbb1	t	\N	2024-05-21 15:16:52.959139+08	\N	2024-05-21 15:16:52.959139+08	于东东	1925464	\N	\N	\N	ce5ac698-191c-4892-b953-ab02ed2d1d8f	\N	\N
5809d6ce-7211-4909-aaf3-825ce8a8f23e	t	\N	2024-05-21 15:16:52.961134+08	\N	2024-05-21 15:16:52.961134+08	于文涛	1925465	\N	\N	\N	60788ebe-4094-488c-860c-9ee459e7930b	\N	\N
6c6eaa8d-37a3-4e55-b442-e684b5509435	t	\N	2024-05-21 15:16:52.963128+08	\N	2024-05-21 15:16:52.963128+08	姜少杰	1925479	\N	\N	\N	be176f6f-c409-4962-970a-4d3a71df161d	\N	\N
1fc5a221-1d0b-44d4-b292-5ea17d5191b0	t	\N	2024-05-21 15:16:52.964127+08	\N	2024-05-21 15:16:52.964127+08	杨自强	1925420	\N	\N	\N	b0987c78-7086-4760-b1df-56884280e7b2	\N	\N
a3db1638-08ec-4b43-b4cb-0ff825230b3e	t	\N	2024-05-21 15:16:52.96612+08	\N	2024-05-21 15:16:52.96612+08	弭希元	1925471	\N	\N	\N	be176f6f-c409-4962-970a-4d3a71df161d	\N	\N
5e5e9eb6-44b9-428a-afe5-30489bab58cd	t	\N	2024-05-21 15:16:52.967157+08	\N	2024-05-21 15:16:52.967157+08	徐晓峰	1925472	\N	\N	\N	60788ebe-4094-488c-860c-9ee459e7930b	\N	\N
a0a6e5c2-2791-4fcf-800c-ce6484b717ae	t	\N	2024-05-21 15:16:52.968115+08	\N	2024-05-21 15:16:52.968115+08	慕永学	1925473	\N	\N	\N	97046c45-19e1-48f5-abee-17e7818c18be	\N	\N
f100efac-2d5d-4815-b66a-85eb355c793b	t	\N	2024-05-21 15:16:52.970111+08	\N	2024-05-21 15:16:52.970111+08	张祥宇	1925822	\N	\N	\N	b11d6a1f-f63a-4f5d-88bf-ea5bff7caf85	\N	\N
2c915ed9-ba15-4b10-93e2-c89e81d8e7f8	t	\N	2024-05-21 15:16:52.971107+08	\N	2024-05-21 15:16:52.971107+08	刘晓	1925467	\N	\N	\N	2cbc7f0d-a9de-48db-85de-5962512b162b	\N	\N
685da4d4-6cfa-4f40-a830-1bc74372e121	t	\N	2024-05-21 15:16:52.972141+08	\N	2024-05-21 15:16:52.972141+08	姜晓朋	1925468	\N	\N	\N	b0987c78-7086-4760-b1df-56884280e7b2	\N	\N
1f775ca2-3521-4078-b77c-9c6031d2fd77	t	\N	2024-05-21 15:16:52.974099+08	\N	2024-05-21 15:16:52.974099+08	魏广泽	1925476	\N	\N	\N	bc8424a1-1ada-4897-91e1-66f044e90df2	\N	\N
f793d261-ff1d-45e0-86fa-d9f2af0a9969	t	\N	2024-05-21 15:16:52.975098+08	\N	2024-05-21 15:16:52.975098+08	鲁云飞	1925477	\N	\N	\N	ce5ac698-191c-4892-b953-ab02ed2d1d8f	\N	\N
e5c3eeb2-e510-4cb3-b7aa-31548cfe12df	t	\N	2024-05-21 15:16:52.976095+08	\N	2024-05-21 15:16:52.976095+08	程成	cheng	\N	\N	\N	1ecdce5f-6f12-4d25-bf76-12e7b5de9a9a	\N	\N
f0223670-c9ec-44de-b174-7a88e020fad1	t	\N	2024-05-21 15:16:52.978088+08	\N	2024-05-21 15:16:52.978088+08	齐东平	dongping	\N	\N	\N	20676c07-0365-4a24-818f-d89009fd29a0	\N	\N
78e89ac2-ab7c-4175-8353-8ee3ca7edb53	t	\N	2024-05-21 15:16:52.980083+08	\N	2024-05-21 15:16:52.980083+08	林香花	xianghua	\N	\N	\N	cd5568b0-9983-4fd0-88f1-871452899383	\N	\N
bb321821-15a4-4fcc-a929-50da1062dc51	t	\N	2024-05-21 15:16:52.98112+08	\N	2024-05-21 15:16:52.98112+08	段军静	1925482	\N	\N	\N	a55b5b3b-b79b-46f7-8e36-51ba14c904c6	\N	\N
c96a4166-52f7-41c2-b389-04ee1058920f	t	\N	2024-05-21 15:16:52.982115+08	\N	2024-05-21 15:16:52.982115+08	张波	1925626	\N	\N	\N	b0987c78-7086-4760-b1df-56884280e7b2	\N	\N
880a984f-cf2f-44c5-bb6a-b29c5b0526f7	t	\N	2024-05-21 15:16:52.983114+08	\N	2024-05-21 15:16:52.983114+08	宋吉春	1925676	\N	\N	\N	fac5750d-72e6-4d03-978c-2e2a4fcecab9	\N	\N
3861ab13-c2a9-442a-b370-b93d10e5c961	t	\N	2024-05-21 15:16:52.985071+08	\N	2024-05-21 15:16:52.985071+08	赵建华	1925483	\N	\N	\N	aba98cf1-9cf7-4a34-acdb-08867ad74437	\N	\N
2036bb9d-fca7-47d4-a835-81e32e619367	t	\N	2024-05-21 15:16:52.986106+08	\N	2024-05-21 15:16:52.986106+08	郭冰洋	1925627	\N	\N	\N	ba3efeb2-a7dc-463d-a4b4-eafb8807f131	\N	\N
3332b86a-a422-446b-8307-c9c198504618	t	\N	2024-05-21 15:16:52.9871+08	\N	2024-05-21 15:16:52.9871+08	修波	1925487	\N	\N	\N	c9a78a4f-b5d7-4465-8096-92ea467bc134	\N	\N
304d1c72-1d60-4f5b-8f6c-8b9dba1a9208	t	\N	2024-05-21 15:16:52.989059+08	\N	2024-05-21 15:16:52.989059+08	杨林	1925668	\N	\N	\N	ce5ac698-191c-4892-b953-ab02ed2d1d8f	\N	\N
322b949b-c271-4f86-a9ad-bd01011fce9a	t	\N	2024-05-21 15:16:52.990057+08	\N	2024-05-21 15:16:52.990057+08	巴浩	1925644	\N	\N	\N	be176f6f-c409-4962-970a-4d3a71df161d	\N	\N
58da0fa8-0460-42c2-8a73-b5566db9379a	t	\N	2024-05-21 15:16:52.991054+08	\N	2024-05-21 15:16:52.991054+08	卓子庆	1925625	\N	\N	\N	aba98cf1-9cf7-4a34-acdb-08867ad74437	\N	\N
b77e379b-0274-45b6-a42e-27f7aad16fc8	t	\N	2024-05-21 15:16:52.992089+08	\N	2024-05-21 15:16:52.992089+08	王宗义	2620965	\N	\N	\N	b0987c78-7086-4760-b1df-56884280e7b2	\N	\N
f7d070df-edbf-4432-adbe-dccaaabd12cb	t	\N	2024-05-21 15:16:52.994048+08	\N	2024-05-21 15:16:52.994048+08	任伯平	1925637	\N	\N	\N	60788ebe-4094-488c-860c-9ee459e7930b	\N	\N
fc76059b-66b9-45db-a795-868d6c9ecc96	t	\N	2024-05-21 15:16:52.996409+08	\N	2024-05-21 15:16:52.996409+08	林晓林	1925638	\N	\N	\N	73fb3d83-1f4b-4b65-8d89-a4e51aabad48	\N	\N
c9171f24-9d5a-4756-8cc0-99ca4a2f65c6	t	\N	2024-05-21 15:16:52.997037+08	\N	2024-05-21 15:16:52.997037+08	刘健	1925677	\N	\N	\N	0a5c5026-c176-4dbc-afd4-0b7dae906fa5	\N	\N
2d76964c-916b-42c7-a468-2408a984abdc	t	\N	2024-05-21 15:16:52.999032+08	\N	2024-05-21 15:16:52.999032+08	战春吉	1925486	\N	\N	\N	be176f6f-c409-4962-970a-4d3a71df161d	\N	\N
df25e178-eee6-4121-a0b9-425f7fd6a448	t	\N	2024-05-21 15:16:53.000029+08	\N	2024-05-21 15:16:53.000029+08	刘琨	kun1	\N	\N	\N	37ea05e9-3074-43c3-843e-83dcef8b33df	\N	\N
8e723a2d-68b4-42d4-91c5-d45ca588872b	t	\N	2024-05-21 15:16:53.001027+08	\N	2024-05-21 15:16:53.001027+08	闫春阳	1925569	\N	\N	\N	c9a78a4f-b5d7-4465-8096-92ea467bc134	\N	\N
fbd2cad0-fc61-47cf-b294-3043d44124f8	t	\N	2024-05-21 15:16:53.002027+08	\N	2024-05-21 15:16:53.003022+08	牟春林	1925444	\N	\N	\N	3b755267-2e62-42af-a96e-4c3f3b0631ce	\N	\N
4b2d6bdb-d7a9-4da3-a221-61a8854e3a35	t	\N	2024-05-21 15:16:53.004019+08	\N	2024-05-21 15:16:53.004019+08	郝冉族	1925445	\N	\N	\N	a55b5b3b-b79b-46f7-8e36-51ba14c904c6	\N	\N
d85d8d77-891b-4cf9-9a76-e32be8f2d9d0	t	\N	2024-05-21 15:16:53.005016+08	\N	2024-05-21 15:16:53.005016+08	王腾飞	1925474	\N	\N	\N	60788ebe-4094-488c-860c-9ee459e7930b	\N	\N
4bf86add-b412-496a-8a0d-ed5caa041a2c	t	\N	2024-05-21 15:16:53.006016+08	\N	2024-05-21 15:16:53.006016+08	商圣第	1925489	\N	\N	\N	c9a78a4f-b5d7-4465-8096-92ea467bc134	\N	\N
08eb3532-48fe-46f9-977f-4cb4742e0d62	t	\N	2024-05-21 15:16:53.008008+08	\N	2024-05-21 15:16:53.008008+08	王沛凯	2620050	\N	\N	\N	60788ebe-4094-488c-860c-9ee459e7930b	\N	\N
18d313e8-3751-4659-beb7-7594b62ab740	t	\N	2024-05-21 15:16:53.009006+08	\N	2024-05-21 15:16:53.009006+08	白洋	1925759	\N	\N	\N	c9a78a4f-b5d7-4465-8096-92ea467bc134	\N	\N
339f344b-fb0c-4f31-808e-ae969f10da57	t	\N	2024-05-21 15:16:53.010004+08	\N	2024-05-21 15:16:53.010004+08	刘嵩	song	\N	\N	\N	362992c8-3d3c-4f06-b4e6-451dedf02ee1	\N	\N
64a4dea5-e146-46bb-99bf-9108da0bc32a	t	\N	2024-05-21 15:16:53.012997+08	\N	2024-05-21 15:16:53.012997+08	孙莉莉	ic0732709	\N	\N	\N	1fc625c8-83a8-4d24-ac62-f8c0ae57fce7	\N	\N
a27b7b3f-8681-4c17-a25e-999d71a9f56a	t	\N	2024-05-21 15:16:53.01499+08	\N	2024-05-21 15:16:53.01499+08	苏中勇	ic0732721	\N	\N	\N	1fc625c8-83a8-4d24-ac62-f8c0ae57fce7	\N	\N
4c4f8d63-d5f9-4e91-a292-57101b4ce677	t	\N	2024-05-21 15:16:53.016027+08	\N	2024-05-21 15:16:53.016027+08	于百东	ic0752093	\N	\N	\N	a6e00caa-6fba-4122-aecc-8cb70f80fc8c	\N	\N
abd09814-53f3-4a08-8479-1bc265877bd8	t	\N	2024-05-21 15:16:53.017982+08	\N	2024-05-21 15:16:53.017982+08	孙艳娜	ic0430104	\N	\N	\N	1fc625c8-83a8-4d24-ac62-f8c0ae57fce7	\N	\N
30e45083-1e08-4cc6-8591-41a0f2ac650d	t	\N	2024-05-21 15:16:53.019017+08	\N	2024-05-21 15:16:53.019017+08	贺立鑫	1925037	\N	\N	\N	c9a78a4f-b5d7-4465-8096-92ea467bc134	\N	\N
1924b058-84ec-40af-ac10-6154d291411a	t	\N	2024-05-21 15:16:53.019978+08	\N	2024-05-21 15:16:53.020974+08	刘飞雪	ic9510761	\N	\N	\N	cded407a-0271-41eb-bccd-80da52c26dee	\N	\N
b2ed6134-7853-4349-a206-2a1ba89af106	t	\N	2024-05-21 15:16:53.021972+08	\N	2024-05-21 15:16:53.021972+08	董自荣	ic9530774	\N	\N	\N	abd49166-7be6-4a41-a300-ece140984648	\N	\N
75729e0d-c1c6-4274-8ae8-970e7ca2e40f	t	\N	2024-05-21 15:16:53.022969+08	\N	2024-05-21 15:16:53.022969+08	郑秀荣	ic9530816	\N	\N	\N	a60987fc-b3fc-4772-bcdb-7d28aefee107	\N	\N
df87dcef-213f-433c-b798-48ca15634528	t	\N	2024-05-21 15:16:53.024005+08	\N	2024-05-21 15:16:53.024005+08	杨强	1923063	\N	\N	\N	97046c45-19e1-48f5-abee-17e7818c18be	\N	\N
de5483ec-22d1-4985-9d6a-9cd35736fe84	t	\N	2024-05-21 15:16:53.025003+08	\N	2024-05-21 15:16:53.025003+08	李新伟	ic0832600	\N	\N	\N	362992c8-3d3c-4f06-b4e6-451dedf02ee1	\N	\N
0e2093c7-6446-485a-8aec-1756dca44395	t	\N	2024-05-21 15:16:53.026001+08	\N	2024-05-21 15:16:53.026001+08	袁云孝	ic9550810	\N	\N	\N	9da97e0b-851b-4b47-a628-be5dd90306ef	\N	\N
4736d8f5-8df5-4394-bac6-02694ec1c574	t	\N	2024-05-21 15:16:53.027958+08	\N	2024-05-21 15:16:53.027958+08	于东美	ic9553163	\N	\N	\N	abd49166-7be6-4a41-a300-ece140984648	\N	\N
b7bdd4c6-0be5-4a0e-9c0b-c7c86c94d343	t	\N	2024-05-21 15:16:53.029952+08	\N	2024-05-21 15:16:53.029952+08	张力	ic0230032	\N	\N	\N	27f5cd1e-33a2-4af3-ada4-4f2a1d83edf1	\N	\N
0288d4d3-8b95-4926-a2d3-080ebc39138e	t	\N	2024-05-21 15:16:53.031945+08	\N	2024-05-21 15:16:53.031945+08	王志辉	ic0732310	\N	\N	\N	c81c7374-ce11-4d7d-9370-13d79695ccd0	\N	\N
43b2c2ed-4b94-47f5-8da3-35c9292fa047	t	\N	2024-05-21 15:16:53.032945+08	\N	2024-05-21 15:16:53.032945+08	李成功	chenggong	\N	\N	\N	aba98cf1-9cf7-4a34-acdb-08867ad74437	\N	\N
fd44865a-de3e-4739-bbec-681ea0e747d6	t	\N	2024-05-21 15:16:53.034938+08	\N	2024-05-21 15:16:53.034938+08	李冠华	ic0732318	\N	\N	\N	ea3fd131-7bd5-45a9-a2f4-efbbf9e53b8d	\N	\N
497c0ea6-6158-43e2-be97-835966a765d7	t	\N	2024-05-21 15:16:53.035935+08	\N	2024-05-21 15:16:53.035935+08	刘艳秋	ic0030018	\N	\N	\N	1fc625c8-83a8-4d24-ac62-f8c0ae57fce7	\N	\N
5610272e-10f3-4c6d-b5dd-3aa022e34335	t	\N	2024-05-21 15:16:53.036935+08	\N	2024-05-21 15:16:53.036935+08	孙喜芳	ic0732177	\N	\N	\N	cc775e53-3b00-4d54-95ef-db019694b1ad	\N	\N
724f5e3b-57ef-4908-b218-75e530804dd4	t	\N	2024-05-21 15:16:53.038929+08	\N	2024-05-21 15:16:53.038929+08	肖述刚	ic0732178	\N	\N	\N	1fc625c8-83a8-4d24-ac62-f8c0ae57fce7	\N	\N
5878c500-f464-4207-92c9-6c17bfc1bdae	t	\N	2024-05-21 15:16:53.039926+08	\N	2024-05-21 15:16:53.039926+08	张永栋	ic0732180	\N	\N	\N	5e933b58-e0a0-44da-a54d-9622e0619d79	\N	\N
ebf19903-8d3a-441e-8953-91730f99c113	t	\N	2024-05-21 15:16:53.041919+08	\N	2024-05-21 15:16:53.041919+08	姚霞	ic0030115	\N	\N	\N	1fc625c8-83a8-4d24-ac62-f8c0ae57fce7	\N	\N
a3878eed-da73-4c8f-8a17-03a0a2cdfc7c	t	\N	2024-05-21 15:16:53.042915+08	\N	2024-05-21 15:16:53.042915+08	于秀欣	ic9551275	\N	\N	\N	59a70773-de5e-4ce4-8b5b-2bea80282391	\N	\N
8b184db9-b2cc-4572-a384-23a98aee429e	t	\N	2024-05-21 15:16:53.044917+08	\N	2024-05-21 15:16:53.044917+08	王学峰	ic0350394	\N	\N	\N	59a70773-de5e-4ce4-8b5b-2bea80282391	\N	\N
e18fe179-3202-4292-b6db-5bf85a380d1d	t	\N	2024-05-21 15:16:53.046905+08	\N	2024-05-21 15:16:53.046905+08	徐莉莉	2620503	\N	\N	\N	59a70773-de5e-4ce4-8b5b-2bea80282391	\N	\N
c46f9161-d205-4aa9-ab23-8469de02fa5e	t	\N	2024-05-21 15:16:53.047941+08	\N	2024-05-21 15:16:53.047941+08	金华红	ic0874319	\N	\N	\N	55f66b2e-d9a6-4be6-8ce9-9fbee64078f7	\N	\N
0631510d-d42c-431b-b835-e83701c23785	t	\N	2024-05-21 15:16:53.048939+08	\N	2024-05-21 15:16:53.048939+08	滕敏	ic0834003	\N	\N	\N	ea3fd131-7bd5-45a9-a2f4-efbbf9e53b8d	\N	\N
c6031eab-84ca-47c7-a3fd-920751cbcce7	t	\N	2024-05-21 15:16:53.050895+08	\N	2024-05-21 15:16:53.050895+08	张艳	ic0900109	\N	\N	\N	ea3fd131-7bd5-45a9-a2f4-efbbf9e53b8d	\N	\N
040e5846-204a-456c-ad42-95fbfd44821f	t	\N	2024-05-21 15:16:53.051894+08	\N	2024-05-21 15:16:53.051894+08	纪凯	ic0900036	\N	\N	\N	ee267c82-4c48-4159-980c-b8d6d5a56853	\N	\N
7b70de60-a1c0-476d-a91d-e4d5e7da0aa3	t	\N	2024-05-21 15:16:53.053887+08	\N	2024-05-21 15:16:53.053887+08	黄培娜	ic0834007	\N	\N	\N	35a94570-db1f-45ae-a85d-e0c1d599c807	\N	\N
ee63e480-1ee9-4af1-b21c-2409de98ee07	t	\N	2024-05-21 15:16:53.054884+08	\N	2024-05-21 15:16:53.054884+08	孙海龙	ic0834037	\N	\N	\N	abd49166-7be6-4a41-a300-ece140984648	\N	\N
944f0bf4-26fa-466c-b648-463040b8cd8b	t	\N	2024-05-21 15:16:53.055885+08	\N	2024-05-21 15:16:53.055885+08	谭晓飞	ic1000299	\N	\N	\N	1fc625c8-83a8-4d24-ac62-f8c0ae57fce7	\N	\N
52d21436-ebbe-4302-a474-a93610cafb53	t	\N	2024-05-21 15:16:53.057879+08	\N	2024-05-21 15:16:53.057879+08	周玉洁	ic1000724	\N	\N	\N	1fc625c8-83a8-4d24-ac62-f8c0ae57fce7	\N	\N
b61f0fed-46fe-483a-81f9-a775c189bb2a	t	\N	2024-05-21 15:16:53.059871+08	\N	2024-05-21 15:16:53.059871+08	徐洋	1925003	\N	\N	\N	b0987c78-7086-4760-b1df-56884280e7b2	\N	\N
d46684bd-55c0-456d-a42c-99904f105a78	t	\N	2024-05-21 15:16:53.061872+08	\N	2024-05-21 15:16:53.061872+08	孙衡	ic1000736	\N	\N	\N	cfde369b-425b-47b9-8c1e-6f10b1faec60	\N	\N
9a0c4051-a214-461d-83be-d2763a52a999	t	\N	2024-05-21 15:16:53.063861+08	\N	2024-05-21 15:16:53.063861+08	徐丽梅	ic1100139	\N	\N	\N	4d782659-1372-4858-91f8-33bfc1f35d1c	\N	\N
23c8e5e8-3516-4d4c-9016-a59cda7bef40	t	\N	2024-05-21 15:16:53.064858+08	\N	2024-05-21 15:16:53.064858+08	朱学曼	ic1100330	\N	\N	\N	c3a4f120-846a-4224-80e8-e656ce211c04	\N	\N
596d5e18-6746-46d4-8717-3b0fffa8e18e	t	\N	2024-05-21 15:16:53.065855+08	\N	2024-05-21 15:16:53.065855+08	马磊	ic1100378	\N	\N	\N	f3d80dec-fb3a-4664-97b1-26625ec37c1e	\N	\N
07c74ad0-21b9-49f2-84fb-5906e4cdca95	t	\N	2024-05-21 15:16:53.066855+08	\N	2024-05-21 15:16:53.066855+08	郑坤杰	ic1100594	\N	\N	\N	abd49166-7be6-4a41-a300-ece140984648	\N	\N
62e9246c-b3d1-44eb-8ab4-f95ce86c781b	t	\N	2024-05-21 15:16:53.068847+08	\N	2024-05-21 15:16:53.068847+08	郑永南	ic1100685	\N	\N	\N	362992c8-3d3c-4f06-b4e6-451dedf02ee1	\N	\N
07ff3bcd-12c8-481d-b624-d458722f630a	t	\N	2024-05-21 15:16:53.069844+08	\N	2024-05-21 15:16:53.069844+08	徐艺菲	ic1100729	\N	\N	\N	362992c8-3d3c-4f06-b4e6-451dedf02ee1	\N	\N
a1d35d63-1c48-42cc-b832-1183ced6619c	t	\N	2024-05-21 15:16:53.070842+08	\N	2024-05-21 15:16:53.070842+08	金兰	ic1100751	\N	\N	\N	4d782659-1372-4858-91f8-33bfc1f35d1c	\N	\N
a5db17b0-f4a8-4efe-86b5-2f1b7a57740a	t	\N	2024-05-21 15:16:53.072837+08	\N	2024-05-21 15:16:53.072837+08	周国峰	ic1100752	\N	\N	\N	59a70773-de5e-4ce4-8b5b-2bea80282391	\N	\N
a31d3289-be9e-49ca-a114-a8487ace8b07	t	\N	2024-05-21 15:16:53.073835+08	\N	2024-05-21 15:16:53.073835+08	金松云	ic1100962	\N	\N	\N	362992c8-3d3c-4f06-b4e6-451dedf02ee1	\N	\N
764fc6f5-78b8-4607-bcea-493ffa2e0e1e	t	\N	2024-05-21 15:16:53.075829+08	\N	2024-05-21 15:16:53.075829+08	亓召琴	ic1200318	\N	\N	\N	9ba2a970-376c-4af7-b413-a6788eef7f45	\N	\N
da97e1f5-4922-49bd-a6c8-b496df0aa9bc	t	\N	2024-05-21 15:16:53.076869+08	\N	2024-05-21 15:16:53.076869+08	刘晓慧	ic1100927	\N	\N	\N	35a94570-db1f-45ae-a85d-e0c1d599c807	\N	\N
6b9f18f1-57de-4efd-808e-7681318e03c3	t	\N	2024-05-21 15:16:53.078827+08	\N	2024-05-21 15:16:53.078827+08	徐德福	defu	\N	\N	\N	4dea4239-8108-4068-a3bc-65d9759fd4c8	\N	\N
44bd50ab-73e8-4810-80fa-802c6f604d8a	t	\N	2024-05-21 15:16:53.080818+08	\N	2024-05-21 15:16:53.080818+08	高毅	yi	\N	\N	\N	ee267c82-4c48-4159-980c-b8d6d5a56853	\N	\N
53151679-b156-4c09-8ec4-ba563a832165	t	\N	2024-05-21 15:16:53.081836+08	\N	2024-05-21 15:16:53.081836+08	李铁敏	tiemin	\N	\N	\N	362992c8-3d3c-4f06-b4e6-451dedf02ee1	\N	\N
ec0e57bb-fdcf-4150-9815-c0047b3c5a80	t	\N	2024-05-21 15:16:53.084177+08	\N	2024-05-21 15:16:53.084177+08	温鹏磊	penglei	\N	\N	\N	f3d80dec-fb3a-4664-97b1-26625ec37c1e	\N	\N
0e334aef-1576-4c19-933a-6cd39cb4b751	t	\N	2024-05-21 15:16:53.085196+08	\N	2024-05-21 15:16:53.085196+08	金龙海	ic1400061	\N	\N	\N	1fc625c8-83a8-4d24-ac62-f8c0ae57fce7	\N	\N
030e1c56-485e-4cd1-a30a-962a9411f669	t	\N	2024-05-21 15:16:53.086156+08	\N	2024-05-21 15:16:53.086156+08	门晓琳	xiaolin	\N	\N	\N	27431412-db18-481a-97f7-e979e24a7c6d	\N	\N
9d1f09ec-dffa-4a89-ab30-8547b386960f	t	\N	2024-05-21 15:16:53.087192+08	\N	2024-05-21 15:16:53.087192+08	梁美娜	meina	\N	\N	\N	362992c8-3d3c-4f06-b4e6-451dedf02ee1	\N	\N
ca271f0b-5dbc-4640-b335-fae24b39df2d	t	\N	2024-05-21 15:16:53.089148+08	\N	2024-05-21 15:16:53.089148+08	迟远奎	yuankui	\N	\N	\N	cc775e53-3b00-4d54-95ef-db019694b1ad	\N	\N
45fe73c9-1afa-4bb6-981e-5ef7d39c8d65	t	\N	2024-05-21 15:16:53.090149+08	\N	2024-05-21 15:16:53.090149+08	徐晓军	xiaojun	\N	\N	\N	789d9b9a-a73a-4dc1-bc65-d0c39a8ec1ca	\N	\N
6fe83c79-f20d-4636-9357-81320cc1b5b6	t	\N	2024-05-21 15:16:53.091146+08	\N	2024-05-21 15:16:53.091146+08	蔡金洋	jinyang	\N	\N	\N	7ca05f7b-ddae-4f6f-86af-dd9b89210553	\N	\N
4d859a3a-797e-4850-9aad-ddbf34ec7d07	t	\N	2024-05-21 15:16:53.09314+08	\N	2024-05-21 15:16:53.09314+08	王彦淋	yanlin	\N	\N	\N	a47ed725-d8d8-424c-a1ee-da0608328787	\N	\N
cf546809-7a35-4cc3-ad04-ce110d4b2109	t	\N	2024-05-21 15:16:53.095133+08	\N	2024-05-21 15:16:53.095133+08	许庆凯	qingkai	\N	\N	\N	3b2d3660-b164-4a70-b253-c6e5211cc542	\N	\N
b817a2bb-9eb8-4a0a-9548-e92be110b962	t	\N	2024-05-21 15:16:53.097127+08	\N	2024-05-21 15:16:53.097127+08	徐永康	yongkang	\N	\N	\N	82889256-32b9-4fd1-ad16-59888ddba6d4	\N	\N
72916d7e-f2db-4ff7-8d02-b4d29809e92b	t	\N	2024-05-21 15:16:53.098124+08	\N	2024-05-21 15:16:53.098124+08	任刚刚	ganggang	\N	\N	\N	d9c5cc1f-4aed-4298-b8de-282503ee4440	\N	\N
6a198a34-a8c5-4999-9022-2550b24c031a	t	\N	2024-05-21 15:16:53.099125+08	\N	2024-05-21 15:16:53.099125+08	刘媛波	yuanbo	\N	\N	\N	66d9cac1-d82a-4511-b645-2f343670e2b2	\N	\N
44131363-2212-4930-89db-ac4351149b6d	t	\N	2024-05-21 15:16:53.101117+08	\N	2024-05-21 15:16:53.101117+08	李孟花	menghua	\N	\N	\N	abd49166-7be6-4a41-a300-ece140984648	\N	\N
824063bd-2e26-4df8-8ffc-898e0afd8a67	t	\N	2024-05-21 15:16:53.102156+08	\N	2024-05-21 15:16:53.102156+08	刘德玉	deyu	\N	\N	\N	27431412-db18-481a-97f7-e979e24a7c6d	\N	\N
5ed069ca-0756-4569-82a3-daade846bc1b	t	\N	2024-05-21 15:16:53.104109+08	\N	2024-05-21 15:16:53.104109+08	于静	jing	\N	\N	\N	2ee75b1e-ebcf-4d86-b646-e58820aef55d	\N	\N
45dcbff1-8614-4100-a0f5-255f161c9a43	t	\N	2024-05-21 15:16:53.106106+08	\N	2024-05-21 15:16:53.106106+08	郑天赐	tianci	\N	\N	\N	e27963d8-1c95-4559-82ac-d73bf57aa30a	\N	\N
bc123e5c-4ca6-49a5-8540-fb5615fc68c4	t	\N	2024-05-21 15:16:53.107102+08	\N	2024-05-21 15:16:53.107102+08	刘亚婷	yating	\N	\N	\N	cd5568b0-9983-4fd0-88f1-871452899383	\N	\N
60e73e02-5224-45aa-a46c-e05191416d6c	t	\N	2024-05-21 15:16:53.109099+08	\N	2024-05-21 15:16:53.109099+08	张修玮	xiuwei	\N	\N	\N	cc775e53-3b00-4d54-95ef-db019694b1ad	\N	\N
432564e3-15a3-4087-8076-1dbc2c2ae017	t	\N	2024-05-21 15:16:53.110094+08	\N	2024-05-21 15:16:53.110094+08	生风军	fengjun	\N	\N	\N	e27963d8-1c95-4559-82ac-d73bf57aa30a	\N	\N
8f0562b4-14e6-4f8d-9aa2-96c0e9d74624	t	\N	2024-05-21 15:16:53.112091+08	\N	2024-05-21 15:16:53.112091+08	姜美军	meijun	\N	\N	\N	1f371b61-dc0d-4473-97c6-5d4576eb92d7	\N	\N
49a76ea2-70aa-4e0e-a735-063a441cedfb	t	\N	2024-05-21 15:16:53.114083+08	\N	2024-05-21 15:16:53.114083+08	孙榕	rong	\N	\N	\N	cded407a-0271-41eb-bccd-80da52c26dee	\N	\N
0998da94-109d-4224-a54a-b8ab759ab1dd	t	\N	2024-05-21 15:16:53.11508+08	\N	2024-05-21 15:16:53.11508+08	刘纯	ic555555	\N	\N	\N	bbd89d20-7864-48af-bae1-e18d162f3f50	\N	\N
7dc0ad50-b811-498e-9d6c-1773dec02f49	t	\N	2024-05-21 15:16:53.117075+08	\N	2024-05-21 15:16:53.117075+08	尹丽萃	D4933642-D49B-42F0-A	\N	\N	\N	7433e264-f0d7-447a-8cb1-fda450ef8249	\N	\N
2650a9a5-0f74-415b-8c87-5500cd558dd3	t	\N	2024-05-21 15:16:53.118074+08	\N	2024-05-21 15:16:53.118074+08	邹凯悦	kaiyue	\N	\N	\N	ea3fd131-7bd5-45a9-a2f4-efbbf9e53b8d	\N	\N
2bbbd9c2-404b-4ebe-8025-c6b3ab36e8d9	t	\N	2024-05-21 15:16:53.120066+08	\N	2024-05-21 15:16:53.120066+08	朱佳	jia	\N	\N	\N	dd7ee76e-ba9d-4fff-8bcf-8c5e0ad0e4ea	\N	\N
26ba8778-1d20-4df8-983a-eb61cef63eec	t	\N	2024-05-21 15:16:53.121105+08	\N	2024-05-21 15:16:53.121105+08	刘恒庆	hengqing	\N	\N	\N	fa7f1b30-9fa1-4876-af1a-46b50730d5fc	\N	\N
3619415f-2d46-4d6e-847e-f86b79c35abe	t	\N	2024-05-21 15:16:53.122061+08	\N	2024-05-21 15:16:53.122061+08	郑永男	yongnan	\N	\N	\N	66d9cac1-d82a-4511-b645-2f343670e2b2	\N	\N
c306d744-11cc-46f2-9e6f-32654dec365c	t	\N	2024-05-21 15:16:53.124058+08	\N	2024-05-21 15:16:53.124058+08	钱卫杰	weijie	\N	\N	\N	789d9b9a-a73a-4dc1-bc65-d0c39a8ec1ca	\N	\N
cafd2d69-b024-4a4e-8582-7ded88dae386	t	\N	2024-05-21 15:16:53.125053+08	\N	2024-05-21 15:16:53.125053+08	黄鹏	peng2	\N	\N	\N	35a94570-db1f-45ae-a85d-e0c1d599c807	\N	\N
6c0dd532-0fbc-4774-878c-4942d71d55b0	t	\N	2024-05-21 15:16:53.126069+08	\N	2024-05-21 15:16:53.126069+08	衣俊	jun	\N	\N	\N	90f1411f-20eb-4259-8a4e-6b2f7906aa43	\N	\N
d04a76a3-3e55-474f-a557-feaa55c191c5	t	\N	2024-05-21 15:16:53.128049+08	\N	2024-05-21 15:16:53.128049+08	苏晓婷	xiaoting	\N	\N	\N	ea3fd131-7bd5-45a9-a2f4-efbbf9e53b8d	\N	\N
18539ac5-76d6-4049-a508-b023b0f7d7a5	t	\N	2024-05-21 15:16:53.131076+08	\N	2024-05-21 15:16:53.131076+08	霍凯峰	kaifeng	\N	\N	\N	42529a41-671e-4495-b90e-bc3b9203ec39	\N	\N
12df2aec-1547-44bc-afba-8f75e36bd250	t	\N	2024-05-21 15:16:53.132034+08	\N	2024-05-21 15:16:53.132034+08	王德兰	delan	\N	\N	\N	5e933b58-e0a0-44da-a54d-9622e0619d79	\N	\N
b8df8fbe-5d33-4b6c-ad01-bb64e0060d14	t	\N	2024-05-21 15:16:53.133031+08	\N	2024-05-21 15:16:53.133031+08	孙志强	zhiqiang	\N	\N	\N	e27963d8-1c95-4559-82ac-d73bf57aa30a	\N	\N
cae84b6b-ba10-4d61-af9c-b608c60cf932	t	\N	2024-05-21 15:16:53.134029+08	\N	2024-05-21 15:16:53.134029+08	尉惠荣	huirong	\N	\N	\N	dd7ee76e-ba9d-4fff-8bcf-8c5e0ad0e4ea	\N	\N
81c39bf5-0323-41aa-b118-5899924e60b8	t	\N	2024-05-21 15:16:53.135027+08	\N	2024-05-21 15:16:53.135027+08	闫鸿	hong	\N	\N	\N	1ecdce5f-6f12-4d25-bf76-12e7b5de9a9a	\N	\N
d6353763-a0c9-4955-8e43-963538340325	t	\N	2024-05-21 15:16:53.137022+08	\N	2024-05-21 15:16:53.137022+08	张俊梅	junmei	\N	\N	\N	dd7ee76e-ba9d-4fff-8bcf-8c5e0ad0e4ea	\N	\N
05fa43de-8373-41a9-92b5-c25a19779ebb	t	\N	2024-05-21 15:16:53.138019+08	\N	2024-05-21 15:16:53.138019+08	张爱	ai	\N	\N	\N	f50227f7-b074-4b90-9a63-e87b3a8bbb73	\N	\N
5720030a-d15c-476c-906c-f6e7eb490536	t	\N	2024-05-21 15:16:53.139016+08	\N	2024-05-21 15:16:53.139016+08	周娜	na	\N	\N	\N	efa87fcf-e0b6-4642-a020-b60ba869caba	\N	\N
d9b34794-e6e9-4229-9872-d07053bcbbc1	t	\N	2024-05-21 15:16:53.140016+08	\N	2024-05-21 15:16:53.140016+08	孙维亮	weiliang	\N	\N	\N	35a94570-db1f-45ae-a85d-e0c1d599c807	\N	\N
be4ddcff-7deb-4b9a-8029-bae84b63dc1f	t	\N	2024-05-21 15:16:53.141012+08	\N	2024-05-21 15:16:53.142008+08	张剑锋	jianfeng	\N	\N	\N	35a94570-db1f-45ae-a85d-e0c1d599c807	\N	\N
aaa533c1-3106-49cd-ba96-ffc8bb774a69	t	\N	2024-05-21 15:16:53.143005+08	\N	2024-05-21 15:16:53.143005+08	柳美燕	meiyan	\N	\N	\N	7cb00663-b00d-4518-bb4f-4946583a79ec	\N	\N
c12e413d-44da-4d30-a45a-913fa2c14c7e	t	\N	2024-05-21 15:16:53.145001+08	\N	2024-05-21 15:16:53.145001+08	张雯	wen1	\N	\N	\N	f3d80dec-fb3a-4664-97b1-26625ec37c1e	\N	\N
6f209111-c950-4313-8cfc-184947225f79	t	\N	2024-05-21 15:16:53.307937+08	\N	2024-05-21 15:16:53.307937+08	靳寿远	ic0353063	\N	\N	\N	420eb1a5-712c-4f02-8eb5-945e62931660	\N	\N
1ff84b1e-dcd8-444a-9570-4c5f8a9b94d0	t	\N	2024-05-21 15:16:53.309933+08	\N	2024-05-21 15:16:53.309933+08	赵加会	jiahui	\N	\N	\N	420eb1a5-712c-4f02-8eb5-945e62931660	\N	\N
4b09a5a2-3207-4816-837a-36544e67aa16	t	\N	2024-05-21 15:16:53.310929+08	\N	2024-05-21 15:16:53.310929+08	刘刚	gang2	\N	\N	\N	420eb1a5-712c-4f02-8eb5-945e62931660	\N	\N
d97f03c3-744e-4020-bb55-c444f154b638	t	\N	2024-05-21 15:16:53.31492+08	\N	2024-05-21 15:16:53.31492+08	张振宇	ic0530165	\N	\N	\N	52092493-3a53-49c8-8eb2-d706f95aadc1	\N	\N
9e839167-f93f-4c57-999e-4ce7b6b2b8ee	t	\N	2024-05-21 15:16:53.315916+08	\N	2024-05-21 15:16:53.315916+08	牟文辉	ic0752386	\N	\N	\N	362992c8-3d3c-4f06-b4e6-451dedf02ee1	\N	\N
f70b24cd-751f-4038-97ea-03a89ba62fae	t	\N	2024-05-21 15:16:53.316914+08	\N	2024-05-21 15:16:53.317912+08	王建超	ic0752469	\N	\N	\N	362992c8-3d3c-4f06-b4e6-451dedf02ee1	\N	\N
a7669b6b-657e-4775-aee7-baa8267e15a2	t	\N	2024-05-21 15:16:53.318908+08	\N	2024-05-21 15:16:53.318908+08	马怀磊	ic0732248	\N	\N	\N	e27963d8-1c95-4559-82ac-d73bf57aa30a	\N	\N
22af8ac4-8d7e-4882-a3df-786f4216b60c	t	\N	2024-05-21 15:16:53.320905+08	\N	2024-05-21 15:16:53.320905+08	于海军	ic9554947	\N	\N	\N	420eb1a5-712c-4f02-8eb5-945e62931660	\N	\N
8c64c517-8685-420d-afd1-bdf800d050cd	t	\N	2024-05-21 15:16:53.321901+08	\N	2024-05-21 15:16:53.321901+08	李晓燕	ic0130129	\N	\N	\N	7cb00663-b00d-4518-bb4f-4946583a79ec	\N	\N
874326c0-c826-44fa-87ea-ab29ae271c71	t	\N	2024-05-21 15:16:53.323895+08	\N	2024-05-21 15:16:53.323895+08	邹意	ic0852525	\N	\N	\N	a0580b43-569a-40c7-9f19-3a702a6101c9	\N	\N
3188cd7b-de84-4efc-9ee6-6ab73c25aa2d	t	\N	2024-05-21 15:16:53.324893+08	\N	2024-05-21 15:16:53.324893+08	姜祎	ic0832976	\N	\N	\N	3b2d3660-b164-4a70-b253-c6e5211cc542	\N	\N
2b50e2cb-b1a8-4bac-a578-463e1ea81cd5	t	\N	2024-05-21 15:16:53.326887+08	\N	2024-05-21 15:16:53.326887+08	许家升	jiasheng	\N	\N	\N	420eb1a5-712c-4f02-8eb5-945e62931660	\N	\N
57f80641-db7a-41ab-aa7e-2da0709fb53a	t	\N	2024-05-21 15:16:53.330881+08	\N	2024-05-21 15:16:53.330881+08	张海波	2637840	\N	\N	\N	27431412-db18-481a-97f7-e979e24a7c6d	\N	\N
42188d36-fd75-4956-83d4-4e7a2f8355d3	t	\N	2024-05-21 15:16:53.332874+08	\N	2024-05-21 15:16:53.332874+08	薛朋超	ic0834004	\N	\N	\N	a47ed725-d8d8-424c-a1ee-da0608328787	\N	\N
2202df02-b0bc-4032-85c3-b75268300286	t	\N	2024-05-21 15:16:53.334868+08	\N	2024-05-21 15:16:53.334868+08	刘军英	ic0900019	\N	\N	\N	31276793-0b52-4bb0-89b4-cc15dd23f71d	\N	\N
d82ac2a2-4d48-466d-b7fe-2f8e537784a2	t	\N	2024-05-21 15:16:53.335867+08	\N	2024-05-21 15:16:53.335867+08	高凤娟	ic0834025	\N	\N	\N	cd5568b0-9983-4fd0-88f1-871452899383	\N	\N
e5b9f0b4-9a00-4d16-a55f-e5c4ca4915a4	t	\N	2024-05-21 15:16:53.338857+08	\N	2024-05-21 15:16:53.338857+08	胡坤	ic1000256	\N	\N	\N	3e212c0a-2cc4-4d3e-85ad-7b948f85c8c1	\N	\N
6a1079a8-5870-4ce0-99f0-32f4469a8759	t	\N	2024-05-21 15:16:53.340852+08	\N	2024-05-21 15:16:53.340852+08	张积坚	ic1000262	\N	\N	\N	e27963d8-1c95-4559-82ac-d73bf57aa30a	\N	\N
47870642-225f-4f06-b58e-302a029b90f2	t	\N	2024-05-21 15:16:53.34185+08	\N	2024-05-21 15:16:53.34185+08	俞春星	ic1000294	\N	\N	\N	9ba2a970-376c-4af7-b413-a6788eef7f45	\N	\N
8ff833ea-45c3-49b8-afe5-6d7df6c363a1	t	\N	2024-05-21 15:16:53.342847+08	\N	2024-05-21 15:16:53.342847+08	任卫涛	ic1000334	\N	\N	\N	9ba2a970-376c-4af7-b413-a6788eef7f45	\N	\N
4ce9b4e4-32a3-4cdd-8c43-ed73a99d0581	t	\N	2024-05-21 15:16:53.344841+08	\N	2024-05-21 15:16:53.344841+08	吴飞	ic1000337	\N	\N	\N	a47ed725-d8d8-424c-a1ee-da0608328787	\N	\N
92f49031-874e-4e6b-9c9f-8b0685d32c50	t	\N	2024-05-21 15:16:53.347834+08	\N	2024-05-21 15:16:53.347834+08	戴孝琪	ic1000252	\N	\N	\N	25a647e5-322c-4393-8766-678623e4bc49	\N	\N
ce390d81-0cf1-4ccd-a65a-e6716c94fa12	t	\N	2024-05-21 15:16:53.348831+08	\N	2024-05-21 15:16:53.348831+08	宋军委	ic1000130	\N	\N	\N	789d9b9a-a73a-4dc1-bc65-d0c39a8ec1ca	\N	\N
675acb64-b913-46de-95c4-83899677a1bf	t	\N	2024-05-21 15:16:53.349828+08	\N	2024-05-21 15:16:53.349828+08	冯锐	ic1000191	\N	\N	\N	f1402a2a-4e08-4660-8b65-88cd06275335	\N	\N
f6f09af1-c638-493f-b4c4-3a430d0bb601	t	\N	2024-05-21 15:16:53.350825+08	\N	2024-05-21 15:16:53.350825+08	姜萌萌	ic1000356	\N	\N	\N	3e212c0a-2cc4-4d3e-85ad-7b948f85c8c1	\N	\N
a7dfd4da-7f45-4930-a9a5-44eb6f5d9a34	t	\N	2024-05-21 15:16:53.352821+08	\N	2024-05-21 15:16:53.352821+08	冯志东	ic1000415	\N	\N	\N	789d9b9a-a73a-4dc1-bc65-d0c39a8ec1ca	\N	\N
7fc9748a-d6e7-40b8-91e1-d3a0fa84b33c	t	\N	2024-05-21 15:16:53.354814+08	\N	2024-05-21 15:16:53.354814+08	于东秀	ic1000375	\N	\N	\N	25a647e5-322c-4393-8766-678623e4bc49	\N	\N
50f6fbca-ccbc-41dd-81c2-9c4ac247be55	t	\N	2024-05-21 15:16:53.355812+08	\N	2024-05-21 15:16:53.355812+08	柳鑫	ic1000377	\N	\N	\N	3b2d3660-b164-4a70-b253-c6e5211cc542	\N	\N
53ada1ae-a0a2-462c-9010-744ee61e09aa	t	\N	2024-05-21 15:16:53.357806+08	\N	2024-05-21 15:16:53.357806+08	李培国	ic1000378	\N	\N	\N	3b2d3660-b164-4a70-b253-c6e5211cc542	\N	\N
1fc42614-91a8-4663-98cb-58ab2b5b815a	t	\N	2024-05-21 15:16:53.360797+08	\N	2024-05-21 15:16:53.360797+08	于杰范	jiefan	\N	\N	\N	420eb1a5-712c-4f02-8eb5-945e62931660	\N	\N
0d0666f2-d374-4470-a11e-3ab4a4be5890	t	\N	2024-05-21 15:16:53.363791+08	\N	2024-05-21 15:16:53.363791+08	钱玉玲	ic1100597	\N	\N	\N	27431412-db18-481a-97f7-e979e24a7c6d	\N	\N
e440566d-997e-4125-99c5-316ac118fa50	t	\N	2024-05-21 15:16:53.366781+08	\N	2024-05-21 15:16:53.366781+08	孙琪	ic1100741	\N	\N	\N	25a647e5-322c-4393-8766-678623e4bc49	\N	\N
07858da6-f44c-4321-833f-fb4a92515aae	t	\N	2024-05-21 15:16:53.367781+08	\N	2024-05-21 15:16:53.367781+08	张兰	ic1100987	\N	\N	\N	25a647e5-322c-4393-8766-678623e4bc49	\N	\N
61963ee8-c32b-4d8b-bd68-095e80fd5c17	t	\N	2024-05-21 15:16:53.37077+08	\N	2024-05-21 15:16:53.37077+08	刘帅	ic1200316	\N	\N	\N	59a70773-de5e-4ce4-8b5b-2bea80282391	\N	\N
fbe02e8d-943d-406e-a4e6-4f90241aa6f1	t	\N	2024-05-21 15:16:53.372767+08	\N	2024-05-21 15:16:53.372767+08	栾晓梅	ic1200322	\N	\N	\N	9ba2a970-376c-4af7-b413-a6788eef7f45	\N	\N
c68c8a7b-2be8-49e5-a39a-93c5b73223ef	t	\N	2024-05-21 15:16:53.379748+08	\N	2024-05-21 15:16:53.379748+08	金燕	2603473	\N	\N	\N	66d9cac1-d82a-4511-b645-2f343670e2b2	\N	\N
e381cf70-41f2-41f3-922f-be07d2c00c65	t	\N	2024-05-21 15:16:53.381741+08	\N	2024-05-21 15:16:53.381741+08	于元荣	ic1200293	\N	\N	\N	27f5cd1e-33a2-4af3-ada4-4f2a1d83edf1	\N	\N
6f3a5386-41d1-43a9-8c26-98979591ec4f	t	\N	2024-05-21 15:16:53.390718+08	\N	2024-05-21 15:16:53.390718+08	池德根	i0189578	\N	\N	\N	b3046e20-2867-461a-af48-d32713befc29	\N	\N
7da5d994-184f-4aaf-93b9-c62f3ee80ecf	t	\N	2024-05-21 15:16:53.399695+08	\N	2024-05-21 15:16:53.399695+08	赵振田	zhentian	\N	\N	\N	e27963d8-1c95-4559-82ac-d73bf57aa30a	\N	\N
8072f654-4b75-4e8c-b749-0a99701c3c2f	t	\N	2024-05-21 15:16:53.401691+08	\N	2024-05-21 15:16:53.401691+08	孙鹏	peng1	\N	\N	\N	3b2d3660-b164-4a70-b253-c6e5211cc542	\N	\N
3aeda53f-8759-4eb4-8240-889664cdf9f6	t	\N	2024-05-21 15:16:53.402689+08	\N	2024-05-21 15:16:53.402689+08	董一	yi	\N	\N	\N	9ba2a970-376c-4af7-b413-a6788eef7f45	\N	\N
4cf822c6-bb0f-4551-84a8-2988f189e084	t	\N	2024-05-21 15:16:53.403685+08	\N	2024-05-21 15:16:53.403685+08	李亚楠	yanan1	\N	\N	\N	9ba2a970-376c-4af7-b413-a6788eef7f45	\N	\N
1915bd76-b729-4b3a-93c8-e139b50f04de	t	\N	2024-05-21 15:16:53.405681+08	\N	2024-05-21 15:16:53.405681+08	邹胜林	shenglin	\N	\N	\N	e27963d8-1c95-4559-82ac-d73bf57aa30a	\N	\N
17e396c0-c767-4f11-a7a4-d7b834a8b1e8	t	\N	2024-05-21 15:16:53.406677+08	\N	2024-05-21 15:16:53.406677+08	李婧	jing5	\N	\N	\N	7ca05f7b-ddae-4f6f-86af-dd9b89210553	\N	\N
0a1e4b5b-fdef-4c9f-88f6-dd16b50c5c57	t	\N	2024-05-21 15:16:53.407674+08	\N	2024-05-21 15:16:53.407674+08	马雪雁	xueyan	\N	\N	\N	bbd89d20-7864-48af-bae1-e18d162f3f50	\N	\N
b509318f-2d7c-4f6f-9ccc-4998fe48e64c	t	\N	2024-05-21 15:16:53.409668+08	\N	2024-05-21 15:16:53.409668+08	罗鸿剑	hongjian	\N	\N	\N	d9c5cc1f-4aed-4298-b8de-282503ee4440	\N	\N
69d21859-5cc5-41c0-8361-5165332de120	t	\N	2024-05-21 15:16:53.410665+08	\N	2024-05-21 15:16:53.410665+08	洛桑旦增	danzeng	\N	\N	\N	4dea4239-8108-4068-a3bc-65d9759fd4c8	\N	\N
0b19a435-cbc6-4e9b-88ed-e920610adfa4	t	\N	2024-05-21 15:16:53.415653+08	\N	2024-05-21 15:16:53.415653+08	王世正	shizheng	\N	\N	\N	babeec10-f44e-4d91-b86c-b0ed2a720e70	\N	\N
e07e7541-7bb4-4580-bea0-6b86403b2192	t	\N	2024-05-21 15:16:53.417646+08	\N	2024-05-21 15:16:53.417646+08	王鑫杰	xinjie	\N	\N	\N	f1402a2a-4e08-4660-8b65-88cd06275335	\N	\N
f1a3a860-cc88-4ee5-927e-027318a1d4cf	t	\N	2024-05-21 15:16:53.418647+08	\N	2024-05-21 15:16:53.418647+08	顾浩洁	haojie	\N	\N	\N	37ea05e9-3074-43c3-843e-83dcef8b33df	\N	\N
400bee06-c899-4640-af52-a14be0a8879b	t	\N	2024-05-21 15:16:53.420639+08	\N	2024-05-21 15:16:53.420639+08	曲浩阳	1925823	\N	\N	\N	fac5750d-72e6-4d03-978c-2e2a4fcecab9	\N	\N
f678e40d-8be5-4934-b340-071adc7eb566	t	\N	2024-05-21 15:16:53.422633+08	\N	2024-05-21 15:16:53.422633+08	杨汉杰	1925824	\N	\N	\N	b11d6a1f-f63a-4f5d-88bf-ea5bff7caf85	\N	\N
8ab2fa67-b0d4-42c9-909c-c9a3cfd997cc	t	\N	2024-05-21 15:16:53.423633+08	\N	2024-05-21 15:16:53.423633+08	王皓	1925826	\N	\N	\N	be176f6f-c409-4962-970a-4d3a71df161d	\N	\N
155243bd-d89a-4ea7-8782-b49f77765d6d	t	\N	2024-05-21 15:16:53.425628+08	\N	2024-05-21 15:16:53.425628+08	王程	cheng1	\N	\N	\N	31276793-0b52-4bb0-89b4-cc15dd23f71d	\N	\N
81331045-c23f-4f0c-b0cb-63d6ac326b32	t	\N	2024-05-21 15:16:53.426625+08	\N	2024-05-21 15:16:53.426625+08	王魁	1925829	\N	\N	\N	25f115d3-7250-4b3c-b4b6-3570f0b5eec8	\N	\N
4ad10b96-d297-4f8d-a19e-78f3c0000952	t	\N	2024-05-21 15:16:53.42962+08	\N	2024-05-21 15:16:53.42962+08	刘晓琳	xiaolin	\N	\N	\N	25a647e5-322c-4393-8766-678623e4bc49	\N	\N
76b43a29-ff04-4bdd-afb2-aa18dea5dd49	t	\N	2024-05-21 15:16:53.430613+08	\N	2024-05-21 15:16:53.430613+08	许允贤	1925831	\N	\N	\N	b11d6a1f-f63a-4f5d-88bf-ea5bff7caf85	\N	\N
c16e8c5e-4aaa-4e45-929f-bd0ef302f0d2	t	\N	2024-05-21 15:16:53.432607+08	\N	2024-05-21 15:16:53.432607+08	高镇宇	1925833	\N	\N	\N	0a5c5026-c176-4dbc-afd4-0b7dae906fa5	\N	\N
62302f00-fe74-4e9a-af6f-b703f41c26da	t	\N	2024-05-21 15:16:53.433607+08	\N	2024-05-21 15:16:53.433607+08	葛豪伟	1925830	\N	\N	\N	ce5ac698-191c-4892-b953-ab02ed2d1d8f	\N	\N
b419a4d0-fc72-4ed1-9ae4-b37d203bb132	t	\N	2024-05-21 15:16:53.4356+08	\N	2024-05-21 15:16:53.4356+08	王世文	shiwen	\N	\N	\N	25a647e5-322c-4393-8766-678623e4bc49	\N	\N
d8b9da83-043b-4f06-b2cb-e7e8820feb3c	t	\N	2024-05-21 15:16:53.4366+08	\N	2024-05-21 15:16:53.4366+08	王雷	lei6	\N	\N	\N	66d9cac1-d82a-4511-b645-2f343670e2b2	\N	\N
58ad22a8-1392-4d57-be35-ee83636e42b8	t	\N	2024-05-21 15:16:53.440586+08	\N	2024-05-21 15:16:53.440586+08	张浩男	haonan	\N	\N	\N	a47ed725-d8d8-424c-a1ee-da0608328787	\N	\N
4dfc0d36-a619-4b0c-ad0f-58fc62860cd5	t	\N	2024-05-21 15:16:53.44258+08	\N	2024-05-21 15:16:53.44258+08	周建立	jianli	\N	\N	\N	babeec10-f44e-4d91-b86c-b0ed2a720e70	\N	\N
5c708946-ba1c-4eae-8172-cd665560ac09	t	\N	2024-05-21 15:16:53.44358+08	\N	2024-05-21 15:16:53.44358+08	丁海	hai	\N	\N	\N	5a05b4bb-1b48-4bac-9337-fb895430ee17	\N	\N
12f52802-137c-4e04-a3d0-8351bd32761e	t	\N	2024-05-21 15:16:53.446571+08	\N	2024-05-21 15:16:53.446571+08	马赛琳	sailin	\N	\N	\N	efa87fcf-e0b6-4642-a020-b60ba869caba	\N	\N
a95e3b8f-9b05-4f59-8d9b-295b1f534416	t	\N	2024-05-21 15:16:53.448566+08	\N	2024-05-21 15:16:53.448566+08	刘玉孟	yumeng	\N	\N	\N	c3a4f120-846a-4224-80e8-e656ce211c04	\N	\N
41b0e661-6f94-49ce-be37-492cbd002a90	t	\N	2024-05-21 15:16:53.450559+08	\N	2024-05-21 15:16:53.450559+08	王德松	desong	\N	\N	\N	dc6bc6c4-60d8-4513-a425-38447632f9b9	\N	\N
423c99cf-1b31-44a4-b62f-46303c5bdf25	t	\N	2024-05-21 15:16:53.451556+08	\N	2024-05-21 15:16:53.451556+08	王忠远	zhongyuan	\N	\N	\N	d9c5cc1f-4aed-4298-b8de-282503ee4440	\N	\N
e5108924-4fb8-43fd-a2c3-1c19d807aa46	t	\N	2024-05-21 15:16:53.452553+08	\N	2024-05-21 15:16:53.452553+08	刘宏达	hongda	\N	\N	\N	cc775e53-3b00-4d54-95ef-db019694b1ad	\N	\N
8507fc7f-df21-4229-a8a3-605c836c3f78	t	\N	2024-05-21 15:16:53.453551+08	\N	2024-05-21 15:16:53.453551+08	王开	kai2	\N	\N	\N	25a647e5-322c-4393-8766-678623e4bc49	\N	\N
09aded6e-bf56-4487-a222-5c6282bdb682	t	\N	2024-05-21 15:16:53.454548+08	\N	2024-05-21 15:16:53.454548+08	刘晓东	1926014	\N	\N	\N	496a94df-b510-4f4e-9730-0e23380fe095	\N	\N
e0f8e424-ae6a-4e82-bf15-9790353e360d	t	\N	2024-05-21 15:16:53.455547+08	\N	2024-05-21 15:16:53.455547+08	王新明	1926015	\N	\N	\N	496a94df-b510-4f4e-9730-0e23380fe095	\N	\N
8e1ca87b-e45b-4865-881c-f912c39d74db	t	\N	2024-05-21 15:16:53.456573+08	\N	2024-05-21 15:16:53.456573+08	全英英	yingying	\N	\N	\N	3e212c0a-2cc4-4d3e-85ad-7b948f85c8c1	\N	\N
c5e1c81d-927a-40df-9941-f948141825e9	t	\N	2024-05-21 15:16:53.460533+08	\N	2024-05-21 15:16:53.460533+08	邹彤	tong	\N	\N	\N	1f371b61-dc0d-4473-97c6-5d4576eb92d7	\N	\N
5d4da12a-bb63-4b26-b69f-5dbb33f6736f	t	\N	2024-05-21 15:16:53.468511+08	\N	2024-05-21 15:16:53.468511+08	张丽娜	lina	\N	\N	\N	ad50f3ce-0224-4fc4-b2e1-a41fe7eb4d8d	\N	\N
0e3933ba-746f-4240-a35e-be252dbfd7aa	t	\N	2024-05-21 15:16:53.470507+08	\N	2024-05-21 15:16:53.470507+08	马文超	ls17387	\N	\N	\N	b0987c78-7086-4760-b1df-56884280e7b2	\N	\N
4061001b-5f4a-48c1-a039-673a9ac11383	t	\N	2024-05-21 15:16:53.471503+08	\N	2024-05-21 15:16:53.471503+08	丁桂崇	ls17993	\N	\N	\N	c9a78a4f-b5d7-4465-8096-92ea467bc134	\N	\N
0abeb5ae-a638-46a1-8105-f7ac8a8c6878	t	\N	2024-05-21 15:16:53.472501+08	\N	2024-05-21 15:16:53.472501+08	彭钱	ls17607	\N	\N	\N	95f18671-caa0-47c9-8706-3cd93d99b795	\N	\N
88b70fa9-56cb-43fe-9412-c28a715a525f	t	\N	2024-05-21 15:16:53.473498+08	\N	2024-05-21 15:16:53.473498+08	刘晓	ls1701	\N	\N	\N	89cbb191-d648-477b-80b2-087104444ac7	\N	\N
3d2dbfd5-8c1b-46e3-8950-cd4b17f77fa7	t	\N	2024-05-21 15:16:53.474495+08	\N	2024-05-21 15:16:53.474495+08	徐彩霞	ls17521	\N	\N	\N	89cbb191-d648-477b-80b2-087104444ac7	\N	\N
063f0144-3774-4e62-9802-4a092787e7aa	t	\N	2024-05-21 15:16:53.475493+08	\N	2024-05-21 15:16:53.475493+08	王效禹	ls1798	\N	\N	\N	89cbb191-d648-477b-80b2-087104444ac7	\N	\N
1cbf290b-8961-48c0-9014-1989c9c91bb8	t	\N	2024-05-21 15:16:53.47649+08	\N	2024-05-21 15:16:53.47649+08	王鸿帆	ls1725	\N	\N	\N	89cbb191-d648-477b-80b2-087104444ac7	\N	\N
a1972ea3-3e76-40f9-8594-084d09d3ab0a	t	\N	2024-05-21 15:16:53.477487+08	\N	2024-05-21 15:16:53.477487+08	巴萍	ls0606	\N	\N	\N	89cbb191-d648-477b-80b2-087104444ac7	\N	\N
a3fab47b-ae12-458c-a1b9-9094e0ea1777	t	\N	2024-05-21 15:16:53.480488+08	\N	2024-05-21 15:16:53.480488+08	袭敏	ls17382	\N	\N	\N	89cbb191-d648-477b-80b2-087104444ac7	\N	\N
091ce4dd-817c-4640-a799-168979d8210a	t	\N	2024-05-21 15:16:53.482478+08	\N	2024-05-21 15:16:53.482478+08	夏洪娟	ls00060	\N	\N	\N	89cbb191-d648-477b-80b2-087104444ac7	\N	\N
8fb0b827-eda2-42b1-b2d1-ef1b2575ab17	t	\N	2024-05-21 15:16:53.484471+08	\N	2024-05-21 15:16:53.484471+08	赵平平	ls0874	\N	\N	\N	89cbb191-d648-477b-80b2-087104444ac7	\N	\N
3e0c885f-5397-476f-8449-c1ec768b7f78	t	\N	2024-05-21 15:16:53.485469+08	\N	2024-05-21 15:16:53.485469+08	迟娜	ls0102	\N	\N	\N	89cbb191-d648-477b-80b2-087104444ac7	\N	\N
fba1249b-a9a2-45a3-8579-69c9b8a6e23a	t	\N	2024-05-21 15:16:53.486466+08	\N	2024-05-21 15:16:53.486466+08	王新英	ls00053	\N	\N	\N	89cbb191-d648-477b-80b2-087104444ac7	\N	\N
003d11fc-4f04-4196-ab9a-33d99831d3d9	t	\N	2024-05-21 15:16:53.488459+08	\N	2024-05-21 15:16:53.488459+08	宋秋波	ls0450	\N	\N	\N	89cbb191-d648-477b-80b2-087104444ac7	\N	\N
8da472c9-e0b9-48f3-ad52-2707b07f595a	t	\N	2024-05-21 15:16:53.489458+08	\N	2024-05-21 15:16:53.489458+08	张国文	ls17594	\N	\N	\N	89cbb191-d648-477b-80b2-087104444ac7	\N	\N
5c3d1b77-39a7-4768-8ec7-fc98e3cbe93a	t	\N	2024-05-21 15:16:53.490457+08	\N	2024-05-21 15:16:53.490457+08	孙翰林	ls17137	\N	\N	\N	89cbb191-d648-477b-80b2-087104444ac7	\N	\N
f46368ac-d108-4681-8330-5afb5655bb64	t	\N	2024-05-21 15:16:53.492448+08	\N	2024-05-21 15:16:53.492448+08	王昱丽	ls0872	\N	\N	\N	89cbb191-d648-477b-80b2-087104444ac7	\N	\N
a9817abd-cb00-4fb1-9030-f434020640d9	t	\N	2024-05-21 15:16:53.494444+08	\N	2024-05-21 15:16:53.494444+08	王喜东	ls17324	\N	\N	\N	89cbb191-d648-477b-80b2-087104444ac7	\N	\N
6b18a396-0686-4301-bfc4-fdb94e6af115	t	\N	2024-05-21 15:16:53.497435+08	\N	2024-05-21 15:16:53.497435+08	曹贻保	ls0879	\N	\N	\N	89cbb191-d648-477b-80b2-087104444ac7	\N	\N
3760d5ce-9838-4e6a-b384-d20bc3ad3317	t	\N	2024-05-21 15:16:53.498432+08	\N	2024-05-21 15:16:53.498432+08	付岩生	ls17175	\N	\N	\N	89cbb191-d648-477b-80b2-087104444ac7	\N	\N
5d41d36f-46b2-4779-b5c1-8933b8dfea73	t	\N	2024-05-21 15:16:53.499431+08	\N	2024-05-21 15:16:53.499431+08	李明升	ls00043	\N	\N	\N	89cbb191-d648-477b-80b2-087104444ac7	\N	\N
cb2dbae6-3c6a-45cb-9ff2-46bcacdafc8c	t	\N	2024-05-21 15:16:53.501425+08	\N	2024-05-21 15:16:53.501425+08	杨成	ls1724	\N	\N	\N	89cbb191-d648-477b-80b2-087104444ac7	\N	\N
f0bf1e5d-1926-44a3-89c1-f76a6ba416f9	t	\N	2024-05-21 15:16:53.503421+08	\N	2024-05-21 15:16:53.503421+08	徐学全	ls17376	\N	\N	\N	89cbb191-d648-477b-80b2-087104444ac7	\N	\N
7a94f42e-fac2-46e2-804d-000663b9413b	t	\N	2024-05-21 15:16:53.504419+08	\N	2024-05-21 15:16:53.504419+08	黄从贵	ls17100	\N	\N	\N	89cbb191-d648-477b-80b2-087104444ac7	\N	\N
76309e19-fb5e-4547-8379-8dd6af0413c5	t	\N	2024-05-21 15:16:53.506412+08	\N	2024-05-21 15:16:53.506412+08	衣黎明	ls17898	\N	\N	\N	89cbb191-d648-477b-80b2-087104444ac7	\N	\N
d6a7140b-d648-408c-af10-73bc20e63d39	t	\N	2024-05-21 15:16:53.508407+08	\N	2024-05-21 15:16:53.508407+08	刘运玺	ls17628	\N	\N	\N	89cbb191-d648-477b-80b2-087104444ac7	\N	\N
ad867690-7bf6-456e-9654-21e6b5c0efeb	t	\N	2024-05-21 15:16:53.510402+08	\N	2024-05-21 15:16:53.510402+08	李岩亮	ls1755	\N	\N	\N	89cbb191-d648-477b-80b2-087104444ac7	\N	\N
965b3bf5-5dda-41f1-bc27-25d02812d1ef	t	\N	2024-05-21 15:16:53.5124+08	\N	2024-05-21 15:16:53.5124+08	乔伟琦	ls17204	\N	\N	\N	89cbb191-d648-477b-80b2-087104444ac7	\N	\N
7e61b8b4-09e6-46e8-b32a-37fcca4528be	t	\N	2024-05-21 15:16:53.514391+08	\N	2024-05-21 15:16:53.514391+08	徐学伍	ls17279	\N	\N	\N	89cbb191-d648-477b-80b2-087104444ac7	\N	\N
de9d54f6-3be7-43e7-8d10-1f45b35fd3e9	t	\N	2024-05-21 15:16:53.515426+08	\N	2024-05-21 15:16:53.515426+08	巩宪龙	ls17280	\N	\N	\N	89cbb191-d648-477b-80b2-087104444ac7	\N	\N
652421e1-c841-4773-9e17-7b3e86c91c63	t	\N	2024-05-21 15:16:53.517418+08	\N	2024-05-21 15:16:53.517418+08	孙雪峰	ls17205	\N	\N	\N	89cbb191-d648-477b-80b2-087104444ac7	\N	\N
a554c64b-5a7c-4dce-9209-7610140d9577	t	\N	2024-05-21 15:16:53.518421+08	\N	2024-05-21 15:16:53.518421+08	王晓朋	ls1507	\N	\N	\N	89cbb191-d648-477b-80b2-087104444ac7	\N	\N
b195c068-755a-49de-9572-a687738f2445	t	\N	2024-05-21 15:16:53.520374+08	\N	2024-05-21 15:16:53.520374+08	刘春	ls17436	\N	\N	\N	89cbb191-d648-477b-80b2-087104444ac7	\N	\N
537b933e-8802-49e6-b9b7-1ce8b42abb80	t	\N	2024-05-21 15:16:53.521374+08	\N	2024-05-21 15:16:53.521374+08	路继成	ls17107	\N	\N	\N	89cbb191-d648-477b-80b2-087104444ac7	\N	\N
cad3bc34-f8dc-44a5-b146-f268be1e1205	t	\N	2024-05-21 15:16:53.523369+08	\N	2024-05-21 15:16:53.523369+08	胡全浩	ls17469	\N	\N	\N	89cbb191-d648-477b-80b2-087104444ac7	\N	\N
df0cfc97-44b9-4892-b0c3-05396643e3a5	t	\N	2024-05-21 15:16:53.524364+08	\N	2024-05-21 15:16:53.524364+08	王少堂	ls17120	\N	\N	\N	b0987c78-7086-4760-b1df-56884280e7b2	\N	\N
dfcaf4ee-17bf-4188-8c1a-4a4594ed22ce	t	\N	2024-05-21 15:16:53.526361+08	\N	2024-05-21 15:16:53.526361+08	王鹏	ls17242	\N	\N	\N	89cbb191-d648-477b-80b2-087104444ac7	\N	\N
cebaaa8a-8dcb-4038-aa9b-a979d88f917d	t	\N	2024-05-21 15:16:53.527359+08	\N	2024-05-21 15:16:53.527359+08	姜晓顺	ls17690	\N	\N	\N	97046c45-19e1-48f5-abee-17e7818c18be	\N	\N
cc3c170a-fcae-4891-868b-d2e72964aec0	t	\N	2024-05-21 15:16:53.530351+08	\N	2024-05-21 15:16:53.530351+08	朱成磊	ls17903	\N	\N	\N	8732c841-718e-4f87-b6ed-585bcaee660f	\N	\N
eeafd232-03c0-440e-a18f-1bb011313150	t	\N	2024-05-21 15:16:53.532345+08	\N	2024-05-21 15:16:53.532345+08	谭晓龙	ls17892	\N	\N	\N	8732c841-718e-4f87-b6ed-585bcaee660f	\N	\N
f6b6c562-80ce-4a59-a760-80b2e3550a42	t	\N	2024-05-21 15:16:53.53334+08	\N	2024-05-21 15:16:53.53334+08	薛成海	ls17583	\N	\N	\N	95f18671-caa0-47c9-8706-3cd93d99b795	\N	\N
ba74ed0c-d152-478e-a60a-23e4c8cd03dd	t	\N	2024-05-21 15:16:53.53537+08	\N	2024-05-21 15:16:53.53537+08	巴美虎	ls17816	\N	\N	\N	36ca85db-55bd-4df3-b1c4-9ea961160a37	\N	\N
6e51f67c-0751-4172-9c90-dcc6a51c0357	t	\N	2024-05-21 15:16:53.536369+08	\N	2024-05-21 15:16:53.536369+08	李英杰	ls17825	\N	\N	\N	89cbb191-d648-477b-80b2-087104444ac7	\N	\N
7f58c05b-18d7-40ef-b8d7-c43ad972f9e1	t	\N	2024-05-21 15:16:53.538327+08	\N	2024-05-21 15:16:53.538327+08	李英浩	ls17748	\N	\N	\N	97046c45-19e1-48f5-abee-17e7818c18be	\N	\N
02a258a7-be8a-4f85-8eae-4641dcc541df	t	\N	2024-05-21 15:16:53.539324+08	\N	2024-05-21 15:16:53.539324+08	吕广辉	ls17920	\N	\N	\N	8732c841-718e-4f87-b6ed-585bcaee660f	\N	\N
ea959a7f-0313-4cf9-ab68-655283ea0778	t	\N	2024-05-21 15:16:53.540325+08	\N	2024-05-21 15:16:53.540325+08	王庆雪	ls17882	\N	\N	\N	8732c841-718e-4f87-b6ed-585bcaee660f	\N	\N
bd651d3d-7cb6-4e0b-98d8-82bc51905dd5	t	\N	2024-05-21 15:16:53.542316+08	\N	2024-05-21 15:16:53.542316+08	潘乐生	ls17460	\N	\N	\N	89cbb191-d648-477b-80b2-087104444ac7	\N	\N
9140db1a-c911-4495-8276-a993c3741468	t	\N	2024-05-21 15:16:53.543314+08	\N	2024-05-21 15:16:53.543314+08	宋中明	ls17344	\N	\N	\N	36ca85db-55bd-4df3-b1c4-9ea961160a37	\N	\N
120bdaf7-224b-4603-86b8-91b36727a1bb	t	\N	2024-05-21 15:16:53.546313+08	\N	2024-05-21 15:16:53.546313+08	展冬冬	ls17921	\N	\N	\N	60788ebe-4094-488c-860c-9ee459e7930b	\N	\N
15e8e01d-e8fd-4ef1-8b0b-dd208507e7ce	t	\N	2024-05-21 15:16:53.549298+08	\N	2024-05-21 15:16:53.549298+08	吕骥	ls17913	\N	\N	\N	89cbb191-d648-477b-80b2-087104444ac7	\N	\N
3b2bd2c6-5fca-4977-b11e-15e3d81f8546	t	\N	2024-05-21 15:16:53.550295+08	\N	2024-05-21 15:16:53.550295+08	李永贵	ls17154	\N	\N	\N	89cbb191-d648-477b-80b2-087104444ac7	\N	\N
3ce76259-3130-4137-97e8-1b5262663cb0	t	\N	2024-05-21 15:16:53.55229+08	\N	2024-05-21 15:16:53.55229+08	孙喜来	ls17505	\N	\N	\N	36ca85db-55bd-4df3-b1c4-9ea961160a37	\N	\N
05929573-0dc6-4359-840d-00a68f1cf468	t	\N	2024-05-21 15:16:53.553328+08	\N	2024-05-21 15:16:53.553328+08	阮刚	ls17463	\N	\N	\N	95f18671-caa0-47c9-8706-3cd93d99b795	\N	\N
2b2663b6-871e-47f9-9e84-cb0c4258a72e	t	\N	2024-05-21 15:16:53.555282+08	\N	2024-05-21 15:16:53.555282+08	包峰	ls17482	\N	\N	\N	95f18671-caa0-47c9-8706-3cd93d99b795	\N	\N
3b1d136b-2cc5-4808-a661-87099bd485d2	t	\N	2024-05-21 15:16:53.556279+08	\N	2024-05-21 15:16:53.556279+08	李龙臣	ls17598	\N	\N	\N	95f18671-caa0-47c9-8706-3cd93d99b795	\N	\N
9cf9110e-9535-4aba-809c-5a0e78650842	t	\N	2024-05-21 15:16:53.558274+08	\N	2024-05-21 15:16:53.558274+08	常千成	ls17575	\N	\N	\N	95f18671-caa0-47c9-8706-3cd93d99b795	\N	\N
85eedb2a-10ee-4339-918b-7d5ed37a08dd	t	\N	2024-05-21 15:16:53.559272+08	\N	2024-05-21 15:16:53.559272+08	李殿东	ls17508	\N	\N	\N	36ca85db-55bd-4df3-b1c4-9ea961160a37	\N	\N
315e65f4-35ce-427c-af19-bd81e1256c7d	t	\N	2024-05-21 15:16:53.561266+08	\N	2024-05-21 15:16:53.561266+08	陈晓升	ls17597	\N	\N	\N	95f18671-caa0-47c9-8706-3cd93d99b795	\N	\N
895106ff-023d-426d-9b06-4d50175150a8	t	\N	2024-05-21 15:16:53.564259+08	\N	2024-05-21 15:16:53.564259+08	谢忠贵	ls17286	\N	\N	\N	95f18671-caa0-47c9-8706-3cd93d99b795	\N	\N
d128f94b-9359-4452-975f-c9bb8a6d51ef	t	\N	2024-05-21 15:16:53.565255+08	\N	2024-05-21 15:16:53.565255+08	史锡昭	ls17144	\N	\N	\N	36ca85db-55bd-4df3-b1c4-9ea961160a37	\N	\N
c3869b50-7598-470d-aad7-db30fcfa9787	t	\N	2024-05-21 15:16:53.567253+08	\N	2024-05-21 15:16:53.567253+08	李书鹏	ls0338	\N	\N	\N	89cbb191-d648-477b-80b2-087104444ac7	\N	\N
4b11c2d1-290d-42c6-ac74-a065e9f42608	t	\N	2024-05-21 15:16:53.569247+08	\N	2024-05-21 15:16:53.569247+08	孙灵娟	ls17315	\N	\N	\N	89cbb191-d648-477b-80b2-087104444ac7	\N	\N
db671f65-5388-4f26-9fbe-1b58949ed06d	t	\N	2024-05-21 15:16:53.570242+08	\N	2024-05-21 15:16:53.570242+08	肖春雨	ls17636	\N	\N	\N	36ca85db-55bd-4df3-b1c4-9ea961160a37	\N	\N
469e6acd-ce2c-42ea-906b-14a4679bd186	t	\N	2024-05-21 15:16:53.572237+08	\N	2024-05-21 15:16:53.572237+08	姜绍华	ls17916	\N	\N	\N	8732c841-718e-4f87-b6ed-585bcaee660f	\N	\N
0f904caa-a2d6-4738-b9d9-8efc46c44395	t	\N	2024-05-21 15:16:53.574234+08	\N	2024-05-21 15:16:53.574234+08	张誉舰	ls17923	\N	\N	\N	8732c841-718e-4f87-b6ed-585bcaee660f	\N	\N
d877969c-4011-49dd-9130-55bcc49f6a75	t	\N	2024-05-21 15:16:53.575231+08	\N	2024-05-21 15:16:53.575231+08	鹿成利	ls17891	\N	\N	\N	8732c841-718e-4f87-b6ed-585bcaee660f	\N	\N
b9f2c209-4a8c-4e5e-af6d-e0984261e258	t	\N	2024-05-21 15:16:53.577224+08	\N	2024-05-21 15:16:53.577224+08	付万清	ls17818	\N	\N	\N	95f18671-caa0-47c9-8706-3cd93d99b795	\N	\N
85bd9763-5619-4c4c-9f60-825afd19ddb6	t	\N	2024-05-21 15:16:53.579222+08	\N	2024-05-21 15:16:53.579222+08	孙全刚	ls17780	\N	\N	\N	95f18671-caa0-47c9-8706-3cd93d99b795	\N	\N
8a9d725c-17df-4100-b9cd-e568ad005a3d	t	\N	2024-05-21 15:16:53.581214+08	\N	2024-05-21 15:16:53.581214+08	林绍霞	ls17475	\N	\N	\N	89cbb191-d648-477b-80b2-087104444ac7	\N	\N
ab0a3198-e52e-4fa7-8f66-e63ac696987d	t	\N	2024-05-21 15:16:53.582213+08	\N	2024-05-21 15:16:53.582213+08	段升高	ls17736	\N	\N	\N	71864559-0bf3-4dc1-91d8-4f3a2b8f2045	\N	\N
96e29a45-b06d-4a02-ada2-49e542c09794	t	\N	2024-05-21 15:16:53.584242+08	\N	2024-05-21 15:16:53.584242+08	于洋	ls17673	\N	\N	\N	89cbb191-d648-477b-80b2-087104444ac7	\N	\N
c1aab964-8904-4b1d-b71f-5f641d4bef7e	t	\N	2024-05-21 15:16:53.585239+08	\N	2024-05-21 15:16:53.585239+08	马荣志	ls17896	\N	\N	\N	b0987c78-7086-4760-b1df-56884280e7b2	\N	\N
b27fbe1f-de2e-4686-b1a7-0f20e697267d	t	\N	2024-05-21 15:16:53.587234+08	\N	2024-05-21 15:16:53.587234+08	孙凌云	ls17455	\N	\N	\N	95f18671-caa0-47c9-8706-3cd93d99b795	\N	\N
5899ce1d-a93f-419b-8efe-15b849daccc9	t	\N	2024-05-21 15:16:53.588235+08	\N	2024-05-21 15:16:53.588235+08	林国平	ls17901	\N	\N	\N	3b755267-2e62-42af-a96e-4c3f3b0631ce	\N	\N
4aaa8ccb-9ba1-4901-a5b7-c7a63bf8934b	t	\N	2024-05-21 15:16:53.59019+08	\N	2024-05-21 15:16:53.59019+08	刘成顺	ls17928	\N	\N	\N	8732c841-718e-4f87-b6ed-585bcaee660f	\N	\N
9972863a-3a60-4ee0-b130-1294839a7f32	t	\N	2024-05-21 15:16:53.592187+08	\N	2024-05-21 15:16:53.592187+08	林洪江	ls17335	\N	\N	\N	89cbb191-d648-477b-80b2-087104444ac7	\N	\N
59b1acb1-f365-4d05-a289-930409c37c58	t	\N	2024-05-21 15:16:53.593182+08	\N	2024-05-21 15:16:53.593182+08	王志强	ls17788	\N	\N	\N	89cbb191-d648-477b-80b2-087104444ac7	\N	\N
86fd5709-4ff4-4fe0-a80a-72a8c4ba008a	t	\N	2024-05-21 15:16:53.595177+08	\N	2024-05-21 15:16:53.595177+08	史本武	ls17224	\N	\N	\N	89cbb191-d648-477b-80b2-087104444ac7	\N	\N
ba45c066-3094-47f2-9fc7-9be2c961533a	t	\N	2024-05-21 15:16:53.598171+08	\N	2024-05-21 15:16:53.598171+08	徐永斌	ls17605	\N	\N	\N	71864559-0bf3-4dc1-91d8-4f3a2b8f2045	\N	\N
0afe5415-1266-47c4-946b-913fb9f17a49	t	\N	2024-05-21 15:16:53.599167+08	\N	2024-05-21 15:16:53.599167+08	于永鹏	ls18000	\N	\N	\N	89cbb191-d648-477b-80b2-087104444ac7	\N	\N
227d2cb9-7b3f-4a16-be64-9a5537b38384	t	\N	2024-05-21 15:16:53.601161+08	\N	2024-05-21 15:16:53.601161+08	唐功文	ls17515	\N	\N	\N	89cbb191-d648-477b-80b2-087104444ac7	\N	\N
267f4832-7068-4401-82a2-1ba7b9f650d8	t	\N	2024-05-21 15:16:53.602158+08	\N	2024-05-21 15:16:53.602158+08	张媛	ls0668	\N	\N	\N	89cbb191-d648-477b-80b2-087104444ac7	\N	\N
b60c836a-9bb9-467f-ad6b-3165ca13536e	t	\N	2024-05-21 15:16:53.604155+08	\N	2024-05-21 15:16:53.604155+08	滕学伍	ls1751	\N	\N	\N	89cbb191-d648-477b-80b2-087104444ac7	\N	\N
0b271189-6ed4-4a5e-8ea1-cd66eee80361	t	\N	2024-05-21 15:16:53.60515+08	\N	2024-05-21 15:16:53.60515+08	王建军	ls17177	\N	\N	\N	89cbb191-d648-477b-80b2-087104444ac7	\N	\N
913dbbb9-5cbf-4547-86fa-05782028e7c7	t	\N	2024-05-21 15:16:53.607145+08	\N	2024-05-21 15:16:53.607145+08	王京朋	ls17171	\N	\N	\N	c9a78a4f-b5d7-4465-8096-92ea467bc134	\N	\N
af6620d6-700d-4f08-be4d-749d30a1f61c	t	\N	2024-05-21 15:16:53.608145+08	\N	2024-05-21 15:16:53.608145+08	张效民	ls17474	\N	\N	\N	95f18671-caa0-47c9-8706-3cd93d99b795	\N	\N
cd15c121-876a-44e6-b4a3-0df38f2428d7	t	\N	2024-05-21 15:16:53.610137+08	\N	2024-05-21 15:16:53.610137+08	赵玉峰	ls17948	\N	\N	\N	c9a78a4f-b5d7-4465-8096-92ea467bc134	\N	\N
24969c33-67db-4475-8cf8-0cb81a8c6cba	t	\N	2024-05-21 15:16:53.61313+08	\N	2024-05-21 15:16:53.61313+08	段雪光	ls17247	\N	\N	\N	89cbb191-d648-477b-80b2-087104444ac7	\N	\N
4db60100-11cc-4eaa-b14d-1561380063e6	t	\N	2024-05-21 15:16:53.615124+08	\N	2024-05-21 15:16:53.615124+08	郗洪涛	ls17392	\N	\N	\N	3b755267-2e62-42af-a96e-4c3f3b0631ce	\N	\N
4b187b4e-d6e7-425a-9e53-ce3890d0a542	t	\N	2024-05-21 15:16:53.61712+08	\N	2024-05-21 15:16:53.61712+08	柳许东	ls17517	\N	\N	\N	89cbb191-d648-477b-80b2-087104444ac7	\N	\N
fb7b1790-1cd2-4128-bd63-a696876d7944	t	\N	2024-05-21 15:16:53.619113+08	\N	2024-05-21 15:16:53.619113+08	柳晓东	ls17459	\N	\N	\N	89cbb191-d648-477b-80b2-087104444ac7	\N	\N
cc42ceb9-5461-4b5b-a38d-5e4a515a1dcb	t	\N	2024-05-21 15:16:53.62011+08	\N	2024-05-21 15:16:53.62011+08	林雨	ls1772	\N	\N	\N	89cbb191-d648-477b-80b2-087104444ac7	\N	\N
c3668caf-22b3-47a2-a066-7404c7442832	t	\N	2024-05-21 15:16:53.622105+08	\N	2024-05-21 15:16:53.622105+08	徐慧芳	ls0613	\N	\N	\N	89cbb191-d648-477b-80b2-087104444ac7	\N	\N
7226377d-cd4d-42a0-8a20-a7a4ae3bc6ab	t	\N	2024-05-21 15:16:53.624101+08	\N	2024-05-21 15:16:53.624101+08	林竹青	ls17519	\N	\N	\N	60788ebe-4094-488c-860c-9ee459e7930b	\N	\N
609e9b9b-a993-48fd-a770-87fe5b6520ab	t	\N	2024-05-21 15:16:53.625097+08	\N	2024-05-21 15:16:53.625097+08	李放	ls17190	\N	\N	\N	95f18671-caa0-47c9-8706-3cd93d99b795	\N	\N
855e9c77-a6f7-4313-a3bd-2c08ccc027e7	t	\N	2024-05-21 15:16:53.626095+08	\N	2024-05-21 15:16:53.626095+08	张豪天	ls17115	\N	\N	\N	36ca85db-55bd-4df3-b1c4-9ea961160a37	\N	\N
dd8804c1-2b6b-429f-9df8-d03842760bc6	t	\N	2024-05-21 15:16:53.628091+08	\N	2024-05-21 15:16:53.628091+08	许向东	ls17193	\N	\N	\N	36ca85db-55bd-4df3-b1c4-9ea961160a37	\N	\N
72cec70e-ddaf-46a0-8146-6f13aa9e0123	t	\N	2024-05-21 15:16:53.631086+08	\N	2024-05-21 15:16:53.631086+08	李基江	ls17992	\N	\N	\N	89cbb191-d648-477b-80b2-087104444ac7	\N	\N
14af7009-1f28-44c3-9641-d647ba2cec2b	t	\N	2024-05-21 15:16:53.633077+08	\N	2024-05-21 15:16:53.633077+08	高树臣	ls17549	\N	\N	\N	95f18671-caa0-47c9-8706-3cd93d99b795	\N	\N
226d437c-faa5-4223-a9d6-1e303875f778	t	\N	2024-05-21 15:16:53.634074+08	\N	2024-05-21 15:16:53.634074+08	贾洪敏	ls17687	\N	\N	\N	95f18671-caa0-47c9-8706-3cd93d99b795	\N	\N
fab2e081-c130-417c-b44f-20e61ec49ea9	t	\N	2024-05-21 15:16:53.636067+08	\N	2024-05-21 15:16:53.636067+08	邹德宝	ls17695	\N	\N	\N	b0987c78-7086-4760-b1df-56884280e7b2	\N	\N
9328363a-6bb1-47da-abbb-7df461c59f3d	t	\N	2024-05-21 15:16:53.638063+08	\N	2024-05-21 15:16:53.638063+08	王建明	ls17938	\N	\N	\N	95f18671-caa0-47c9-8706-3cd93d99b795	\N	\N
92e5bebb-317c-4985-823c-e7058f25d98e	t	\N	2024-05-21 15:16:53.640057+08	\N	2024-05-21 15:16:53.640057+08	郗忠传	ls17198	\N	\N	\N	95f18671-caa0-47c9-8706-3cd93d99b795	\N	\N
320d54cd-aa76-4513-ab33-8d7fcbe1bba7	t	\N	2024-05-21 15:16:53.642052+08	\N	2024-05-21 15:16:53.642052+08	贺梦凡	ls17249	\N	\N	\N	89cbb191-d648-477b-80b2-087104444ac7	\N	\N
6e4060e6-35a4-40c9-83e9-1034014dd8ca	t	\N	2024-05-21 15:16:53.644047+08	\N	2024-05-21 15:16:53.644047+08	陈尧忠	ls17776	\N	\N	\N	89cbb191-d648-477b-80b2-087104444ac7	\N	\N
fd61e124-4f3b-46d9-b179-1659b9bcb5c9	t	\N	2024-05-21 15:16:53.646045+08	\N	2024-05-21 15:16:53.646045+08	童跃旺	ls1748	\N	\N	\N	0614f101-93ec-4b7f-9162-2b2aea398891	\N	\N
d9bf322e-0762-4083-9fd8-b330719a5a36	t	\N	2024-05-21 15:16:53.649034+08	\N	2024-05-21 15:16:53.649034+08	刘立	ls17918	\N	\N	\N	36ca85db-55bd-4df3-b1c4-9ea961160a37	\N	\N
94c38794-9d3f-4f0c-aa47-00c887a02c35	t	\N	2024-05-21 15:16:53.650031+08	\N	2024-05-21 15:16:53.650031+08	陈晶	ls17595	\N	\N	\N	95f18671-caa0-47c9-8706-3cd93d99b795	\N	\N
7b1604a9-70ea-4a77-bd4f-cbb19d5408d1	t	\N	2024-05-21 15:16:53.652026+08	\N	2024-05-21 15:16:53.652026+08	成鑫	ls17429	\N	\N	\N	36ca85db-55bd-4df3-b1c4-9ea961160a37	\N	\N
2438d784-08b9-4ba3-ba08-2162d28d1acc	t	\N	2024-05-21 15:16:53.65402+08	\N	2024-05-21 15:16:53.65402+08	乔立斌	ls17367	\N	\N	\N	95f18671-caa0-47c9-8706-3cd93d99b795	\N	\N
d2bc14df-2fc8-41c5-987c-1e97edaf9381	t	\N	2024-05-21 15:16:53.656016+08	\N	2024-05-21 15:16:53.656016+08	赵忠满	ls1795	\N	\N	\N	89cbb191-d648-477b-80b2-087104444ac7	\N	\N
61991d4f-0074-4813-a634-057f6df2d6fb	t	\N	2024-05-21 15:16:53.65801+08	\N	2024-05-21 15:16:53.65801+08	焦延智	ls17670	\N	\N	\N	b0987c78-7086-4760-b1df-56884280e7b2	\N	\N
13e32512-0731-44ab-95a2-f61b46082d9f	t	\N	2024-05-21 15:16:53.659007+08	\N	2024-05-21 15:16:53.659007+08	齐进岗	ls17118	\N	\N	\N	bc8424a1-1ada-4897-91e1-66f044e90df2	\N	\N
6597db18-039c-4857-8f28-c162b3395c98	t	\N	2024-05-21 15:16:53.661002+08	\N	2024-05-21 15:16:53.661002+08	王永康	ls17719	\N	\N	\N	3b755267-2e62-42af-a96e-4c3f3b0631ce	\N	\N
1bd5b06e-ae09-4c6f-a234-22014ff3f700	t	\N	2024-05-21 15:16:53.664993+08	\N	2024-05-21 15:16:53.664993+08	王军磊	ls1793	\N	\N	\N	89cbb191-d648-477b-80b2-087104444ac7	\N	\N
52be0d3b-f231-428e-b972-7516b1eacc32	t	\N	2024-05-21 15:16:53.666987+08	\N	2024-05-21 15:16:53.666987+08	王希波	ls17187	\N	\N	\N	89cbb191-d648-477b-80b2-087104444ac7	\N	\N
99ae7c70-6aea-4052-84fe-d74524272ad9	t	\N	2024-05-21 15:16:53.668982+08	\N	2024-05-21 15:16:53.668982+08	任磊	ls17922	\N	\N	\N	95f18671-caa0-47c9-8706-3cd93d99b795	\N	\N
89a9a771-f745-44ff-bcd3-27b4b97d70da	t	\N	2024-05-21 15:16:53.670977+08	\N	2024-05-21 15:16:53.670977+08	晏辉	ls17295	\N	\N	\N	95f18671-caa0-47c9-8706-3cd93d99b795	\N	\N
ce72de65-69cb-4256-9900-30f8fd878e0c	t	\N	2024-05-21 15:16:53.671973+08	\N	2024-05-21 15:16:53.671973+08	乔振刚	ls17164	\N	\N	\N	89cbb191-d648-477b-80b2-087104444ac7	\N	\N
1ff5bf16-6570-44b6-8838-2a517403ea9c	t	\N	2024-05-21 15:16:53.673969+08	\N	2024-05-21 15:16:53.673969+08	邹鸿林	ls1711	\N	\N	\N	89cbb191-d648-477b-80b2-087104444ac7	\N	\N
269e86a6-a4c9-494c-a8b3-7d8525b80819	t	\N	2024-05-21 15:16:53.675965+08	\N	2024-05-21 15:16:53.675965+08	何越	ls17112	\N	\N	\N	36ca85db-55bd-4df3-b1c4-9ea961160a37	\N	\N
38a0f33e-cbe9-471e-9c00-db52c0b9e7ed	t	\N	2024-05-21 15:16:53.678958+08	\N	2024-05-21 15:16:53.678958+08	宋东阳	ls17122	\N	\N	\N	95f18671-caa0-47c9-8706-3cd93d99b795	\N	\N
63a34064-869e-44d0-a3c8-24546e0bbfec	t	\N	2024-05-21 15:16:53.681947+08	\N	2024-05-21 15:16:53.681947+08	高守义	ls17563	\N	\N	\N	89cbb191-d648-477b-80b2-087104444ac7	\N	\N
cdffa390-fab4-487e-ae40-1acf67415c06	t	\N	2024-05-21 15:16:53.683943+08	\N	2024-05-21 15:16:53.683943+08	王广	ls17770	\N	\N	\N	95f18671-caa0-47c9-8706-3cd93d99b795	\N	\N
f21fe045-1ea5-4ceb-baf2-9adcba01c405	t	\N	2024-05-21 15:16:53.685938+08	\N	2024-05-21 15:16:53.685938+08	包德波	ls17906	\N	\N	\N	8732c841-718e-4f87-b6ed-585bcaee660f	\N	\N
3e1d5049-e873-461b-a612-8a570dd49c53	t	\N	2024-05-21 15:16:53.687931+08	\N	2024-05-21 15:16:53.687931+08	乔华丽	ls17862	\N	\N	\N	8732c841-718e-4f87-b6ed-585bcaee660f	\N	\N
8aecb0f4-fd0a-4154-acf7-71bdc1433f81	t	\N	2024-05-21 15:16:53.688928+08	\N	2024-05-21 15:16:53.688928+08	刘春旭	ls17879	\N	\N	\N	8732c841-718e-4f87-b6ed-585bcaee660f	\N	\N
89fe90eb-a1d2-4143-a55c-136ef1fe2067	t	\N	2024-05-21 15:16:53.690923+08	\N	2024-05-21 15:16:53.690923+08	梁笑华	ls1784	\N	\N	\N	3b755267-2e62-42af-a96e-4c3f3b0631ce	\N	\N
233346ba-b249-4066-b2bd-56eeabfc94df	t	\N	2024-05-21 15:16:53.692918+08	\N	2024-05-21 15:16:53.692918+08	蔡元	ls17751	\N	\N	\N	89cbb191-d648-477b-80b2-087104444ac7	\N	\N
c4b657f5-4844-4762-b054-748ba1f9087a	t	\N	2024-05-21 15:16:53.693915+08	\N	2024-05-21 15:16:53.693915+08	徐晓强	9000031201	\N	\N	\N	ba3efeb2-a7dc-463d-a4b4-eafb8807f131	\N	\N
5f396d47-7556-42b7-b8e1-3f964e236634	t	\N	2024-05-21 15:16:53.695914+08	\N	2024-05-21 15:16:53.695914+08	杨坤晓	ls17544	\N	\N	\N	0a5c5026-c176-4dbc-afd4-0b7dae906fa5	\N	\N
aefbca87-f786-4dff-8747-5b3e7a85cdd5	t	\N	2024-05-21 15:16:53.698902+08	\N	2024-05-21 15:16:53.698902+08	刘永军	ls17874	\N	\N	\N	95f18671-caa0-47c9-8706-3cd93d99b795	\N	\N
64d0d640-586c-449a-bd0f-d6c03fd36a53	t	\N	2024-05-21 15:16:53.699899+08	\N	2024-05-21 15:16:53.699899+08	王昌印	ls17371	\N	\N	\N	36ca85db-55bd-4df3-b1c4-9ea961160a37	\N	\N
1c47ea34-4361-4048-be59-4bed5c1070ab	t	\N	2024-05-21 15:16:53.701893+08	\N	2024-05-21 15:16:53.701893+08	肖家强	ls17294	\N	\N	\N	89cbb191-d648-477b-80b2-087104444ac7	\N	\N
0b240444-7f99-4d9d-81d8-4f19aa2622a0	t	\N	2024-05-21 15:16:53.70389+08	\N	2024-05-21 15:16:53.70389+08	贺晓航	ls1738	\N	\N	\N	89cbb191-d648-477b-80b2-087104444ac7	\N	\N
d89f2644-69c2-41b4-a412-1a84d2e4dedf	t	\N	2024-05-21 15:16:53.704886+08	\N	2024-05-21 15:16:53.704886+08	刘殿德	ls17883	\N	\N	\N	95f18671-caa0-47c9-8706-3cd93d99b795	\N	\N
3cad9c91-1d13-4fe6-b9ba-084b382c99e7	t	\N	2024-05-21 15:16:53.705883+08	\N	2024-05-21 15:16:53.705883+08	孙青华	ls17749	\N	\N	\N	89cbb191-d648-477b-80b2-087104444ac7	\N	\N
4ab9f52e-adf4-4570-8cb1-3d840d1ee85e	t	\N	2024-05-21 15:16:53.70688+08	\N	2024-05-21 15:16:53.70688+08	孙斌	ls17289	\N	\N	\N	0a5c5026-c176-4dbc-afd4-0b7dae906fa5	\N	\N
c71f2488-8027-47ee-8542-c1852b9e4eee	t	\N	2024-05-21 15:16:53.708875+08	\N	2024-05-21 15:16:53.708875+08	杨守利	ls17856	\N	\N	\N	8732c841-718e-4f87-b6ed-585bcaee660f	\N	\N
e18250ac-6271-468e-9be2-ca67a8e7cc85	t	\N	2024-05-21 15:16:53.709872+08	\N	2024-05-21 15:16:53.709872+08	李晓良	ls17858	\N	\N	\N	8732c841-718e-4f87-b6ed-585bcaee660f	\N	\N
d9b32466-6f61-4153-a833-816fd99b7880	t	\N	2024-05-21 15:16:53.710869+08	\N	2024-05-21 15:16:53.710869+08	曲学然	ls17553	\N	\N	\N	95f18671-caa0-47c9-8706-3cd93d99b795	\N	\N
14d3a8b4-49f5-4042-9796-4f81d44cacd1	t	\N	2024-05-21 15:16:53.712866+08	\N	2024-05-21 15:16:53.712866+08	刘帅	ls17291	\N	\N	\N	95f18671-caa0-47c9-8706-3cd93d99b795	\N	\N
29141a1b-6c46-4520-a596-84745bc6c6f8	t	\N	2024-05-21 15:16:53.714859+08	\N	2024-05-21 15:16:53.714859+08	马风代	ls17146	\N	\N	\N	36ca85db-55bd-4df3-b1c4-9ea961160a37	\N	\N
1bf56e05-fb6c-43a6-9757-0b75ea7771b3	t	\N	2024-05-21 15:16:53.715857+08	\N	2024-05-21 15:16:53.715857+08	薄永华	ls17152	\N	\N	\N	36ca85db-55bd-4df3-b1c4-9ea961160a37	\N	\N
a7446d7e-dfb7-49af-baf9-844d1bdb76ed	t	\N	2024-05-21 15:16:53.716854+08	\N	2024-05-21 15:16:53.716854+08	任邦友	ls1730	\N	\N	\N	36ca85db-55bd-4df3-b1c4-9ea961160a37	\N	\N
23ede8a6-ca32-4fe7-82f0-eada29246d90	t	\N	2024-05-21 15:16:53.71885+08	\N	2024-05-21 15:16:53.71885+08	商思亮	ls1733	\N	\N	\N	95f18671-caa0-47c9-8706-3cd93d99b795	\N	\N
b467cd11-a40b-4b6b-b107-a72bf1511536	t	\N	2024-05-21 15:16:53.720844+08	\N	2024-05-21 15:16:53.720844+08	曲宏智	ls1736	\N	\N	\N	95f18671-caa0-47c9-8706-3cd93d99b795	\N	\N
595359f5-901d-483b-8347-98f254824465	t	\N	2024-05-21 15:16:53.72184+08	\N	2024-05-21 15:16:53.72184+08	刘晓东	ls17585	\N	\N	\N	89cbb191-d648-477b-80b2-087104444ac7	\N	\N
0a38937a-4ef7-4a41-921d-5db8dd52e58f	t	\N	2024-05-21 15:16:53.722839+08	\N	2024-05-21 15:16:53.722839+08	胡安刚	ls17308	\N	\N	\N	ed2f74bf-3569-4b5a-b2be-03bb03626304	\N	\N
d5cef3f7-7590-48d8-a550-b877b16e8a6f	t	\N	2024-05-21 15:16:53.723837+08	\N	2024-05-21 15:16:53.723837+08	姜贞平	ls17860	\N	\N	\N	8732c841-718e-4f87-b6ed-585bcaee660f	\N	\N
4b03afb6-8eed-44db-b958-d451390d1a53	t	\N	2024-05-21 15:16:53.72583+08	\N	2024-05-21 15:16:53.72583+08	窦旌赫	ls17871	\N	\N	\N	8732c841-718e-4f87-b6ed-585bcaee660f	\N	\N
57b2bb25-7527-4e1d-8f03-a8498d6bfc3c	t	\N	2024-05-21 15:16:53.726827+08	\N	2024-05-21 15:16:53.726827+08	狄晓腾	ls17127	\N	\N	\N	0a5c5026-c176-4dbc-afd4-0b7dae906fa5	\N	\N
c16561b3-28cc-48b3-9b7e-7c32170ffe5b	t	\N	2024-05-21 15:16:53.727825+08	\N	2024-05-21 15:16:53.727825+08	徐百森	ls17520	\N	\N	\N	89cbb191-d648-477b-80b2-087104444ac7	\N	\N
e7ed2420-efe7-47a9-9c93-aa480fecc782	t	\N	2024-05-21 15:16:53.73082+08	\N	2024-05-21 15:16:53.73082+08	孙建伟	ls17863	\N	\N	\N	89cbb191-d648-477b-80b2-087104444ac7	\N	\N
ccbf70bf-3cd9-441a-9efc-112501b6bd16	t	\N	2024-05-21 15:16:53.732811+08	\N	2024-05-21 15:16:53.732811+08	王志禹	ls17895	\N	\N	\N	89cbb191-d648-477b-80b2-087104444ac7	\N	\N
ea763390-4f85-4b87-841d-370d989d6459	t	\N	2024-05-21 15:16:53.733808+08	\N	2024-05-21 15:16:53.733808+08	刘大伟	ls17694	\N	\N	\N	60788ebe-4094-488c-860c-9ee459e7930b	\N	\N
d4a26ada-5826-4934-8b16-babc1b880706	t	\N	2024-05-21 15:16:53.734806+08	\N	2024-05-21 15:16:53.734806+08	慕杰	ls17997	\N	\N	\N	97046c45-19e1-48f5-abee-17e7818c18be	\N	\N
cbeb66a5-29c6-4b98-b2ca-f02bc655b736	t	\N	2024-05-21 15:16:53.735803+08	\N	2024-05-21 15:16:53.735803+08	孙一笑	ls17713	\N	\N	\N	8732c841-718e-4f87-b6ed-585bcaee660f	\N	\N
325078d8-b8be-42e2-8c6f-57a121c4ec11	t	\N	2024-05-21 15:16:53.7368+08	\N	2024-05-21 15:16:53.7368+08	尹玉花	yuhua	\N	\N	\N	789d9b9a-a73a-4dc1-bc65-d0c39a8ec1ca	\N	\N
af7cf308-3356-4e8f-809d-94e600b2024c	t	\N	2024-05-21 15:16:53.737798+08	\N	2024-05-21 15:16:53.737798+08	崔振宁	zhenning	\N	\N	\N	6eeb4f07-7bf0-40f2-8aa5-8e911372069e	\N	\N
7c99eae6-4b86-455c-bf56-a9c35ba5eecf	t	\N	2024-05-21 15:16:53.7393+08	\N	2024-05-21 15:16:53.73931+08	刘超	ls17984	\N	\N	\N	89cbb191-d648-477b-80b2-087104444ac7	\N	\N
11a346ea-ddd1-4fe2-8a20-8d3b3cdde0ff	t	\N	2024-05-21 15:16:53.7403+08	\N	2024-05-21 15:16:53.7403+08	金淑子	shuzi	\N	\N	\N	20676c07-0365-4a24-818f-d89009fd29a0	\N	\N
bbbbb60c-8f9e-4378-97a2-967cd8b40f01	t	\N	2024-05-21 15:16:53.741298+08	\N	2024-05-21 15:16:53.741298+08	赵志军	ls17775	\N	\N	\N	89cbb191-d648-477b-80b2-087104444ac7	\N	\N
4807fa7a-5be3-49ab-bfb2-d664a6ef206a	t	\N	2024-05-21 15:16:53.742295+08	\N	2024-05-21 15:16:53.742295+08	房东旭	ls18008	\N	\N	\N	bc8424a1-1ada-4897-91e1-66f044e90df2	\N	\N
63a4819c-c0cf-4859-9bf2-aee90938488c	t	\N	2024-05-21 15:16:53.74429+08	\N	2024-05-21 15:16:53.74429+08	郭林	ls18009	\N	\N	\N	a55b5b3b-b79b-46f7-8e36-51ba14c904c6	\N	\N
5f2cbb25-d5ab-407e-840d-f31f84930119	t	\N	2024-05-21 15:16:53.746291+08	\N	2024-05-21 15:16:53.746291+08	韩春语	ls18010	\N	\N	\N	60788ebe-4094-488c-860c-9ee459e7930b	\N	\N
9d5621f3-5c32-456c-9ba9-85b3c2a3f978	t	\N	2024-05-21 15:16:53.74828+08	\N	2024-05-21 15:16:53.74828+08	韩熙正	ls18012	\N	\N	\N	b0987c78-7086-4760-b1df-56884280e7b2	\N	\N
277eabbc-5603-414c-a388-147ad360b96b	t	\N	2024-05-21 15:16:53.749278+08	\N	2024-05-21 15:16:53.749278+08	刘帆	ls18011	\N	\N	\N	0614f101-93ec-4b7f-9162-2b2aea398891	\N	\N
34945bd8-e9d5-4f10-8409-49996fb0a2e8	t	\N	2024-05-21 15:16:53.750274+08	\N	2024-05-21 15:16:53.750274+08	闫若珉	ls17953	\N	\N	\N	bc8424a1-1ada-4897-91e1-66f044e90df2	\N	\N
249294b3-f1d8-49ee-bb8f-451ea4ff4e0d	t	\N	2024-05-21 15:16:53.752269+08	\N	2024-05-21 15:16:53.752269+08	刘俊	ls18007	\N	\N	\N	3b755267-2e62-42af-a96e-4c3f3b0631ce	\N	\N
fb7df49c-1b18-4b00-93cc-42d7aea6623f	t	\N	2024-05-21 15:16:53.753266+08	\N	2024-05-21 15:16:53.753266+08	李永超	ic9554018	\N	\N	\N	cded407a-0271-41eb-bccd-80da52c26dee	\N	\N
ce10c06b-c5dc-4dd3-96bf-c872e973ec48	t	\N	2024-05-21 15:16:53.754264+08	\N	2024-05-21 15:16:53.754264+08	李振红	ls17759	\N	\N	\N	89cbb191-d648-477b-80b2-087104444ac7	\N	\N
9d311d07-8fb9-483c-815a-d8e22101fffb	t	\N	2024-05-21 15:16:53.755261+08	\N	2024-05-21 15:16:53.755261+08	管伟年	ls17866	\N	\N	\N	be176f6f-c409-4962-970a-4d3a71df161d	\N	\N
349f6314-400e-490b-bf5c-74d450fff89b	t	\N	2024-05-21 15:16:53.756258+08	\N	2024-05-21 15:16:53.756258+08	卢军政	ls17998	\N	\N	\N	2cbc7f0d-a9de-48db-85de-5962512b162b	\N	\N
61090028-9088-4e52-8b38-a84df8f4042a	t	\N	2024-05-21 15:16:53.757256+08	\N	2024-05-21 15:16:53.757256+08	刘晓臣	ls17950	\N	\N	\N	36ca85db-55bd-4df3-b1c4-9ea961160a37	\N	\N
008d1519-36a2-4ef2-93c2-83dea4b39bb9	t	\N	2024-05-21 15:16:53.758252+08	\N	2024-05-21 15:16:53.758252+08	高树林	ls17381	\N	\N	\N	95f18671-caa0-47c9-8706-3cd93d99b795	\N	\N
7fcb8659-346e-41db-b690-0a2d0169108a	t	\N	2024-05-21 15:16:53.759252+08	\N	2024-05-21 15:16:53.759252+08	司尚进	ls17830	\N	\N	\N	89cbb191-d648-477b-80b2-087104444ac7	\N	\N
a7c8dd18-a41d-4edd-a9b2-295c45303c2c	t	\N	2024-05-21 15:16:53.761246+08	\N	2024-05-21 15:16:53.761246+08	丁磊	ls17789	\N	\N	\N	89cbb191-d648-477b-80b2-087104444ac7	\N	\N
1f5f9790-bf08-47e3-b480-5253eb9bb4ae	t	\N	2024-05-21 15:16:53.76324+08	\N	2024-05-21 15:16:53.76324+08	李希光	ls17467	\N	\N	\N	bc8424a1-1ada-4897-91e1-66f044e90df2	\N	\N
928babdd-b0d7-4d18-99fc-da83138ab829	t	\N	2024-05-21 15:16:53.765234+08	\N	2024-05-21 15:16:53.765234+08	梁潇	ls17842	\N	\N	\N	ce5ac698-191c-4892-b953-ab02ed2d1d8f	\N	\N
22202785-e85d-4d51-aba8-128601ac4d6a	t	\N	2024-05-21 15:16:53.766233+08	\N	2024-05-21 15:16:53.766233+08	张浩智	ls17677	\N	\N	\N	89cbb191-d648-477b-80b2-087104444ac7	\N	\N
b08f970b-7ee2-4c73-aac6-7dad09d9f8d6	t	\N	2024-05-21 15:16:53.76723+08	\N	2024-05-21 15:16:53.76723+08	曲春政	ls17885	\N	\N	\N	89cbb191-d648-477b-80b2-087104444ac7	\N	\N
52729c7d-d488-4957-ae7c-a4f5d6acfedf	t	\N	2024-05-21 15:16:53.769224+08	\N	2024-05-21 15:16:53.769224+08	司文山	ls17867	\N	\N	\N	ce5ac698-191c-4892-b953-ab02ed2d1d8f	\N	\N
ad91ffe1-a9a6-4461-921f-2a8322f6590a	t	\N	2024-05-21 15:16:53.770221+08	\N	2024-05-21 15:16:53.770221+08	代亚兴	ls17969	\N	\N	\N	bc8424a1-1ada-4897-91e1-66f044e90df2	\N	\N
915317db-41b6-4b87-b2b1-6fc480a19c3a	t	\N	2024-05-21 15:16:53.771219+08	\N	2024-05-21 15:16:53.771219+08	王晓阳	ls17973	\N	\N	\N	aba98cf1-9cf7-4a34-acdb-08867ad74437	\N	\N
b71c8e0c-799b-4b4b-890b-cf34fd9f1539	t	\N	2024-05-21 15:16:53.772216+08	\N	2024-05-21 15:16:53.772216+08	姜赛赛	saisai	\N	\N	\N	fa7f1b30-9fa1-4876-af1a-46b50730d5fc	\N	\N
8cd9f0dc-119b-47d2-982a-42056bc8af9c	t	\N	2024-05-21 15:16:53.773213+08	\N	2024-05-21 15:16:53.773213+08	胡宝库	ls17128	\N	\N	\N	95f18671-caa0-47c9-8706-3cd93d99b795	\N	\N
509dd08a-6b7d-46ed-bb57-874ed80b7a47	t	\N	2024-05-21 15:16:53.774211+08	\N	2024-05-21 15:16:53.774211+08	衣春波	ls17303	\N	\N	\N	95f18671-caa0-47c9-8706-3cd93d99b795	\N	\N
e437cc1a-eaf2-4d8a-994e-59ba9d54fbd0	t	\N	2024-05-21 15:16:53.775208+08	\N	2024-05-21 15:16:53.775208+08	刘永涛	ls17577	\N	\N	\N	95f18671-caa0-47c9-8706-3cd93d99b795	\N	\N
be2d5ba1-061e-47aa-b5c6-5b23349a0a96	t	\N	2024-05-21 15:16:53.776204+08	\N	2024-05-21 15:16:53.776204+08	吕志建	ls17868	\N	\N	\N	8732c841-718e-4f87-b6ed-585bcaee660f	\N	\N
00a91c82-f690-4048-b9cb-971ab8eb146d	t	\N	2024-05-21 15:16:53.777202+08	\N	2024-05-21 15:16:53.777202+08	白卫金	ic1500014	\N	\N	\N	ed30575b-5f1d-4da1-9cb2-574070226561	\N	\N
d59fe6df-31f3-4bb0-9fa3-19cd520812f8	t	\N	2024-05-21 15:16:53.7782+08	\N	2024-05-21 15:16:53.7782+08	唐德臣	ls17293	\N	\N	\N	3b755267-2e62-42af-a96e-4c3f3b0631ce	\N	\N
4de32437-3ec4-418a-982f-d29817b47ad6	t	\N	2024-05-21 15:16:53.780198+08	\N	2024-05-21 15:16:53.780198+08	刘子铭	ls17970	\N	\N	\N	0614f101-93ec-4b7f-9162-2b2aea398891	\N	\N
320484d8-9322-481a-95c6-c690ee213b5c	t	\N	2024-05-21 15:16:53.782189+08	\N	2024-05-21 15:16:53.782189+08	李昕	ls17965	\N	\N	\N	3b755267-2e62-42af-a96e-4c3f3b0631ce	\N	\N
f5b3466b-560a-47f2-84fe-2f604393ec7f	t	\N	2024-05-21 15:16:53.782189+08	\N	2024-05-21 15:16:53.783186+08	曹凯	ls17979	\N	\N	\N	95f18671-caa0-47c9-8706-3cd93d99b795	\N	\N
227b3575-d5d9-43c2-acdd-406d65b2c179	t	\N	2024-05-21 15:16:53.784184+08	\N	2024-05-21 15:16:53.784184+08	丁建国	ls17941	\N	\N	\N	36ca85db-55bd-4df3-b1c4-9ea961160a37	\N	\N
425faed1-8fd7-4739-bfdf-cb871e797dd9	t	\N	2024-05-21 15:16:53.786178+08	\N	2024-05-21 15:16:53.786178+08	平超	ls17255	\N	\N	\N	3b755267-2e62-42af-a96e-4c3f3b0631ce	\N	\N
0064a08b-51ec-4972-8bb0-b2a0983e38b0	t	\N	2024-05-21 15:16:53.787175+08	\N	2024-05-21 15:16:53.787175+08	王健全	ls17202	\N	\N	\N	3b755267-2e62-42af-a96e-4c3f3b0631ce	\N	\N
e61e86bc-04f0-41bb-8eba-2e29f9c91779	t	\N	2024-05-21 15:16:53.788175+08	\N	2024-05-21 15:16:53.788175+08	谢炎宏	ls17968	\N	\N	\N	3b755267-2e62-42af-a96e-4c3f3b0631ce	\N	\N
834619a5-58d5-40bc-85d2-820fe6c9ccc4	t	\N	2024-05-21 15:16:53.789173+08	\N	2024-05-21 15:16:53.789173+08	许洪磊	ls17832	\N	\N	\N	3b755267-2e62-42af-a96e-4c3f3b0631ce	\N	\N
630f821b-2cd5-4074-85f1-de91645218d7	t	\N	2024-05-21 15:16:53.791167+08	\N	2024-05-21 15:16:53.791167+08	徐路路	ic0732312	\N	\N	\N	e27963d8-1c95-4559-82ac-d73bf57aa30a	\N	\N
3ebeb5d4-77df-4124-b307-e10f8e1b1df1	t	\N	2024-05-21 15:16:53.792162+08	\N	2024-05-21 15:16:53.792162+08	耿继伟	jiwei	\N	\N	\N	e27963d8-1c95-4559-82ac-d73bf57aa30a	\N	\N
192a96a4-b9df-4f28-a046-5179e2c24902	t	\N	2024-05-21 15:16:53.79316+08	\N	2024-05-21 15:16:53.79316+08	南艾伶	ailing	\N	\N	\N	e27963d8-1c95-4559-82ac-d73bf57aa30a	\N	\N
96bb9519-5a73-4dc3-97cb-29d364633a6c	t	\N	2024-05-21 15:16:53.794157+08	\N	2024-05-21 15:16:53.794157+08	迟永腾	ls17854	\N	\N	\N	aba98cf1-9cf7-4a34-acdb-08867ad74437	\N	\N
c49e1c69-24da-46a4-a4a0-a2b7f1026650	t	\N	2024-05-21 15:16:53.797161+08	\N	2024-05-21 15:16:53.797161+08	杨伟利	ls17967	\N	\N	\N	3b755267-2e62-42af-a96e-4c3f3b0631ce	\N	\N
b9b4d08e-248b-4a84-91f9-37912c925b02	t	\N	2024-05-21 15:16:53.799144+08	\N	2024-05-21 15:16:53.799144+08	王永全	ls17668	\N	\N	\N	60788ebe-4094-488c-860c-9ee459e7930b	\N	\N
420a8c8f-6d38-4c15-8951-7ddded8dd18c	t	\N	2024-05-21 15:16:53.800144+08	\N	2024-05-21 15:16:53.800144+08	陈继涛	ls17925	\N	\N	\N	95f18671-caa0-47c9-8706-3cd93d99b795	\N	\N
e61d2439-3d54-4fe1-b85b-aadd2e06d990	t	\N	2024-05-21 15:16:53.801141+08	\N	2024-05-21 15:16:53.801141+08	董   洋	ls17800	\N	\N	\N	0614f101-93ec-4b7f-9162-2b2aea398891	\N	\N
ec03d4b8-408a-4b22-ba3b-8fb2192e6300	t	\N	2024-05-21 15:16:53.858197+08	\N	2024-05-21 15:16:53.858197+08	黄岩	ls1758	\N	\N	\N	3b755267-2e62-42af-a96e-4c3f3b0631ce	\N	\N
e2fee908-cb1e-44a4-8c99-ebcf3d9c46bc	t	\N	2024-05-21 15:16:53.859196+08	\N	2024-05-21 15:16:53.859196+08	姜兆文	ls17779	\N	\N	\N	3b755267-2e62-42af-a96e-4c3f3b0631ce	\N	\N
807c4544-de1f-4844-bc61-ff1274c6d5f6	t	\N	2024-05-21 15:16:53.860195+08	\N	2024-05-21 15:16:53.860195+08	潘永强	ls17805	\N	\N	\N	ce5ac698-191c-4892-b953-ab02ed2d1d8f	\N	\N
c03788d9-9f5a-4bc1-8ee5-a181e6fdbeb6	t	\N	2024-05-21 15:16:53.862188+08	\N	2024-05-21 15:16:53.862188+08	孙少磊	ls17541	\N	\N	\N	60788ebe-4094-488c-860c-9ee459e7930b	\N	\N
89544de1-5d02-4dbf-b5cf-58835d21bc1f	t	\N	2024-05-21 15:16:53.86518+08	\N	2024-05-21 15:16:53.86518+08	孔志文	ls17423	\N	\N	\N	3b755267-2e62-42af-a96e-4c3f3b0631ce	\N	\N
0b35c602-5625-4b77-bd36-f470b055504f	t	\N	2024-05-21 15:16:53.866179+08	\N	2024-05-21 15:16:53.866179+08	王桂军	ls17612	\N	\N	\N	89cbb191-d648-477b-80b2-087104444ac7	\N	\N
6ff5a74e-a629-42fa-950b-4bea8d5b718d	t	\N	2024-05-21 15:16:53.867176+08	\N	2024-05-21 15:16:53.867176+08	衣彦霖	ls18034	\N	\N	\N	a55b5b3b-b79b-46f7-8e36-51ba14c904c6	\N	\N
646a5cdc-3fee-4603-90a3-5f0f5019423c	t	\N	2024-05-21 15:16:53.869169+08	\N	2024-05-21 15:16:53.869169+08	于新	ls18030	\N	\N	\N	8bad18e9-f752-4ed2-b0a8-353030b1aa6a	\N	\N
5e26e6ca-01e4-442b-9550-d3c80c51f08a	t	\N	2024-05-21 15:16:53.870166+08	\N	2024-05-21 15:16:53.870166+08	邱文鑫	ls18035	\N	\N	\N	0614f101-93ec-4b7f-9162-2b2aea398891	\N	\N
4776df6a-43bd-49fe-851d-79f8b8e91250	t	\N	2024-05-21 15:16:53.871166+08	\N	2024-05-21 15:16:53.871166+08	王朋	ls18036	\N	\N	\N	a55b5b3b-b79b-46f7-8e36-51ba14c904c6	\N	\N
62dea286-9fcc-42d1-a3e0-092272041ba0	t	\N	2024-05-21 15:16:53.87316+08	\N	2024-05-21 15:16:53.87316+08	牟秀一	ls18037	\N	\N	\N	fac5750d-72e6-4d03-978c-2e2a4fcecab9	\N	\N
dbe38baf-e9dc-446d-822e-eb4c08d4f074	t	\N	2024-05-21 15:16:53.874158+08	\N	2024-05-21 15:16:53.874158+08	刘昌	ls18039	\N	\N	\N	2cbc7f0d-a9de-48db-85de-5962512b162b	\N	\N
93e1ec7e-92c2-4045-996c-8967cd1b242c	t	\N	2024-05-21 15:16:53.875155+08	\N	2024-05-21 15:16:53.875155+08	刘志威	ls18032	\N	\N	\N	ce5ac698-191c-4892-b953-ab02ed2d1d8f	\N	\N
429af474-4edc-45bd-b6d2-2d06072bc478	t	\N	2024-05-21 15:16:53.876152+08	\N	2024-05-21 15:16:53.876152+08	孙小彭	ls18046	\N	\N	\N	0614f101-93ec-4b7f-9162-2b2aea398891	\N	\N
eec25416-7f41-4aee-a236-c3ad7204cdc6	t	\N	2024-05-21 15:16:53.878145+08	\N	2024-05-21 15:16:53.878145+08	孙海鑫	ls18042	\N	\N	\N	3b755267-2e62-42af-a96e-4c3f3b0631ce	\N	\N
dad7ff94-33e2-4264-94f0-0fc0c932a286	t	\N	2024-05-21 15:16:53.881137+08	\N	2024-05-21 15:16:53.881137+08	胡安刚	ls17619	\N	\N	\N	76f49ce8-3b08-45c5-9d98-eccc849f128a	\N	\N
ae08d0ed-21cc-4ac4-beab-136ce80b9344	t	\N	2024-05-21 15:16:53.882137+08	\N	2024-05-21 15:16:53.882137+08	王圣杰	ls18043	\N	\N	\N	fac5750d-72e6-4d03-978c-2e2a4fcecab9	\N	\N
6672a9bf-f4d7-49cf-a148-bf9174302344	t	\N	2024-05-21 15:16:53.884132+08	\N	2024-05-21 15:16:53.884132+08	吕育成	ls18047	\N	\N	\N	8bad18e9-f752-4ed2-b0a8-353030b1aa6a	\N	\N
28004387-166a-4c38-9bbf-36e33ae3bc1d	t	\N	2024-05-21 15:16:53.885128+08	\N	2024-05-21 15:16:53.885128+08	尹德天	detian	\N	\N	\N	a47ed725-d8d8-424c-a1ee-da0608328787	\N	\N
efbb411c-fcfd-4df0-b335-c9c2f868b798	t	\N	2024-05-21 15:16:53.887121+08	\N	2024-05-21 15:16:53.887121+08	鲁战忠	ls18025	\N	\N	\N	76f49ce8-3b08-45c5-9d98-eccc849f128a	\N	\N
57993d7a-71c4-4c47-b9c9-b0e8549bb457	t	\N	2024-05-21 15:16:53.888121+08	\N	2024-05-21 15:16:53.888121+08	马礼坤	ls17299	\N	\N	\N	76f49ce8-3b08-45c5-9d98-eccc849f128a	\N	\N
264abc04-e87c-4144-92d6-3a78baa46c95	t	\N	2024-05-21 15:16:53.889118+08	\N	2024-05-21 15:16:53.889118+08	李国	ls17735	\N	\N	\N	76f49ce8-3b08-45c5-9d98-eccc849f128a	\N	\N
c1634bcb-e937-44d3-9639-801f59c40cb1	t	\N	2024-05-21 15:16:53.89111+08	\N	2024-05-21 15:16:53.89111+08	李雪江	ls17322	\N	\N	\N	76f49ce8-3b08-45c5-9d98-eccc849f128a	\N	\N
418690dc-368b-4150-800f-341e7cc903e0	t	\N	2024-05-21 15:16:53.89211+08	\N	2024-05-21 15:16:53.89211+08	朱海强	ls17465	\N	\N	\N	76f49ce8-3b08-45c5-9d98-eccc849f128a	\N	\N
a98930e3-0f45-410e-bfbb-bfd62fe02fa4	t	\N	2024-05-21 15:16:53.893105+08	\N	2024-05-21 15:16:53.893105+08	郭启鹏	ls17225	\N	\N	\N	76f49ce8-3b08-45c5-9d98-eccc849f128a	\N	\N
a7b165e7-bde0-4705-b058-dd942aaded9e	t	\N	2024-05-21 15:16:53.895101+08	\N	2024-05-21 15:16:53.895101+08	徐硕	ls18051	\N	\N	\N	8bad18e9-f752-4ed2-b0a8-353030b1aa6a	\N	\N
7895b1d1-5a95-425c-9a8f-711bef2cedfb	t	\N	2024-05-21 15:16:53.897096+08	\N	2024-05-21 15:16:53.897096+08	张建鹏	ls18050	\N	\N	\N	fac5750d-72e6-4d03-978c-2e2a4fcecab9	\N	\N
1e4abc99-8fde-4cc3-b32c-ec4e67921d83	t	\N	2024-05-21 15:16:53.898093+08	\N	2024-05-21 15:16:53.898093+08	郝浩良	haoliang	\N	\N	\N	cc775e53-3b00-4d54-95ef-db019694b1ad	\N	\N
283483b9-3669-4338-a16e-c339fced5670	t	\N	2024-05-21 15:16:53.899089+08	\N	2024-05-21 15:16:53.899089+08	王金鹏	ls18064	\N	\N	\N	2cbc7f0d-a9de-48db-85de-5962512b162b	\N	\N
079d596d-cd30-4955-a4b0-c85320fe7ebc	t	\N	2024-05-21 15:16:53.901087+08	\N	2024-05-21 15:16:53.901087+08	李春新	ls18061	\N	\N	\N	3b755267-2e62-42af-a96e-4c3f3b0631ce	\N	\N
5d3763df-402b-4500-9249-ad78a435c91c	t	\N	2024-05-21 15:16:53.902081+08	\N	2024-05-21 15:16:53.902081+08	郑春宝	ls18065	\N	\N	\N	be176f6f-c409-4962-970a-4d3a71df161d	\N	\N
47c38d34-5686-49ff-aeee-4b26cd136150	t	\N	2024-05-21 15:16:53.90308+08	\N	2024-05-21 15:16:53.90308+08	孙立波	ls17754	\N	\N	\N	89cbb191-d648-477b-80b2-087104444ac7	\N	\N
2ade7f28-a170-4265-806a-596b8ac84e4c	t	\N	2024-05-21 15:16:53.904077+08	\N	2024-05-21 15:16:53.904077+08	高友良	ls18069	\N	\N	\N	3b755267-2e62-42af-a96e-4c3f3b0631ce	\N	\N
fbea79c3-173d-40a9-b09f-46ee7d2e516c	t	\N	2024-05-21 15:16:53.906071+08	\N	2024-05-21 15:16:53.906071+08	盛文惠	ls18066	\N	\N	\N	2cbc7f0d-a9de-48db-85de-5962512b162b	\N	\N
54163d08-9fcd-475e-b85d-aa1f441d02d7	t	\N	2024-05-21 15:16:53.907068+08	\N	2024-05-21 15:16:53.907068+08	田坤越	ls18067	\N	\N	\N	0614f101-93ec-4b7f-9162-2b2aea398891	\N	\N
361041f2-e733-4540-992d-4dbcdbfa880e	t	\N	2024-05-21 15:16:53.908065+08	\N	2024-05-21 15:16:53.908065+08	丁仁海	ls18078	\N	\N	\N	3b755267-2e62-42af-a96e-4c3f3b0631ce	\N	\N
c9e5244b-f921-46a2-89f3-24d25ff55b69	t	\N	2024-05-21 15:16:53.909066+08	\N	2024-05-21 15:16:53.909066+08	测试	ls17356	\N	\N	\N	8732c841-718e-4f87-b6ed-585bcaee660f	\N	\N
d525a45d-12f5-4887-8c58-3547a0e1c7cc	t	\N	2024-05-21 15:16:53.910062+08	\N	2024-05-21 15:16:53.910062+08	孙坤杰	ls18077	\N	\N	\N	a55b5b3b-b79b-46f7-8e36-51ba14c904c6	\N	\N
ce23f0e0-03d5-4be4-a930-a2b9e2ce1cca	t	\N	2024-05-21 15:16:53.912055+08	\N	2024-05-21 15:16:53.912055+08	车玉华	ls18076	\N	\N	\N	b0987c78-7086-4760-b1df-56884280e7b2	\N	\N
06e03317-bee2-40af-8058-a52787ce8fdd	t	\N	2024-05-21 15:16:53.914052+08	\N	2024-05-21 15:16:53.914052+08	测试	ic20140549	\N	\N	\N	b5d1916b-3441-4611-abb3-491cf63d9b99	\N	\N
01ca1930-22b0-4ab6-b8e8-6cbe664b570e	t	\N	2024-05-21 15:16:53.91505+08	\N	2024-05-21 15:16:53.91505+08	杨春雨	ls18074	\N	\N	\N	3b755267-2e62-42af-a96e-4c3f3b0631ce	\N	\N
989fe281-4dc1-4aff-8332-410e6f76cbcb	t	\N	2024-05-21 15:16:53.917043+08	\N	2024-05-21 15:16:53.917043+08	王义昊	ls18075	\N	\N	\N	0614f101-93ec-4b7f-9162-2b2aea398891	\N	\N
b55ab54c-30ce-4262-baab-352e3e077731	t	\N	2024-05-21 15:16:53.91804+08	\N	2024-05-21 15:16:53.91804+08	门志超	ls18033	\N	\N	\N	89cbb191-d648-477b-80b2-087104444ac7	\N	\N
0e84217e-b219-45b1-a300-10e1d9978138	t	\N	2024-05-21 15:16:53.920034+08	\N	2024-05-21 15:16:53.920034+08	慕丛林	ls18068	\N	\N	\N	89cbb191-d648-477b-80b2-087104444ac7	\N	\N
f2bb6f36-b42f-42de-af0a-ab79dc3519b9	t	\N	2024-05-21 15:16:53.921031+08	\N	2024-05-21 15:16:53.921031+08	LS17904	王祥羽	\N	\N	\N	8732c841-718e-4f87-b6ed-585bcaee660f	\N	\N
297d585c-47d0-444b-8f6b-dfa0f82c7740	t	\N	2024-05-21 15:16:53.922028+08	\N	2024-05-21 15:16:53.922028+08	LS17943	曹汝墨	\N	\N	\N	8732c841-718e-4f87-b6ed-585bcaee660f	\N	\N
4cb55875-2302-4138-ae79-9ecabee3159a	t	\N	2024-05-21 15:16:53.923025+08	\N	2024-05-21 15:16:53.923025+08	LS18005	杨永升	\N	\N	\N	8732c841-718e-4f87-b6ed-585bcaee660f	\N	\N
905edbb0-8f29-4797-836b-95c8db435874	t	\N	2024-05-21 15:16:53.923025+08	\N	2024-05-21 15:16:53.923025+08	栾华玉	ls18082	\N	\N	\N	b0987c78-7086-4760-b1df-56884280e7b2	\N	\N
0effe738-c95b-4cf7-a830-46009201d50b	t	\N	2024-05-21 15:16:53.924023+08	\N	2024-05-21 15:16:53.924023+08	阙永航	yonghang	\N	\N	\N	362992c8-3d3c-4f06-b4e6-451dedf02ee1	\N	\N
dd8f07c9-98aa-44fb-90d9-dd105ea5328e	t	\N	2024-05-21 15:16:53.925021+08	\N	2024-05-21 15:16:53.925021+08	李壮超	ls17841	\N	\N	\N	60788ebe-4094-488c-860c-9ee459e7930b	\N	\N
58e8cb62-a47b-461d-b4dd-54522230b1c5	t	\N	2024-05-21 15:16:53.927018+08	\N	2024-05-21 15:16:53.927018+08	韩方坤	ls17917	\N	\N	\N	c337ea6e-a562-4fa6-b46a-b4efe0795ddf	\N	\N
0b062550-8330-40dd-b53d-24cb3e237e7b	t	\N	2024-05-21 15:16:53.928015+08	\N	2024-05-21 15:16:53.928015+08	姜朋助	ls17934	\N	\N	\N	a55b5b3b-b79b-46f7-8e36-51ba14c904c6	\N	\N
5f9eb8d2-2b18-4ba8-bd70-4f4a35db4dc4	t	\N	2024-05-21 15:16:53.931006+08	\N	2024-05-21 15:16:53.931006+08	陈为进	ls17844	\N	\N	\N	be176f6f-c409-4962-970a-4d3a71df161d	\N	\N
2e773c2a-c607-4f28-a6dd-e91205d0252c	t	\N	2024-05-21 15:16:53.933+08	\N	2024-05-21 15:16:53.933+08	刁培凯	ls17972	\N	\N	\N	3b755267-2e62-42af-a96e-4c3f3b0631ce	\N	\N
512dbf2c-6829-44e0-9888-d2cafb872d87	t	\N	2024-05-21 15:16:53.933997+08	\N	2024-05-21 15:16:53.933997+08	姚宝宝	ls17851	\N	\N	\N	60788ebe-4094-488c-860c-9ee459e7930b	\N	\N
e883ad44-c5a1-4d0c-bdfa-5a4294e6a2e8	t	\N	2024-05-21 15:16:53.934995+08	\N	2024-05-21 15:16:53.934995+08	李浩	hao1	\N	\N	\N	85b08788-ffb8-45e3-903c-634b11908680	\N	\N
98162c10-4565-44eb-b963-b12ba500eaa1	t	\N	2024-05-21 15:16:53.936989+08	\N	2024-05-21 15:16:53.936989+08	孔令竹	ic0752105	\N	\N	\N	fbb12bb6-ab85-4fbf-b2dc-93faa9f422fc	\N	\N
008bd6e6-b427-4074-8e7f-05ff7bf40028	t	\N	2024-05-21 15:16:53.937987+08	\N	2024-05-21 15:16:53.937987+08	徐维刚	1923183	\N	\N	\N	fbb12bb6-ab85-4fbf-b2dc-93faa9f422fc	\N	\N
e1bc7ed9-6461-4886-80aa-3cdb7a86d33b	t	\N	2024-05-21 15:16:53.939981+08	\N	2024-05-21 15:16:53.939981+08	张永浩	ic0430081	\N	\N	\N	932aaf98-e192-432a-9c0f-5166c823baf2	\N	\N
d1b60812-4427-4c3d-a099-1d98ab1a2bcd	t	\N	2024-05-21 15:16:53.940978+08	\N	2024-05-21 15:16:53.940978+08	王忠满	ic9510416	\N	\N	\N	a5185c91-676c-4d9c-b512-9cc61e0aa985	\N	\N
1c55879e-1429-469c-bc94-6dab4a47f5e1	t	\N	2024-05-21 15:16:53.94397+08	\N	2024-05-21 15:16:53.94397+08	刘林	ic0732124	\N	\N	\N	340269fd-2117-4c87-aff8-f52a54ccb29e	\N	\N
0bef6bd2-e63b-497f-bc0d-fb26f1f783a6	t	\N	2024-05-21 15:16:53.944968+08	\N	2024-05-21 15:16:53.944968+08	杨涛	ic0732206	\N	\N	\N	ab41fa85-76d5-487a-bb5a-4d30b17218b0	\N	\N
0c6a7e74-88f6-4a9d-8793-a025e5633d1d	t	\N	2024-05-21 15:16:53.94796+08	\N	2024-05-21 15:16:53.94796+08	高有剑	ic0732193	\N	\N	\N	abd49166-7be6-4a41-a300-ece140984648	\N	\N
5a95da73-075e-4299-9c68-c6c9aa3488fd	t	\N	2024-05-21 15:16:53.948959+08	\N	2024-05-21 15:16:53.948959+08	王景芝	ic0732311	\N	\N	\N	ab41fa85-76d5-487a-bb5a-4d30b17218b0	\N	\N
6541e238-6c06-463b-acd4-80f802f46766	t	\N	2024-05-21 15:16:53.949955+08	\N	2024-05-21 15:16:53.949955+08	金光勋	ic0832236	\N	\N	\N	a5185c91-676c-4d9c-b512-9cc61e0aa985	\N	\N
779cad0c-07cb-41a2-9519-fff70c006efe	t	\N	2024-05-21 15:16:53.950952+08	\N	2024-05-21 15:16:53.950952+08	周倩倩	ic0832218	\N	\N	\N	a52c9791-867b-4504-8891-2d00563e89b0	\N	\N
5d2409b7-46e9-41a4-beb2-65d7572104b0	t	\N	2024-05-21 15:16:53.951949+08	\N	2024-05-21 15:16:53.951949+08	孙铭键	ic0832301	\N	\N	\N	ee67819e-5e66-4371-b08c-bbfeb39d74ef	\N	\N
96fa56ad-c9d8-442d-bf85-cddeadb5ba54	t	\N	2024-05-21 15:16:53.953946+08	\N	2024-05-21 15:16:53.953946+08	姜彬彬	ic0900035	\N	\N	\N	a5185c91-676c-4d9c-b512-9cc61e0aa985	\N	\N
b1633308-7da4-4c27-95a5-1aa8ec49abd6	t	\N	2024-05-21 15:16:53.954942+08	\N	2024-05-21 15:16:53.954942+08	管晴晴	ic0900053	\N	\N	\N	a52c9791-867b-4504-8891-2d00563e89b0	\N	\N
2a26fa60-fa2c-499c-98c2-cde45f2cc9ca	t	\N	2024-05-21 15:16:53.955941+08	\N	2024-05-21 15:16:53.955941+08	张博	ic0900094	\N	\N	\N	562fb12e-95ef-4512-84db-ada60b8cc9c3	\N	\N
87c95a20-f934-4c49-b49e-cd7b9a0d1b23	t	\N	2024-05-21 15:16:53.956936+08	\N	2024-05-21 15:16:53.956936+08	胡鹤	ic0834006	\N	\N	\N	cd5568b0-9983-4fd0-88f1-871452899383	\N	\N
5aa81b0d-1562-4f97-9ae5-2c755a4b73fc	t	\N	2024-05-21 15:16:53.958932+08	\N	2024-05-21 15:16:53.958932+08	王忠君	ic0834010	\N	\N	\N	cded407a-0271-41eb-bccd-80da52c26dee	\N	\N
c96efe24-387f-4a46-929e-88e22f0501dd	t	\N	2024-05-21 15:16:53.95993+08	\N	2024-05-21 15:16:53.95993+08	韩克波	ic1000028	\N	\N	\N	3c4e032d-f9f4-45a0-99ca-fa6ac60a5303	\N	\N
00384a3d-ecb4-4637-8314-e0bf25de01ca	t	\N	2024-05-21 15:16:53.960926+08	\N	2024-05-21 15:16:53.960926+08	刘亮	ic1000083	\N	\N	\N	a5185c91-676c-4d9c-b512-9cc61e0aa985	\N	\N
92d698d2-d92f-4b70-a16d-30c2e4e88f6c	t	\N	2024-05-21 15:16:53.962925+08	\N	2024-05-21 15:16:53.962925+08	逯义仲	ic1000091	\N	\N	\N	a5185c91-676c-4d9c-b512-9cc61e0aa985	\N	\N
9c07cb8d-2002-4bff-ad9b-75e62a837301	t	\N	2024-05-21 15:16:53.964916+08	\N	2024-05-21 15:16:53.964916+08	刘诚朴	ic1000247	\N	\N	\N	932aaf98-e192-432a-9c0f-5166c823baf2	\N	\N
7fc9d579-680f-49d7-be5a-df5a6aa9666b	t	\N	2024-05-21 15:16:53.965913+08	\N	2024-05-21 15:16:53.965913+08	高峰	ic1000132	\N	\N	\N	19fcf719-80aa-4ab2-9a9f-6cadafd03196	\N	\N
0316da0f-69e5-4747-b622-b0366abf25fa	t	\N	2024-05-21 15:16:53.96691+08	\N	2024-05-21 15:16:53.96691+08	刘云飞	ic1000193	\N	\N	\N	562fb12e-95ef-4512-84db-ada60b8cc9c3	\N	\N
7f48c31c-6331-4b1f-be02-e0fb637c0973	t	\N	2024-05-21 15:16:53.967907+08	\N	2024-05-21 15:16:53.967907+08	江晓东	1924029	\N	\N	\N	fbb12bb6-ab85-4fbf-b2dc-93faa9f422fc	\N	\N
896c403b-545a-49e0-8f27-d7be1da97ed6	t	\N	2024-05-21 15:16:53.968904+08	\N	2024-05-21 15:16:53.968904+08	牟洪青	1924049	\N	\N	\N	fbb12bb6-ab85-4fbf-b2dc-93faa9f422fc	\N	\N
5f8954b5-31b0-43b6-9ff5-2639f0fe1374	t	\N	2024-05-21 15:16:53.969902+08	\N	2024-05-21 15:16:53.969902+08	金坡	ic1100280	\N	\N	\N	562fb12e-95ef-4512-84db-ada60b8cc9c3	\N	\N
547c4e8f-7155-420b-a0ba-e764919f2f73	t	\N	2024-05-21 15:16:53.9709+08	\N	2024-05-21 15:16:53.9709+08	孙伟	ic1100312	\N	\N	\N	50f01fc7-1bf4-4cd5-ae2d-ee5439697f27	\N	\N
c108f455-9e09-4edb-ac25-bbc028f375e6	t	\N	2024-05-21 15:16:53.971896+08	\N	2024-05-21 15:16:53.971896+08	丁文涛	ic1100128	\N	\N	\N	ab41fa85-76d5-487a-bb5a-4d30b17218b0	\N	\N
9f1f39fa-4d1c-4089-bf0b-4ee90dfb12b2	t	\N	2024-05-21 15:16:53.972894+08	\N	2024-05-21 15:16:53.972894+08	李润琛	ic1100129	\N	\N	\N	a52c9791-867b-4504-8891-2d00563e89b0	\N	\N
b44c3c62-dd4a-406d-a711-dea035a7884f	t	\N	2024-05-21 15:16:53.973891+08	\N	2024-05-21 15:16:53.973891+08	李祥	ic1100629	\N	\N	\N	85b08788-ffb8-45e3-903c-634b11908680	\N	\N
51ac0063-6ac4-4064-acf0-8ab005dd8861	t	\N	2024-05-21 15:16:53.975887+08	\N	2024-05-21 15:16:53.975887+08	林广坤	ic1100902	\N	\N	\N	ee267c82-4c48-4159-980c-b8d6d5a56853	\N	\N
cda70b34-5e80-481b-aee0-2ad70f97b4aa	t	\N	2024-05-21 15:16:53.976885+08	\N	2024-05-21 15:16:53.976885+08	吴雪刚	ic1100992	\N	\N	\N	19fcf719-80aa-4ab2-9a9f-6cadafd03196	\N	\N
954dc750-5abc-4cee-9e3b-9fe0b0d3a35b	t	\N	2024-05-21 15:16:53.978878+08	\N	2024-05-21 15:16:53.978878+08	朱凤英	ic1200048	\N	\N	\N	a52c9791-867b-4504-8891-2d00563e89b0	\N	\N
7e834a12-c94a-40ac-b16f-59fd2047eaad	t	\N	2024-05-21 15:16:53.980875+08	\N	2024-05-21 15:16:53.980875+08	周尧	ic1400147	\N	\N	\N	a5185c91-676c-4d9c-b512-9cc61e0aa985	\N	\N
50d48f15-9832-4ec3-a6c2-890d5e11ba16	t	\N	2024-05-21 15:16:53.98287+08	\N	2024-05-21 15:16:53.98287+08	孙蕾	ic1400091	\N	\N	\N	50f01fc7-1bf4-4cd5-ae2d-ee5439697f27	\N	\N
918c54a5-647e-4673-b22a-5099e01b7272	t	\N	2024-05-21 15:16:53.983865+08	\N	2024-05-21 15:16:53.983865+08	邵泽刚	ic1400092	\N	\N	\N	85b08788-ffb8-45e3-903c-634b11908680	\N	\N
114637ec-9ce4-43e8-9bcc-acc797d1c401	t	\N	2024-05-21 15:16:53.985859+08	\N	2024-05-21 15:16:53.985859+08	朱宏韵	hongyun	\N	\N	\N	562fb12e-95ef-4512-84db-ada60b8cc9c3	\N	\N
73624795-5073-4d22-afd9-5ae9823e7c1a	t	\N	2024-05-21 15:16:53.986858+08	\N	2024-05-21 15:16:53.986858+08	李广宇	guangyu	\N	\N	\N	50f01fc7-1bf4-4cd5-ae2d-ee5439697f27	\N	\N
05d96631-6a9a-4e08-b29b-dc421720b030	t	\N	2024-05-21 15:16:53.987854+08	\N	2024-05-21 15:16:53.987854+08	孙伟	wei	\N	\N	\N	812242f8-c8c3-4db9-b2d7-819b3c9284bd	\N	\N
9ede956f-b026-44ce-9b25-d3ae427031bf	t	\N	2024-05-21 15:16:53.988852+08	\N	2024-05-21 15:16:53.989849+08	金莲花	lianhua	\N	\N	\N	3e212c0a-2cc4-4d3e-85ad-7b948f85c8c1	\N	\N
ef057c85-b1e8-4cd5-a6f9-3e4de9f91463	t	\N	2024-05-21 15:16:53.990847+08	\N	2024-05-21 15:16:53.990847+08	王景沛	jingpei	\N	\N	\N	a5185c91-676c-4d9c-b512-9cc61e0aa985	\N	\N
77c8016e-839d-41d8-a67b-19adea10bc8c	t	\N	2024-05-21 15:16:53.991844+08	\N	2024-05-21 15:16:53.991844+08	吕笑然	xiaoran	\N	\N	\N	a52c9791-867b-4504-8891-2d00563e89b0	\N	\N
ddb91d0b-1d0b-4a60-a4d4-c4c944b68617	t	\N	2024-05-21 15:16:53.992841+08	\N	2024-05-21 15:16:53.992841+08	周佳伟	jiawei	\N	\N	\N	85b08788-ffb8-45e3-903c-634b11908680	\N	\N
2052d664-6404-4ae1-aa37-76f628f694fb	t	\N	2024-05-21 15:16:53.994836+08	\N	2024-05-21 15:16:53.994836+08	袁茂伟	maowei	\N	\N	\N	3eee5b3e-9a73-4360-bdd6-7260a0b564de	\N	\N
a8d0297c-4d35-416a-9225-884006eb4c2e	t	\N	2024-05-21 15:16:53.996835+08	\N	2024-05-21 15:16:53.997832+08	解光辉	guanghui	\N	\N	\N	a52c9791-867b-4504-8891-2d00563e89b0	\N	\N
8b2d66f0-1846-41cb-be1f-053368120dbc	t	\N	2024-05-21 15:16:53.999824+08	\N	2024-05-21 15:16:53.999824+08	肖亚龙	yalong	\N	\N	\N	a5185c91-676c-4d9c-b512-9cc61e0aa985	\N	\N
85e4280b-866b-4f7b-99f0-ee7e8db18041	t	\N	2024-05-21 15:16:54.000821+08	\N	2024-05-21 15:16:54.000821+08	徐虎	hu	\N	\N	\N	812242f8-c8c3-4db9-b2d7-819b3c9284bd	\N	\N
1d36e413-27d9-495f-a96f-0e15f9c914c4	t	\N	2024-05-21 15:16:54.002815+08	\N	2024-05-21 15:16:54.002815+08	张长江	changjiang	\N	\N	\N	ab41fa85-76d5-487a-bb5a-4d30b17218b0	\N	\N
a70cdce4-23cb-4b82-8aad-5bc25eb9db02	t	\N	2024-05-21 15:16:54.003812+08	\N	2024-05-21 15:16:54.003812+08	孙枓奭	dsids	\N	\N	\N	b3046e20-2867-461a-af48-d32713befc29	\N	\N
4e65687f-9f01-4a5f-98f3-95229c2746c2	t	\N	2024-05-21 15:16:54.004809+08	\N	2024-05-21 15:16:54.004809+08	李雷周	ls18063	\N	\N	\N	89cbb191-d648-477b-80b2-087104444ac7	\N	\N
89cd912d-a391-42e8-8ac3-f0af327bc004	t	\N	2024-05-21 15:16:54.006805+08	\N	2024-05-21 15:16:54.006805+08	姚成功	ls18092	\N	\N	\N	60788ebe-4094-488c-860c-9ee459e7930b	\N	\N
3d382d12-0d58-4257-958b-44c87e162572	t	\N	2024-05-21 15:16:54.007803+08	\N	2024-05-21 15:16:54.007803+08	隋志龙	ls17829	\N	\N	\N	a55b5b3b-b79b-46f7-8e36-51ba14c904c6	\N	\N
ef24e123-be06-496c-9827-333cb24edd2a	t	\N	2024-05-21 15:16:54.009798+08	\N	2024-05-21 15:16:54.009798+08	齐庆恩	ls18091	\N	\N	\N	bc8424a1-1ada-4897-91e1-66f044e90df2	\N	\N
21f420cf-c2b6-441f-b6d7-d286f7e4843e	t	\N	2024-05-21 15:16:54.010794+08	\N	2024-05-21 15:16:54.010794+08	李俊超	ls18060	\N	\N	\N	95f18671-caa0-47c9-8706-3cd93d99b795	\N	\N
62a1e818-0918-4a20-851c-345c9280814a	t	\N	2024-05-21 15:16:54.013791+08	\N	2024-05-21 15:16:54.013791+08	王少忠	ls17911	\N	\N	\N	76f49ce8-3b08-45c5-9d98-eccc849f128a	\N	\N
74625f2e-6b71-4371-bed3-e294f13a0554	t	\N	2024-05-21 15:16:54.015781+08	\N	2024-05-21 15:16:54.015781+08	孙小东	ls17811	\N	\N	\N	0614f101-93ec-4b7f-9162-2b2aea398891	\N	\N
f12d48e0-413a-480f-a64f-43d6d4d8fc66	t	\N	2024-05-21 15:16:54.017775+08	\N	2024-05-21 15:16:54.017775+08	杨永升	ls18005	\N	\N	\N	8732c841-718e-4f87-b6ed-585bcaee660f	\N	\N
a44c5cdc-208c-4bcf-860c-0c5fc4f9f073	t	\N	2024-05-21 15:16:54.018772+08	\N	2024-05-21 15:16:54.018772+08	曹汝墨	ls17943	\N	\N	\N	8732c841-718e-4f87-b6ed-585bcaee660f	\N	\N
a66cc04c-d2d4-4d43-a9fb-b2f4a7d59b34	t	\N	2024-05-21 15:16:54.01977+08	\N	2024-05-21 15:16:54.01977+08	许万兵	ls18089	\N	\N	\N	76f49ce8-3b08-45c5-9d98-eccc849f128a	\N	\N
2992a029-fea2-4ea1-8c0a-53e14451f1ee	t	\N	2024-05-21 15:16:54.021764+08	\N	2024-05-21 15:16:54.021764+08	苏华东	ls17111	\N	\N	\N	60788ebe-4094-488c-860c-9ee459e7930b	\N	\N
38fe1d06-b93c-4125-9c73-f6a61375c3aa	t	\N	2024-05-21 15:16:54.022762+08	\N	2024-05-21 15:16:54.022762+08	章琪琪	ls17721	\N	\N	\N	8732c841-718e-4f87-b6ed-585bcaee660f	\N	\N
0ca7658c-a973-4d56-8d93-13b40c3c5ba8	t	\N	2024-05-21 15:16:54.024756+08	\N	2024-05-21 15:16:54.024756+08	刘顺	ls17352	\N	\N	\N	60788ebe-4094-488c-860c-9ee459e7930b	\N	\N
8ac69963-ffff-4f74-98e3-0a5068fb0a82	t	\N	2024-05-21 15:16:54.025753+08	\N	2024-05-21 15:16:54.025753+08	王祥羽	ls17904	\N	\N	\N	8732c841-718e-4f87-b6ed-585bcaee660f	\N	\N
b9319e63-68fe-4a15-b1e4-244d693d17db	t	\N	2024-05-21 15:16:54.026751+08	\N	2024-05-21 15:16:54.026751+08	成仁圣	ls17647	\N	\N	\N	89cbb191-d648-477b-80b2-087104444ac7	\N	\N
7a17adb1-67fa-4ce0-90a6-1c403185fe1d	t	\N	2024-05-21 15:16:54.027749+08	\N	2024-05-21 15:16:54.027749+08	吴帅磊	ls17975	\N	\N	\N	89cbb191-d648-477b-80b2-087104444ac7	\N	\N
ba38a4b0-4ec8-4dab-8cc3-81c0ede2b8b9	t	\N	2024-05-21 15:16:54.031738+08	\N	2024-05-21 15:16:54.031738+08	孙东亮	ls17610	\N	\N	\N	89cbb191-d648-477b-80b2-087104444ac7	\N	\N
c25af7c4-d5a5-4c26-912f-3c20f817ee40	t	\N	2024-05-21 15:16:54.032735+08	\N	2024-05-21 15:16:54.032735+08	王丛珊	congshan	\N	\N	\N	3e212c0a-2cc4-4d3e-85ad-7b948f85c8c1	\N	\N
0eb6f8e5-e70e-4aa3-81bc-21cfabe7ab0b	t	\N	2024-05-21 15:16:54.033732+08	\N	2024-05-21 15:16:54.033732+08	王家斌	ls17942	\N	\N	\N	89cbb191-d648-477b-80b2-087104444ac7	\N	\N
b7831d72-faf8-414d-b575-ebed6d7b304d	t	\N	2024-05-21 15:16:54.034729+08	\N	2024-05-21 15:16:54.034729+08	林福庭	ls18031	\N	\N	\N	89cbb191-d648-477b-80b2-087104444ac7	\N	\N
227a20eb-38c1-4f1a-a3c5-091516b08efd	t	\N	2024-05-21 15:16:54.035727+08	\N	2024-05-21 15:16:54.035727+08	梁士凯	ls17995	\N	\N	\N	89cbb191-d648-477b-80b2-087104444ac7	\N	\N
3702e328-a61b-4c54-8f84-d0a12ec36bda	t	\N	2024-05-21 15:16:54.036725+08	\N	2024-05-21 15:16:54.036725+08	孙吉东	ls18044	\N	\N	\N	89cbb191-d648-477b-80b2-087104444ac7	\N	\N
f6803740-d256-49ae-bd20-74a54c6b6285	t	\N	2024-05-21 15:16:54.037722+08	\N	2024-05-21 15:16:54.038721+08	倪志鹏	zhipeng	\N	\N	\N	9eb7191b-7a2c-4de2-9353-fda5a38b0fb5	\N	\N
d1f81287-419f-4636-9c19-899fe1c268e4	t	\N	2024-05-21 15:16:54.039716+08	\N	2024-05-21 15:16:54.039716+08	张康	ls17773	\N	\N	\N	bc8424a1-1ada-4897-91e1-66f044e90df2	\N	\N
74bc873b-8caf-41f2-baac-1db52c465c22	t	\N	2024-05-21 15:16:54.040715+08	\N	2024-05-21 15:16:54.040715+08	郑颖杰	yingjie	\N	\N	\N	35a94570-db1f-45ae-a85d-e0c1d599c807	\N	\N
2ee1ae92-c88c-4c26-b253-9fe9ab4cea01	t	\N	2024-05-21 15:16:54.042709+08	\N	2024-05-21 15:16:54.042709+08	王博文	bowen	\N	\N	\N	1ecdce5f-6f12-4d25-bf76-12e7b5de9a9a	\N	\N
a9a5da8f-a2e1-456c-aa9e-68bb1899f98e	t	\N	2024-05-21 15:16:54.044704+08	\N	2024-05-21 15:16:54.044704+08	黄晓东	ls17707	\N	\N	\N	89cbb191-d648-477b-80b2-087104444ac7	\N	\N
42647511-2353-48e4-bcd5-1a75d266853f	t	\N	2024-05-21 15:16:54.046703+08	\N	2024-05-21 15:16:54.046703+08	刘志强	ls17741	\N	\N	\N	89cbb191-d648-477b-80b2-087104444ac7	\N	\N
a35225a6-2bf8-4d5a-8dc2-84a3565f6cbc	t	\N	2024-05-21 15:16:54.048693+08	\N	2024-05-21 15:16:54.048693+08	谭文勇	ls18040	\N	\N	\N	89cbb191-d648-477b-80b2-087104444ac7	\N	\N
c0399787-2167-460d-81b3-ff930e6649f8	t	\N	2024-05-21 15:16:54.049691+08	\N	2024-05-21 15:16:54.049691+08	李海兰	hailan2	\N	\N	\N	7433e264-f0d7-447a-8cb1-fda450ef8249	\N	\N
d7fe9e5a-6018-40f3-b2e8-c61fb5fa0f6a	t	\N	2024-05-21 15:16:54.050688+08	\N	2024-05-21 15:16:54.050688+08	孙佳正	ic1400157	\N	\N	\N	efa87fcf-e0b6-4642-a020-b60ba869caba	\N	\N
579234cb-4821-40e1-a7a6-55e846729cca	t	\N	2024-05-21 15:16:54.051685+08	\N	2024-05-21 15:16:54.051685+08	衣运祥	ls18090	\N	\N	\N	89cbb191-d648-477b-80b2-087104444ac7	\N	\N
d2474fbd-0b2c-4649-9a3a-5daa92ab8d51	t	\N	2024-05-21 15:16:54.052682+08	\N	2024-05-21 15:16:54.052682+08	张世凯	ls18013	\N	\N	\N	89cbb191-d648-477b-80b2-087104444ac7	\N	\N
41280a1a-331e-42c3-a775-f11b645c6996	t	\N	2024-05-21 15:16:54.054678+08	\N	2024-05-21 15:16:54.054678+08	刘传明	ls17665	\N	\N	\N	89cbb191-d648-477b-80b2-087104444ac7	\N	\N
4c7b1a1b-4df1-4dcf-9077-b770fd26d589	t	\N	2024-05-21 15:16:54.055675+08	\N	2024-05-21 15:16:54.055675+08	卢艳良	ls18080	\N	\N	\N	89cbb191-d648-477b-80b2-087104444ac7	\N	\N
057d9bbe-497b-4804-86f4-733e97a56de3	t	\N	2024-05-21 15:16:54.056672+08	\N	2024-05-21 15:16:54.056672+08	于尔泽	ls18052	\N	\N	\N	89cbb191-d648-477b-80b2-087104444ac7	\N	\N
f6fa3e09-5984-4ad7-b4fa-85d55779d8a2	t	\N	2024-05-21 15:16:54.057669+08	\N	2024-05-21 15:16:54.057669+08	张志强	ls18029	\N	\N	\N	89cbb191-d648-477b-80b2-087104444ac7	\N	\N
ab2fb228-7dde-449f-8a3f-44ea1ac58085	t	\N	2024-05-21 15:16:54.058666+08	\N	2024-05-21 15:16:54.058666+08	阳恩题	enti	\N	\N	\N	932aaf98-e192-432a-9c0f-5166c823baf2	\N	\N
4138eb76-67d1-4a1f-a219-f0d56d98ace5	t	\N	2024-05-21 15:16:54.059665+08	\N	2024-05-21 15:16:54.059665+08	慕杰	ls17230	\N	\N	\N	36ca85db-55bd-4df3-b1c4-9ea961160a37	\N	\N
58251b7d-bbba-46a5-bf70-9e5d1d488547	t	\N	2024-05-21 15:16:54.061659+08	\N	2024-05-21 15:16:54.061659+08	李放	ls17959	\N	\N	\N	95f18671-caa0-47c9-8706-3cd93d99b795	\N	\N
5f8af6b5-8ee4-4418-bc5d-70ae84699b95	t	\N	2024-05-21 15:16:54.064653+08	\N	2024-05-21 15:16:54.064653+08	姜燕芳	ls17826	\N	\N	\N	89cbb191-d648-477b-80b2-087104444ac7	\N	\N
0365c30f-9e12-4860-aa57-3b90e47d8bc3	t	\N	2024-05-21 15:16:54.065649+08	\N	2024-05-21 15:16:54.065649+08	姚宝灏	ls17134	\N	\N	\N	95f18671-caa0-47c9-8706-3cd93d99b795	\N	\N
4a0aba8d-519f-47f2-a142-60be22b13ac0	t	\N	2024-05-21 15:16:54.066647+08	\N	2024-05-21 15:16:54.066647+08	刘培德	peide	\N	\N	\N	362992c8-3d3c-4f06-b4e6-451dedf02ee1	\N	\N
e8cfda2a-cca6-4639-98b6-844ac4b494fa	t	\N	2024-05-21 15:16:54.067642+08	\N	2024-05-21 15:16:54.067642+08	张爱茹	ls17660	\N	\N	\N	89cbb191-d648-477b-80b2-087104444ac7	\N	\N
29cb2629-efae-47d2-8844-afd82d50df98	t	\N	2024-05-21 15:16:54.06864+08	\N	2024-05-21 15:16:54.06864+08	林嘉庆	ls17990	\N	\N	\N	89cbb191-d648-477b-80b2-087104444ac7	\N	\N
ecc10eb6-1c5d-493e-8d2b-ee42016a04ff	t	\N	2024-05-21 15:16:54.069638+08	\N	2024-05-21 15:16:54.069638+08	刘志杰	ls17951	\N	\N	\N	89cbb191-d648-477b-80b2-087104444ac7	\N	\N
80a00d3b-21ca-422e-94cd-9c5d29e50012	t	\N	2024-05-21 15:16:54.071632+08	\N	2024-05-21 15:16:54.071632+08	刘文辉	wenhui	\N	\N	\N	bbd89d20-7864-48af-bae1-e18d162f3f50	\N	\N
470bcc91-e973-4d9e-a1b3-1ee2b2b4fd24	t	\N	2024-05-21 15:16:54.07263+08	\N	2024-05-21 15:16:54.07263+08	徐硕	ls18027	\N	\N	\N	89cbb191-d648-477b-80b2-087104444ac7	\N	\N
1583ac4e-9d96-4f14-b36d-0a2c8e4d1560	t	\N	2024-05-21 15:16:54.073627+08	\N	2024-05-21 15:16:54.073627+08	刘庆良	ls17859	\N	\N	\N	89cbb191-d648-477b-80b2-087104444ac7	\N	\N
861fd8fe-018c-4b4e-9209-694377fcf514	t	\N	2024-05-21 15:16:54.074624+08	\N	2024-05-21 15:16:54.074624+08	张海燕	ls18038	\N	\N	\N	89cbb191-d648-477b-80b2-087104444ac7	\N	\N
5d9f01fa-aaae-4219-a948-692f124c8566	t	\N	2024-05-21 15:16:54.075622+08	\N	2024-05-21 15:16:54.075622+08	徐文娟	ls18053	\N	\N	\N	89cbb191-d648-477b-80b2-087104444ac7	\N	\N
a332f182-7dcc-4d55-bb03-3972214c0c01	t	\N	2024-05-21 15:16:54.077616+08	\N	2024-05-21 15:16:54.077616+08	牟金玉	ls18004	\N	\N	\N	89cbb191-d648-477b-80b2-087104444ac7	\N	\N
8ee2a5c1-127a-4cc9-a6f7-2f4a8e565b81	t	\N	2024-05-21 15:16:54.080614+08	\N	2024-05-21 15:16:54.080614+08	孔令宇	ls17492	\N	\N	\N	89cbb191-d648-477b-80b2-087104444ac7	\N	\N
85bd5b86-02c0-4dfe-92c6-07569fb8e8a2	t	\N	2024-05-21 15:16:54.083601+08	\N	2024-05-21 15:16:54.083601+08	吕芸	ls17836	\N	\N	\N	89cbb191-d648-477b-80b2-087104444ac7	\N	\N
37f0c1e9-969e-4dfa-a491-877bc3bfe8dd	t	\N	2024-05-21 15:16:54.085595+08	\N	2024-05-21 15:16:54.085595+08	梁炳辉	ls18093	\N	\N	\N	89cbb191-d648-477b-80b2-087104444ac7	\N	\N
9bfd3eb0-0b58-46c5-bdd2-1126c6ae5d99	t	\N	2024-05-21 15:16:54.086593+08	\N	2024-05-21 15:16:54.086593+08	张军	ls17797	\N	\N	\N	89cbb191-d648-477b-80b2-087104444ac7	\N	\N
b50765c3-f3b7-48ec-9e70-c5d4c64d63fa	t	\N	2024-05-21 15:16:54.088588+08	\N	2024-05-21 15:16:54.088588+08	陶璇	ls18104	\N	\N	\N	89cbb191-d648-477b-80b2-087104444ac7	\N	\N
1b7550c8-285f-4b21-a85a-9b070316f185	t	\N	2024-05-21 15:16:54.090583+08	\N	2024-05-21 15:16:54.090583+08	曹伟智	ls18026	\N	\N	\N	89cbb191-d648-477b-80b2-087104444ac7	\N	\N
c70ed742-d1fc-4474-87db-29fd29c07659	t	\N	2024-05-21 15:16:54.09158+08	\N	2024-05-21 15:16:54.09158+08	孙雪林	ls17873	\N	\N	\N	89cbb191-d648-477b-80b2-087104444ac7	\N	\N
ab4bfa5f-764f-4cca-8b0f-060a9d86578a	t	\N	2024-05-21 15:16:54.093574+08	\N	2024-05-21 15:16:54.093574+08	刘海伟	ls17869	\N	\N	\N	89cbb191-d648-477b-80b2-087104444ac7	\N	\N
7c43202f-e7f5-4db0-b59f-610f9fcbb08b	t	\N	2024-05-21 15:16:54.095569+08	\N	2024-05-21 15:16:54.095569+08	姜倩	ls17952	\N	\N	\N	89cbb191-d648-477b-80b2-087104444ac7	\N	\N
993c9aa9-c159-4cd1-8e87-eeb25cffd504	t	\N	2024-05-21 15:16:54.097569+08	\N	2024-05-21 15:16:54.097569+08	衣春波	ls18088	\N	\N	\N	89cbb191-d648-477b-80b2-087104444ac7	\N	\N
78b847a3-25f2-4dad-8cf9-8d617c7b69d4	t	\N	2024-05-21 15:16:54.099558+08	\N	2024-05-21 15:16:54.099558+08	孟祥玮	ls17803	\N	\N	\N	89cbb191-d648-477b-80b2-087104444ac7	\N	\N
a12dfb90-cf87-44dc-b6f1-683766c793b2	t	\N	2024-05-21 15:16:54.101554+08	\N	2024-05-21 15:16:54.101554+08	柳飞	ls17762	\N	\N	\N	89cbb191-d648-477b-80b2-087104444ac7	\N	\N
dfefae09-bd6a-4461-94e4-8c3f934f29e7	t	\N	2024-05-21 15:16:54.103548+08	\N	2024-05-21 15:16:54.103548+08	马进勇	ls17809	\N	\N	\N	89cbb191-d648-477b-80b2-087104444ac7	\N	\N
cae85dc9-c356-4aad-9441-ffc31df44cd2	t	\N	2024-05-21 15:16:54.105543+08	\N	2024-05-21 15:16:54.105543+08	王建明	ls18062	\N	\N	\N	76f49ce8-3b08-45c5-9d98-eccc849f128a	\N	\N
fc97c9a8-9a09-4fb7-b26b-6aaa75bdb2e5	t	\N	2024-05-21 15:16:54.10654+08	\N	2024-05-21 15:16:54.10654+08	汪卫东	ls18024	\N	\N	\N	89cbb191-d648-477b-80b2-087104444ac7	\N	\N
71148a06-7fa7-41c1-9b86-8f3cd82c194c	t	\N	2024-05-21 15:16:54.108534+08	\N	2024-05-21 15:16:54.108534+08	索世刚	ls18041	\N	\N	\N	76f49ce8-3b08-45c5-9d98-eccc849f128a	\N	\N
373cd3a7-cbc2-483d-b286-be341c7228e2	t	\N	2024-05-21 15:16:54.109532+08	\N	2024-05-21 15:16:54.109532+08	衣春波	ls18049	\N	\N	\N	76f49ce8-3b08-45c5-9d98-eccc849f128a	\N	\N
f9baed1a-16a3-4aac-a97e-2e9aa6563e75	t	\N	2024-05-21 15:16:54.111526+08	\N	2024-05-21 15:16:54.111526+08	杨景尧	ls17702	\N	\N	\N	76f49ce8-3b08-45c5-9d98-eccc849f128a	\N	\N
98e9057e-8e3f-4987-9af8-b8f70efc6b44	t	\N	2024-05-21 15:16:54.114523+08	\N	2024-05-21 15:16:54.114523+08	王雷勇	ls17886	\N	\N	\N	76f49ce8-3b08-45c5-9d98-eccc849f128a	\N	\N
ecb89944-4d21-4f0f-a3c9-e74f3e0ffc33	t	\N	2024-05-21 15:16:54.115516+08	\N	2024-05-21 15:16:54.115516+08	王晓光	ls17728	\N	\N	\N	89cbb191-d648-477b-80b2-087104444ac7	\N	\N
d04d6f8d-5fa5-4f66-9df9-a7d51ff7f034	t	\N	2024-05-21 15:16:54.116514+08	\N	2024-05-21 15:16:54.116514+08	郗洪涛	ls17439	\N	\N	\N	89cbb191-d648-477b-80b2-087104444ac7	\N	\N
521dec8b-b8a2-45ca-b8a3-c28ce68bc06d	t	\N	2024-05-21 15:16:54.118508+08	\N	2024-05-21 15:16:54.118508+08	林江海	ls18071	\N	\N	\N	76f49ce8-3b08-45c5-9d98-eccc849f128a	\N	\N
748a8382-8e43-4ce6-b548-c8c40b4a48de	t	\N	2024-05-21 15:16:54.119505+08	\N	2024-05-21 15:16:54.119505+08	薛成林	ls17185	\N	\N	\N	76f49ce8-3b08-45c5-9d98-eccc849f128a	\N	\N
3a678e3e-45de-4e28-801d-bf447d98cb8f	t	\N	2024-05-21 15:16:54.120505+08	\N	2024-05-21 15:16:54.120505+08	马礼坤	ls18001	\N	\N	\N	76f49ce8-3b08-45c5-9d98-eccc849f128a	\N	\N
927367d5-c39c-44a9-8dc3-801f4be69699	t	\N	2024-05-21 15:16:54.122499+08	\N	2024-05-21 15:16:54.122499+08	王捷坤	ls18023	\N	\N	\N	89cbb191-d648-477b-80b2-087104444ac7	\N	\N
763937af-473d-467c-b0ea-8f64d07734ca	t	\N	2024-05-21 15:16:54.123497+08	\N	2024-05-21 15:16:54.123497+08	李文玺	ls17890	\N	\N	\N	89cbb191-d648-477b-80b2-087104444ac7	\N	\N
7b786030-f650-47be-8743-eaae741ca499	t	\N	2024-05-21 15:16:54.125489+08	\N	2024-05-21 15:16:54.125489+08	李东梅	ls17877	\N	\N	\N	89cbb191-d648-477b-80b2-087104444ac7	\N	\N
c4a2d620-a2f9-409a-8e99-d3808fd9504f	t	\N	2024-05-21 15:16:54.127484+08	\N	2024-05-21 15:16:54.127484+08	姚寿全	ls17850	\N	\N	\N	89cbb191-d648-477b-80b2-087104444ac7	\N	\N
27cc66c4-2df6-472e-93d6-155069c165cd	t	\N	2024-05-21 15:16:54.128482+08	\N	2024-05-21 15:16:54.128482+08	杨闳博	ls17801	\N	\N	\N	89cbb191-d648-477b-80b2-087104444ac7	\N	\N
48fd168e-8ae4-455d-b8a2-83a754d4090e	t	\N	2024-05-21 15:16:54.131476+08	\N	2024-05-21 15:16:54.131476+08	刘杰	ls17587	\N	\N	\N	89cbb191-d648-477b-80b2-087104444ac7	\N	\N
09d46227-c640-4e4b-b288-7c71b11b0a85	t	\N	2024-05-21 15:16:54.132471+08	\N	2024-05-21 15:16:54.132471+08	孙玲妍	ls18028	\N	\N	\N	89cbb191-d648-477b-80b2-087104444ac7	\N	\N
2254c690-75ab-42b1-8173-10519953d3a3	t	\N	2024-05-21 15:16:54.134465+08	\N	2024-05-21 15:16:54.134465+08	王希波	ls17870	\N	\N	\N	89cbb191-d648-477b-80b2-087104444ac7	\N	\N
954ad7de-7bcf-4923-a019-28a4b99727c3	t	\N	2024-05-21 15:16:54.135463+08	\N	2024-05-21 15:16:54.135463+08	殷河	he	\N	\N	\N	bbd89d20-7864-48af-bae1-e18d162f3f50	\N	\N
d27109e5-624a-4955-beff-1a98f624057b	t	\N	2024-05-21 15:16:54.136461+08	\N	2024-05-21 15:16:54.136461+08	陈兆鲁	zhaolu	\N	\N	\N	35a94570-db1f-45ae-a85d-e0c1d599c807	\N	\N
52c37903-47ec-4689-a319-49acf67943f2	t	\N	2024-05-21 15:16:54.137459+08	\N	2024-05-21 15:16:54.137459+08	和雅楠	yanan	\N	\N	\N	35a94570-db1f-45ae-a85d-e0c1d599c807	\N	\N
4761024f-133b-46b5-b966-e7a377a22b83	t	\N	2024-05-21 15:16:54.138455+08	\N	2024-05-21 15:16:54.138455+08	陈冰	bing	\N	\N	\N	2ee75b1e-ebcf-4d86-b646-e58820aef55d	\N	\N
7fec3892-1aa6-423e-93c0-cffa0d7b02f8	t	\N	2024-05-21 15:16:54.139453+08	\N	2024-05-21 15:16:54.139453+08	岳岭	ling	\N	\N	\N	932aaf98-e192-432a-9c0f-5166c823baf2	\N	\N
6e2b56c8-07f7-480c-bdae-07fa548030fe	t	\N	2024-05-21 15:16:54.140451+08	\N	2024-05-21 15:16:54.140451+08	胡伟	ls17927	\N	\N	\N	89cbb191-d648-477b-80b2-087104444ac7	\N	\N
f7fec8ad-5a6e-40ea-9ba0-fc001839ad2c	t	\N	2024-05-21 15:16:54.141447+08	\N	2024-05-21 15:16:54.141447+08	姜媛媛	ls17340	\N	\N	\N	89cbb191-d648-477b-80b2-087104444ac7	\N	\N
eb13ecb7-e199-48fa-b95b-4074c143970f	t	\N	2024-05-21 15:16:54.142445+08	\N	2024-05-21 15:16:54.142445+08	周玉涛	ls17380	\N	\N	\N	89cbb191-d648-477b-80b2-087104444ac7	\N	\N
d78dfef4-8596-4931-abd0-5def517fdec7	t	\N	2024-05-21 15:16:54.143443+08	\N	2024-05-21 15:16:54.143443+08	邢学利	ls17710	\N	\N	\N	89cbb191-d648-477b-80b2-087104444ac7	\N	\N
9ce4abc9-0064-4d66-8bbf-fb2def61d48c	t	\N	2024-05-21 15:16:54.145437+08	\N	2024-05-21 15:16:54.145437+08	鲁强	ls17579	\N	\N	\N	36ca85db-55bd-4df3-b1c4-9ea961160a37	\N	\N
42772d56-4725-4796-bfbc-8d7b7aaf62b8	t	\N	2024-05-21 15:16:54.148429+08	\N	2024-05-21 15:16:54.148429+08	陶文普	ls17857	\N	\N	\N	36ca85db-55bd-4df3-b1c4-9ea961160a37	\N	\N
33270314-eb74-4768-a5fd-1bb0fde654ab	t	\N	2024-05-21 15:16:54.149427+08	\N	2024-05-21 15:16:54.149427+08	段雪光	ls18006	\N	\N	\N	89cbb191-d648-477b-80b2-087104444ac7	\N	\N
59fa60d4-553c-4ddb-a5a5-63e076f1578d	t	\N	2024-05-21 15:16:54.150425+08	\N	2024-05-21 15:16:54.150425+08	李玉龙	ls17261	\N	\N	\N	89cbb191-d648-477b-80b2-087104444ac7	\N	\N
dc2a0549-a904-4ca4-b601-fa512ce75b02	t	\N	2024-05-21 15:16:54.152419+08	\N	2024-05-21 15:16:54.152419+08	柳晓东	ls17385	\N	\N	\N	89cbb191-d648-477b-80b2-087104444ac7	\N	\N
bd64ee2a-6ac6-4887-a344-9e853e6c439d	t	\N	2024-05-21 15:16:54.153415+08	\N	2024-05-21 15:16:54.153415+08	梁鹏善	ls17907	\N	\N	\N	89cbb191-d648-477b-80b2-087104444ac7	\N	\N
5fe5fc09-bb6b-4c49-8f2a-d480b1ac23a5	t	\N	2024-05-21 15:16:54.154412+08	\N	2024-05-21 15:16:54.154412+08	王昱莉	ls17839	\N	\N	\N	89cbb191-d648-477b-80b2-087104444ac7	\N	\N
30dcd5be-4a61-47dc-ae2c-0c43430e836c	t	\N	2024-05-21 15:16:54.15541+08	\N	2024-05-21 15:16:54.15541+08	温富云	ls17787	\N	\N	\N	89cbb191-d648-477b-80b2-087104444ac7	\N	\N
1ccbacfc-414d-4f1d-970b-13ecfab7b134	t	\N	2024-05-21 15:16:54.15541+08	\N	2024-05-21 15:16:54.15541+08	林新鹏	ls17778	\N	\N	\N	89cbb191-d648-477b-80b2-087104444ac7	\N	\N
0b1500a8-bfb3-4419-8c68-17f9212fe11f	t	\N	2024-05-21 15:16:54.156407+08	\N	2024-05-21 15:16:54.156407+08	肖钰鹏	yupeng	\N	\N	\N	e27963d8-1c95-4559-82ac-d73bf57aa30a	\N	\N
025d97f2-b7aa-4589-8268-32cf584c3401	t	\N	2024-05-21 15:16:54.157405+08	\N	2024-05-21 15:16:54.157405+08	鲁晶	jing	\N	\N	\N	fa7f1b30-9fa1-4876-af1a-46b50730d5fc	\N	\N
aec0ab5f-f18b-4e68-98d5-a6562741bf66	t	\N	2024-05-21 15:16:54.158402+08	\N	2024-05-21 15:16:54.158402+08	张东梅	dongmei1	\N	\N	\N	1f371b61-dc0d-4473-97c6-5d4576eb92d7	\N	\N
fed0d79d-c4cd-4168-b9c0-7a99d8856673	t	\N	2024-05-21 15:16:54.1594+08	\N	2024-05-21 15:16:54.1594+08	吕卫东	ls17813	\N	\N	\N	95f18671-caa0-47c9-8706-3cd93d99b795	\N	\N
064cd65f-2359-4792-9728-d389e7bff459	t	\N	2024-05-21 15:16:54.160397+08	\N	2024-05-21 15:16:54.160397+08	李奎	ls17936	\N	\N	\N	76f49ce8-3b08-45c5-9d98-eccc849f128a	\N	\N
596b1e1f-70f3-4399-a933-ee15f1c912aa	t	\N	2024-05-21 15:16:54.162393+08	\N	2024-05-21 15:16:54.162393+08	曹佃勇	dianyong	\N	\N	\N	dc6bc6c4-60d8-4513-a425-38447632f9b9	\N	\N
b0f87197-0cc2-400d-b5b4-49ac0a078e7b	t	\N	2024-05-21 15:16:54.164394+08	\N	2024-05-21 15:16:54.164394+08	胡钧赫	junhe	\N	\N	\N	fa7f1b30-9fa1-4876-af1a-46b50730d5fc	\N	\N
30aaa11f-3a44-41dc-8e53-d828cbb68de8	t	\N	2024-05-21 15:16:54.166381+08	\N	2024-05-21 15:16:54.166381+08	桂英浩	yinghao	\N	\N	\N	dd7ee76e-ba9d-4fff-8bcf-8c5e0ad0e4ea	\N	\N
af090b86-70d1-4c1c-9447-cc3040026090	t	\N	2024-05-21 15:16:54.167379+08	\N	2024-05-21 15:16:54.167379+08	杨梅	ls17223	\N	\N	\N	89cbb191-d648-477b-80b2-087104444ac7	\N	\N
9c1e9f5d-876f-4587-824b-a82900705854	t	\N	2024-05-21 15:16:54.168378+08	\N	2024-05-21 15:16:54.168378+08	武晓梅	ls17510	\N	\N	\N	89cbb191-d648-477b-80b2-087104444ac7	\N	\N
a475d6e5-e51f-4b33-9ed2-05e47f19abe2	t	\N	2024-05-21 15:16:54.170372+08	\N	2024-05-21 15:16:54.170372+08	姜文新	ls17206	\N	\N	\N	89cbb191-d648-477b-80b2-087104444ac7	\N	\N
8f4d18ea-7ff0-4c5a-b386-cb3e8e20a6e3	t	\N	2024-05-21 15:16:54.171373+08	\N	2024-05-21 15:16:54.171373+08	金顺爱	shunai	\N	\N	\N	fa7f1b30-9fa1-4876-af1a-46b50730d5fc	\N	\N
8aa5c215-a369-4abd-9912-a612009cd01b	t	\N	2024-05-21 15:16:54.172365+08	\N	2024-05-21 15:16:54.172365+08	鲁战忠	ls17698	\N	\N	\N	76f49ce8-3b08-45c5-9d98-eccc849f128a	\N	\N
cb1c3295-1cae-4ee7-a88f-336f09e82c94	t	\N	2024-05-21 15:16:54.173362+08	\N	2024-05-21 15:16:54.173362+08	江泓辰	hongchen	\N	\N	\N	bf944031-8a3f-4bc2-96c5-52cc85cf8ae6	\N	\N
e171044d-6894-4b02-82e8-347973a11dd8	t	\N	2024-05-21 15:16:54.17436+08	\N	2024-05-21 15:16:54.17436+08	葛庭忠	ls17674	\N	\N	\N	89cbb191-d648-477b-80b2-087104444ac7	\N	\N
367496f2-448b-4957-9cd4-f1c5034e484e	t	\N	2024-05-21 15:16:54.175357+08	\N	2024-05-21 15:16:54.175357+08	吕彦刚	yangang	\N	\N	\N	dfcf008f-3fb9-4abd-9009-af2cddde36a0	\N	\N
e56b7bc8-949a-4c1b-abe7-892dabf91722	t	\N	2024-05-21 15:16:54.176355+08	\N	2024-05-21 15:16:54.176355+08	金光浩	guanghao	\N	\N	\N	9da97e0b-851b-4b47-a628-be5dd90306ef	\N	\N
e64e3c35-21e7-485d-94eb-04c6e7dd581f	t	\N	2024-05-21 15:16:54.177351+08	\N	2024-05-21 15:16:54.177351+08	杜颖建	yingjian	\N	\N	\N	f50227f7-b074-4b90-9a63-e87b3a8bbb73	\N	\N
62b6385e-aec0-4a93-8f96-7fe326231830	t	\N	2024-05-21 15:16:54.179349+08	\N	2024-05-21 15:16:54.179349+08	许旻	min	\N	\N	\N	f50227f7-b074-4b90-9a63-e87b3a8bbb73	\N	\N
f5539c7e-7ce6-43f3-bf00-3ce17f939663	t	\N	2024-05-21 15:16:54.181343+08	\N	2024-05-21 15:16:54.181343+08	王德功	degong	\N	\N	\N	9eb7191b-7a2c-4de2-9353-fda5a38b0fb5	\N	\N
fa8b4413-0ac0-4393-934a-304a8831516b	t	\N	2024-05-21 15:16:54.182339+08	\N	2024-05-21 15:16:54.182339+08	付志圆	zhiyuan	\N	\N	\N	e27963d8-1c95-4559-82ac-d73bf57aa30a	\N	\N
4698833e-0cb1-4d22-9670-60a141cf38e0	t	\N	2024-05-21 15:16:54.183336+08	\N	2024-05-21 15:16:54.183336+08	孙得刚	degang	\N	\N	\N	932aaf98-e192-432a-9c0f-5166c823baf2	\N	\N
d6070e9e-3264-48fb-a84b-9aa1c8a67c81	t	\N	2024-05-21 15:16:54.185331+08	\N	2024-05-21 15:16:54.185331+08	刘军	jun1	\N	\N	\N	dfcf008f-3fb9-4abd-9009-af2cddde36a0	\N	\N
c3a88898-83de-4f74-985e-cebb9f6e0853	t	\N	2024-05-21 15:16:54.186328+08	\N	2024-05-21 15:16:54.186328+08	赵万里	ls17486	\N	\N	\N	36ca85db-55bd-4df3-b1c4-9ea961160a37	\N	\N
14408e6b-f476-4bbd-a4bc-5f81d303beb7	t	\N	2024-05-21 15:16:54.188323+08	\N	2024-05-21 15:16:54.188323+08	丁超宁	ls17452	\N	\N	\N	89cbb191-d648-477b-80b2-087104444ac7	\N	\N
e2254616-28bf-4485-9667-4668adf45254	t	\N	2024-05-21 15:16:54.18932+08	\N	2024-05-21 15:16:54.18932+08	王明东	ls17155	\N	\N	\N	89cbb191-d648-477b-80b2-087104444ac7	\N	\N
2618f7b9-230a-412a-b1f0-34217dd63081	t	\N	2024-05-21 15:16:54.190319+08	\N	2024-05-21 15:16:54.190319+08	刘少倩	ls17284	\N	\N	\N	89cbb191-d648-477b-80b2-087104444ac7	\N	\N
9bc7cb01-266a-44de-901b-50ef0b7169e9	t	\N	2024-05-21 15:16:54.191316+08	\N	2024-05-21 15:16:54.191316+08	宋佳蓉	jiarong	\N	\N	\N	bbd89d20-7864-48af-bae1-e18d162f3f50	\N	\N
565fdd9f-7aa0-4c0d-87bd-d2b1443128e5	t	\N	2024-05-21 15:16:54.19331+08	\N	2024-05-21 15:16:54.19331+08	梁开艳	kaiyan	\N	\N	\N	c3a4f120-846a-4224-80e8-e656ce211c04	\N	\N
27bea61e-f7bf-4b38-941a-3f934a694fb0	t	\N	2024-05-21 15:16:54.194307+08	\N	2024-05-21 15:16:54.194307+08	李永贵	ls17139	\N	\N	\N	89cbb191-d648-477b-80b2-087104444ac7	\N	\N
4a895a5a-2ded-4775-94db-f7d4045a3812	t	\N	2024-05-21 15:16:54.196305+08	\N	2024-05-21 15:16:54.196305+08	张秀英	ls17300	\N	\N	\N	89cbb191-d648-477b-80b2-087104444ac7	\N	\N
919ac7e1-0877-4d8b-89c2-c7ba03e59c8f	t	\N	2024-05-21 15:16:54.198298+08	\N	2024-05-21 15:16:54.198298+08	刘平平	pingping	\N	\N	\N	20676c07-0365-4a24-818f-d89009fd29a0	\N	\N
78f40be8-1e41-4ada-aafb-74308872c472	t	\N	2024-05-21 15:16:54.199294+08	\N	2024-05-21 15:16:54.199294+08	李昌洙	ls17298	\N	\N	\N	89cbb191-d648-477b-80b2-087104444ac7	\N	\N
f5070c8f-9aa0-4c54-8d4a-e177988df7a1	t	\N	2024-05-21 15:16:54.200291+08	\N	2024-05-21 15:16:54.200291+08	宫召辉	ls17954	\N	\N	\N	89cbb191-d648-477b-80b2-087104444ac7	\N	\N
f8ffaa88-03aa-47da-a73d-5b618f041343	t	\N	2024-05-21 15:16:54.20129+08	\N	2024-05-21 15:16:54.20129+08	刘群宇	ls17393	\N	\N	\N	89cbb191-d648-477b-80b2-087104444ac7	\N	\N
894e4909-276b-4304-adef-3fd41e1aa959	t	\N	2024-05-21 15:16:54.202286+08	\N	2024-05-21 15:16:54.202286+08	赵永江	ls17822	\N	\N	\N	76f49ce8-3b08-45c5-9d98-eccc849f128a	\N	\N
8aecefda-8324-48b3-8804-afa3cd3b3432	t	\N	2024-05-21 15:16:54.203284+08	\N	2024-05-21 15:16:54.203284+08	孙雪林	ls17400	\N	\N	\N	36ca85db-55bd-4df3-b1c4-9ea961160a37	\N	\N
613f2a4f-d464-47d5-bbc1-a3a47f64b245	t	\N	2024-05-21 15:16:54.204281+08	\N	2024-05-21 15:16:54.204281+08	胡宝库	ls17572	\N	\N	\N	36ca85db-55bd-4df3-b1c4-9ea961160a37	\N	\N
218dd73d-afe6-480f-b7e9-85f81cbd4640	t	\N	2024-05-21 15:16:54.205279+08	\N	2024-05-21 15:16:54.205279+08	孙佳梅	jiamei	\N	\N	\N	cded407a-0271-41eb-bccd-80da52c26dee	\N	\N
8bdd4df6-cf85-47f0-aec1-d7c3dd112d5b	t	\N	2024-05-21 15:16:54.206276+08	\N	2024-05-21 15:16:54.206276+08	赵京	ls17744	\N	\N	\N	89cbb191-d648-477b-80b2-087104444ac7	\N	\N
2504d3a8-a586-4c52-a9b5-93cbbe57d656	t	\N	2024-05-21 15:16:54.208271+08	\N	2024-05-21 15:16:54.208271+08	王璐	ls17961	\N	\N	\N	89cbb191-d648-477b-80b2-087104444ac7	\N	\N
61f4c829-d9f1-445e-bdd3-627efd0c8318	t	\N	2024-05-21 15:16:54.209268+08	\N	2024-05-21 15:16:54.209268+08	王心刚	ls17988	\N	\N	\N	89cbb191-d648-477b-80b2-087104444ac7	\N	\N
0ef2b440-0b74-4f57-a805-4daf933b486d	t	\N	2024-05-21 15:16:54.210267+08	\N	2024-05-21 15:16:54.210267+08	刘敏	ls17592	\N	\N	\N	89cbb191-d648-477b-80b2-087104444ac7	\N	\N
418fd82f-0c33-4dec-8b40-1d2108e54777	t	\N	2024-05-21 15:16:54.212262+08	\N	2024-05-21 15:16:54.212262+08	栾硕林	ls17894	\N	\N	\N	89cbb191-d648-477b-80b2-087104444ac7	\N	\N
6f73a75c-5f7c-4a27-a1ca-ca7ef56255a8	t	\N	2024-05-21 15:16:54.214255+08	\N	2024-05-21 15:16:54.214255+08	楚聪	ls17362	\N	\N	\N	89cbb191-d648-477b-80b2-087104444ac7	\N	\N
ffeb93a2-336a-46ec-b7b6-46dab1b95003	t	\N	2024-05-21 15:16:54.216249+08	\N	2024-05-21 15:16:54.216249+08	万祖辉	ls17742	\N	\N	\N	89cbb191-d648-477b-80b2-087104444ac7	\N	\N
d67e6995-c683-4778-8f9e-eea517f16cf8	t	\N	2024-05-21 15:16:54.217246+08	\N	2024-05-21 15:16:54.217246+08	刘兴峰	ls17999	\N	\N	\N	89cbb191-d648-477b-80b2-087104444ac7	\N	\N
0d6cd20f-2901-4b43-8b73-5eb956f6f3d1	t	\N	2024-05-21 15:16:54.217246+08	\N	2024-05-21 15:16:54.217246+08	赵相臣	ls17272	\N	\N	\N	89cbb191-d648-477b-80b2-087104444ac7	\N	\N
78a8fc70-bb09-4583-b97b-2a8d2d76e876	t	\N	2024-05-21 15:16:54.218243+08	\N	2024-05-21 15:16:54.218243+08	李英杰	ls17861	\N	\N	\N	89cbb191-d648-477b-80b2-087104444ac7	\N	\N
454c34c1-cf10-4493-a845-9bc2f063e062	t	\N	2024-05-21 15:16:54.219241+08	\N	2024-05-21 15:16:54.219241+08	李思佳	sijia	\N	\N	\N	cc775e53-3b00-4d54-95ef-db019694b1ad	\N	\N
a586dde7-59e9-4aa7-901f-5982d4b53db2	t	\N	2024-05-21 15:16:54.220239+08	\N	2024-05-21 15:16:54.220239+08	刘洲起	zhouqi	\N	\N	\N	bf944031-8a3f-4bc2-96c5-52cc85cf8ae6	\N	\N
d9d92334-a247-42fd-a357-33e0856e0273	t	\N	2024-05-21 15:16:54.221236+08	\N	2024-05-21 15:16:54.221236+08	季文军	ls18122	\N	\N	\N	89cbb191-d648-477b-80b2-087104444ac7	\N	\N
0bf4e471-0ba3-4c38-8c3e-21dcdc2a71c6	t	\N	2024-05-21 15:16:54.222233+08	\N	2024-05-21 15:16:54.222233+08	吴华峰	ls17878	\N	\N	\N	89cbb191-d648-477b-80b2-087104444ac7	\N	\N
2afbc4f3-431d-4406-ba7e-7e9313b6837e	t	\N	2024-05-21 15:16:54.22323+08	\N	2024-05-21 15:16:54.22323+08	胡全浩	ls17986	\N	\N	\N	89cbb191-d648-477b-80b2-087104444ac7	\N	\N
d88b9639-d654-4424-b204-d16e067d7c26	t	\N	2024-05-21 15:16:54.224228+08	\N	2024-05-21 15:16:54.224228+08	侯志	ls18094	\N	\N	\N	89cbb191-d648-477b-80b2-087104444ac7	\N	\N
bcc3e675-1e3a-4405-a085-e4ff225cd35d	t	\N	2024-05-21 15:16:54.225225+08	\N	2024-05-21 15:16:54.225225+08	刘晓文	ls18016	\N	\N	\N	89cbb191-d648-477b-80b2-087104444ac7	\N	\N
e17ca9c9-d487-4896-9fd8-bbd4b2a0945f	t	\N	2024-05-21 15:16:54.226222+08	\N	2024-05-21 15:16:54.226222+08	王晓峰	ls18132	\N	\N	\N	89cbb191-d648-477b-80b2-087104444ac7	\N	\N
cb4e04e9-5e7b-4f8a-b729-a20d46064281	t	\N	2024-05-21 15:16:54.227219+08	\N	2024-05-21 15:16:54.227219+08	王永良	ls18111	\N	\N	\N	89cbb191-d648-477b-80b2-087104444ac7	\N	\N
a994af51-5703-4a1b-8cd4-4891db74e13c	t	\N	2024-05-21 15:16:54.228217+08	\N	2024-05-21 15:16:54.228217+08	朱春龙	ls17884	\N	\N	\N	89cbb191-d648-477b-80b2-087104444ac7	\N	\N
c9f9d8e1-3509-4759-8b47-89f6e081d836	t	\N	2024-05-21 15:16:54.230219+08	\N	2024-05-21 15:16:54.230219+08	林江海	ls0218	\N	\N	\N	95f18671-caa0-47c9-8706-3cd93d99b795	\N	\N
6a29fddf-a215-4793-8767-ac5d41b12e90	t	\N	2024-05-21 15:16:54.232207+08	\N	2024-05-21 15:16:54.232207+08	鲁战忠	ls0169	\N	\N	\N	95f18671-caa0-47c9-8706-3cd93d99b795	\N	\N
af330161-f655-470c-905f-9078e325be0f	t	\N	2024-05-21 15:16:54.234202+08	\N	2024-05-21 15:16:54.234202+08	何越	ls0538	\N	\N	\N	36ca85db-55bd-4df3-b1c4-9ea961160a37	\N	\N
d9ff35c7-8ca7-421a-a32c-fac70e012f96	t	\N	2024-05-21 15:16:54.235199+08	\N	2024-05-21 15:16:54.235199+08	成鑫	ls0306	\N	\N	\N	36ca85db-55bd-4df3-b1c4-9ea961160a37	\N	\N
e9de0a68-500a-4f67-9050-9ca710f3d4d2	t	\N	2024-05-21 15:16:54.236198+08	\N	2024-05-21 15:16:54.236198+08	鲁强	ls0536	\N	\N	\N	36ca85db-55bd-4df3-b1c4-9ea961160a37	\N	\N
ae52c3b5-c6b8-41ed-9e27-75ccff0b9e93	t	\N	2024-05-21 15:16:54.237194+08	\N	2024-05-21 15:16:54.237194+08	薛成海	ls0553	\N	\N	\N	ed2f74bf-3569-4b5a-b2be-03bb03626304	\N	\N
5029f3c3-fed8-4a9e-8d4b-a0ef438fe62d	t	\N	2024-05-21 15:16:54.238191+08	\N	2024-05-21 15:16:54.238191+08	高树林	ls0226	\N	\N	\N	ed2f74bf-3569-4b5a-b2be-03bb03626304	\N	\N
4d65f94c-b7d4-4ef4-be1a-c99f7ebe2790	t	\N	2024-05-21 15:16:54.239188+08	\N	2024-05-21 15:16:54.239932+08	高树臣	ls0475	\N	\N	\N	ed2f74bf-3569-4b5a-b2be-03bb03626304	\N	\N
a8bb4e26-1bdc-4453-805b-9a27ca98e46e	t	\N	2024-05-21 15:16:54.239942+08	\N	2024-05-21 15:16:54.239942+08	王雷勇	ls0217	\N	\N	\N	36ca85db-55bd-4df3-b1c4-9ea961160a37	\N	\N
dfd8a019-46a1-40ac-a540-4e36149e2c5b	t	\N	2024-05-21 15:16:54.24193+08	\N	2024-05-21 15:16:54.24193+08	任邦友	ls0561	\N	\N	\N	36ca85db-55bd-4df3-b1c4-9ea961160a37	\N	\N
4ca72957-4680-43ab-b430-9cea65ffe8ec	t	\N	2024-05-21 15:16:54.242928+08	\N	2024-05-21 15:16:54.242928+08	许向东	ls0550	\N	\N	\N	36ca85db-55bd-4df3-b1c4-9ea961160a37	\N	\N
b910125e-c249-41fd-90b7-ad3815ef424f	t	\N	2024-05-21 15:16:54.242928+08	\N	2024-05-21 15:16:54.242928+08	刘立	ls0307	\N	\N	\N	36ca85db-55bd-4df3-b1c4-9ea961160a37	\N	\N
0f5d92cb-8c9f-435b-a4ea-b3211acb492f	t	\N	2024-05-21 15:16:54.243925+08	\N	2024-05-21 15:16:54.243925+08	李龙臣	ls0474	\N	\N	\N	ed2f74bf-3569-4b5a-b2be-03bb03626304	\N	\N
3d474488-20df-43be-9d1e-782df4dbbc47	t	\N	2024-05-21 15:16:54.244923+08	\N	2024-05-21 15:16:54.244923+08	郗忠传	ls0511	\N	\N	\N	ed2f74bf-3569-4b5a-b2be-03bb03626304	\N	\N
b5382710-6964-49c7-88e5-f9dfdaa05d41	t	\N	2024-05-21 15:16:54.247918+08	\N	2024-05-21 15:16:54.247918+08	王广	ls0465	\N	\N	\N	ed2f74bf-3569-4b5a-b2be-03bb03626304	\N	\N
14ae74aa-2b2f-45eb-b10d-daadd6be4400	t	\N	2024-05-21 15:16:54.24991+08	\N	2024-05-21 15:16:54.24991+08	马礼坤	ls0547	\N	\N	\N	36ca85db-55bd-4df3-b1c4-9ea961160a37	\N	\N
79100852-70f6-4aca-8c04-42d0570cffd8	t	\N	2024-05-21 15:16:54.250909+08	\N	2024-05-21 15:16:54.250909+08	杨景尧	ls0219	\N	\N	\N	95f18671-caa0-47c9-8706-3cd93d99b795	\N	\N
29768f69-5ba4-46ce-896f-e31c6ae0bc17	t	\N	2024-05-21 15:16:54.252901+08	\N	2024-05-21 15:16:54.252901+08	王建明	ls0234	\N	\N	\N	36ca85db-55bd-4df3-b1c4-9ea961160a37	\N	\N
80738fcc-ce15-45ea-ad7f-58a40abeea25	t	\N	2024-05-21 15:16:54.253898+08	\N	2024-05-21 15:16:54.253898+08	孙雪林	ls0236	\N	\N	\N	36ca85db-55bd-4df3-b1c4-9ea961160a37	\N	\N
3f422efe-35a1-4a3e-b753-36c8b3ffb645	t	\N	2024-05-21 15:16:54.254897+08	\N	2024-05-21 15:16:54.254897+08	博永华	ls0535	\N	\N	\N	36ca85db-55bd-4df3-b1c4-9ea961160a37	\N	\N
5b926dd2-1f92-408d-9066-9bcf74a3bfe9	t	\N	2024-05-21 15:16:54.256891+08	\N	2024-05-21 15:16:54.256891+08	史锡昭	ls0290	\N	\N	\N	36ca85db-55bd-4df3-b1c4-9ea961160a37	\N	\N
60e99ae7-a5ae-4e09-8285-883068082bb1	t	\N	2024-05-21 15:16:54.257889+08	\N	2024-05-21 15:16:54.257889+08	任磊	ls0205	\N	\N	\N	ed2f74bf-3569-4b5a-b2be-03bb03626304	\N	\N
cc1583dc-a952-4ca7-aaa9-aa2e1d25c804	t	\N	2024-05-21 15:16:54.259884+08	\N	2024-05-21 15:16:54.259884+08	付万清	ls0513	\N	\N	\N	ed2f74bf-3569-4b5a-b2be-03bb03626304	\N	\N
9a13c130-5a8f-47df-a688-96edc11733f3	t	\N	2024-05-21 15:16:54.260882+08	\N	2024-05-21 15:16:54.260882+08	孙凌云	ls0466	\N	\N	\N	ed2f74bf-3569-4b5a-b2be-03bb03626304	\N	\N
9084741c-3665-4652-b619-bd984905784b	t	\N	2024-05-21 15:16:54.26487+08	\N	2024-05-21 15:16:54.26487+08	曲学然	ls0546	\N	\N	\N	ed2f74bf-3569-4b5a-b2be-03bb03626304	\N	\N
eb7421be-848a-468c-b9f7-4420070fff3a	t	\N	2024-05-21 15:16:54.265866+08	\N	2024-05-21 15:16:54.265866+08	陈晶	ls0459	\N	\N	\N	ed2f74bf-3569-4b5a-b2be-03bb03626304	\N	\N
b8136fe5-a0a7-45ad-ac2a-a38ab7772103	t	\N	2024-05-21 15:16:54.267862+08	\N	2024-05-21 15:16:54.267862+08	姚宝灏	ls0512	\N	\N	\N	ed2f74bf-3569-4b5a-b2be-03bb03626304	\N	\N
74ea6033-e2dd-4f07-8bce-f89041873046	t	\N	2024-05-21 15:16:54.268859+08	\N	2024-05-21 15:16:54.268859+08	薛成林	ls0227	\N	\N	\N	76f49ce8-3b08-45c5-9d98-eccc849f128a	\N	\N
19440e55-3ca0-4ebc-a14a-0752c4c27b13	t	\N	2024-05-21 15:16:54.269857+08	\N	2024-05-21 15:16:54.269857+08	肖春雨	ls0569	\N	\N	\N	36ca85db-55bd-4df3-b1c4-9ea961160a37	\N	\N
84500a00-e5d1-40d9-881a-197ecce994a7	t	\N	2024-05-21 15:16:54.271852+08	\N	2024-05-21 15:16:54.271852+08	李殿东	ls0228	\N	\N	\N	36ca85db-55bd-4df3-b1c4-9ea961160a37	\N	\N
22a07371-f469-42ad-8466-d62e0fd96dc4	t	\N	2024-05-21 15:16:54.273847+08	\N	2024-05-21 15:16:54.273847+08	丁建国	ls0544	\N	\N	\N	36ca85db-55bd-4df3-b1c4-9ea961160a37	\N	\N
e167cd50-6108-4646-a71b-3d5510f6b6d2	t	\N	2024-05-21 15:16:54.274843+08	\N	2024-05-21 15:16:54.274843+08	曲宏智	ls0530	\N	\N	\N	ed2f74bf-3569-4b5a-b2be-03bb03626304	\N	\N
05487ee5-0b75-40ec-9663-6355ea174489	t	\N	2024-05-21 15:16:54.276838+08	\N	2024-05-21 15:16:54.276838+08	刘帅	ls0482	\N	\N	\N	ed2f74bf-3569-4b5a-b2be-03bb03626304	\N	\N
8115ed0d-8234-4d6d-b8a4-fcf0d9f81c0b	t	\N	2024-05-21 15:16:54.277835+08	\N	2024-05-21 15:16:54.277835+08	贾洪敏	ls0458	\N	\N	\N	ed2f74bf-3569-4b5a-b2be-03bb03626304	\N	\N
14ea7644-18c0-4dc8-9c58-fc018fb2aea3	t	\N	2024-05-21 15:16:54.279834+08	\N	2024-05-21 15:16:54.279834+08	索世刚	ls0225	\N	\N	\N	36ca85db-55bd-4df3-b1c4-9ea961160a37	\N	\N
a0726317-5b37-4598-b2b0-9bcc62cff4fe	t	\N	2024-05-21 15:16:54.282822+08	\N	2024-05-21 15:16:54.282822+08	赵永江	ls0235	\N	\N	\N	95f18671-caa0-47c9-8706-3cd93d99b795	\N	\N
75b6603a-3cb2-48b4-b1d2-5a999f411fcb	t	\N	2024-05-21 15:16:54.28382+08	\N	2024-05-21 15:16:54.28382+08	马风代	ls0457	\N	\N	\N	36ca85db-55bd-4df3-b1c4-9ea961160a37	\N	\N
5a566f95-c2a2-4679-bb64-53416577db68	t	\N	2024-05-21 15:16:54.284817+08	\N	2024-05-21 15:16:54.284817+08	赵万里	ls0552	\N	\N	\N	36ca85db-55bd-4df3-b1c4-9ea961160a37	\N	\N
cb37e36f-f77d-467a-a864-ffd475cd6b32	t	\N	2024-05-21 15:16:54.286811+08	\N	2024-05-21 15:16:54.286811+08	胡宝库	ls0533	\N	\N	\N	36ca85db-55bd-4df3-b1c4-9ea961160a37	\N	\N
90e46af9-c27b-4412-a6c8-373e0ec53051	t	\N	2024-05-21 15:16:54.28781+08	\N	2024-05-21 15:16:54.28781+08	商思亮	ls0529	\N	\N	\N	ed2f74bf-3569-4b5a-b2be-03bb03626304	\N	\N
a6219d83-4c64-4820-80b9-f9d03917f89d	t	\N	2024-05-21 15:16:54.288807+08	\N	2024-05-21 15:16:54.288807+08	吕卫东	ls0473	\N	\N	\N	ed2f74bf-3569-4b5a-b2be-03bb03626304	\N	\N
ecff30cc-7a26-4e59-94f6-7b7e6721f3e3	t	\N	2024-05-21 15:16:54.290801+08	\N	2024-05-21 15:16:54.290801+08	孙全刚	ls0545	\N	\N	\N	ed2f74bf-3569-4b5a-b2be-03bb03626304	\N	\N
99ecd58f-7fde-43dd-9268-32093ffe189f	t	\N	2024-05-21 15:16:54.292796+08	\N	2024-05-21 15:16:54.292796+08	徐百森	ls0187	\N	\N	\N	89cbb191-d648-477b-80b2-087104444ac7	\N	\N
dec0a666-82d6-4d89-9458-54b0115a7230	t	\N	2024-05-21 15:16:54.293794+08	\N	2024-05-21 15:16:54.293794+08	王家斌	ls0090	\N	\N	\N	89cbb191-d648-477b-80b2-087104444ac7	\N	\N
e876f9c0-42f9-4558-91f5-522f6634dd41	t	\N	2024-05-21 15:16:54.295788+08	\N	2024-05-21 15:16:54.295788+08	林雨	ls0494	\N	\N	\N	89cbb191-d648-477b-80b2-087104444ac7	\N	\N
2e4a9dc2-bccc-413b-b43e-eb1002e8616b	t	\N	2024-05-21 15:16:54.297784+08	\N	2024-05-21 15:16:54.297784+08	万祖辉	ls0083	\N	\N	\N	89cbb191-d648-477b-80b2-087104444ac7	\N	\N
80670ea1-f826-408e-a441-c8c161ce01e3	t	\N	2024-05-21 15:16:54.299777+08	\N	2024-05-21 15:16:54.299777+08	蔡元	ls0189	\N	\N	\N	89cbb191-d648-477b-80b2-087104444ac7	\N	\N
4c30bb27-db22-4d3c-870a-3d4709e69ccb	t	\N	2024-05-21 15:16:54.300776+08	\N	2024-05-21 15:16:54.300776+08	丁磊	ls0491	\N	\N	\N	89cbb191-d648-477b-80b2-087104444ac7	\N	\N
7baaa866-54b4-4241-b804-6202d5e5d71c	t	\N	2024-05-21 15:16:54.301772+08	\N	2024-05-21 15:16:54.301772+08	夏洪娟	ls0487	\N	\N	\N	89cbb191-d648-477b-80b2-087104444ac7	\N	\N
3c56754b-b773-49f6-9b9c-83d437d62d96	t	\N	2024-05-21 15:16:54.302769+08	\N	2024-05-21 15:16:54.302769+08	段雪光	ls0503	\N	\N	\N	89cbb191-d648-477b-80b2-087104444ac7	\N	\N
7871aeb2-24c4-4953-987e-689e6f35e8d4	t	\N	2024-05-21 15:16:54.303766+08	\N	2024-05-21 15:16:54.303766+08	刘晓	ls0456	\N	\N	\N	89cbb191-d648-477b-80b2-087104444ac7	\N	\N
6caa600b-81cc-4c00-b7a6-544f9da71266	t	\N	2024-05-21 15:16:54.304764+08	\N	2024-05-21 15:16:54.304764+08	徐硕	ls0470	\N	\N	\N	89cbb191-d648-477b-80b2-087104444ac7	\N	\N
5efeb292-52c7-4860-b995-50a877622265	t	\N	2024-05-21 15:16:54.306758+08	\N	2024-05-21 15:16:54.306758+08	王昱莉	ls0425	\N	\N	\N	89cbb191-d648-477b-80b2-087104444ac7	\N	\N
6c3362c6-4013-4ee8-ba96-5873e8178390	t	\N	2024-05-21 15:16:54.307756+08	\N	2024-05-21 15:16:54.307756+08	刘敏	ls0515	\N	\N	\N	89cbb191-d648-477b-80b2-087104444ac7	\N	\N
add73a75-8f38-4b41-87c5-6a8a48e582ee	t	\N	2024-05-21 15:16:54.308753+08	\N	2024-05-21 15:16:54.308753+08	宋秋玉	ls0172	\N	\N	\N	89cbb191-d648-477b-80b2-087104444ac7	\N	\N
2c4388e5-c343-4298-8fea-51cd9d498a93	t	\N	2024-05-21 15:16:54.309763+08	\N	2024-05-21 15:16:54.309763+08	王晓朋	ls0170	\N	\N	\N	89cbb191-d648-477b-80b2-087104444ac7	\N	\N
baeb9363-557b-407c-bf31-a489b052a297	t	\N	2024-05-21 15:16:54.310749+08	\N	2024-05-21 15:16:54.310749+08	王明东	ls0082	\N	\N	\N	89cbb191-d648-477b-80b2-087104444ac7	\N	\N
0c5410c7-4745-4b5d-bb9b-03609527f8ea	t	\N	2024-05-21 15:16:54.312744+08	\N	2024-05-21 15:16:54.312744+08	孙灵娟	ls0595	\N	\N	\N	89cbb191-d648-477b-80b2-087104444ac7	\N	\N
c7116934-bc29-494c-966c-2d93906f324d	t	\N	2024-05-21 15:16:54.314738+08	\N	2024-05-21 15:16:54.314738+08	敖琼	ls0504	\N	\N	\N	89cbb191-d648-477b-80b2-087104444ac7	\N	\N
8bc6df0d-f0b5-404e-bf49-58fe4edf4fa8	t	\N	2024-05-21 15:16:54.315736+08	\N	2024-05-21 15:16:54.315736+08	姜媛媛	ls0446	\N	\N	\N	89cbb191-d648-477b-80b2-087104444ac7	\N	\N
424289ea-f487-4e5a-8602-5f4e950a42e3	t	\N	2024-05-21 15:16:54.31773+08	\N	2024-05-21 15:16:54.31773+08	栾硕林	ls0497	\N	\N	\N	89cbb191-d648-477b-80b2-087104444ac7	\N	\N
4167b566-f152-4d3e-9ead-742e53387c69	t	\N	2024-05-21 15:16:54.319725+08	\N	2024-05-21 15:16:54.319725+08	李东梅	ls0488	\N	\N	\N	89cbb191-d648-477b-80b2-087104444ac7	\N	\N
bad3f1e0-daab-429b-84c5-0524725ff969	t	\N	2024-05-21 15:16:54.320724+08	\N	2024-05-21 15:16:54.320724+08	李基江	ls0493	\N	\N	\N	89cbb191-d648-477b-80b2-087104444ac7	\N	\N
adfded7f-23cc-4a94-8da2-36c2910dbd19	t	\N	2024-05-21 15:16:54.322717+08	\N	2024-05-21 15:16:54.322717+08	姚寿全	ls0448	\N	\N	\N	89cbb191-d648-477b-80b2-087104444ac7	\N	\N
95766631-9eab-492d-a0f8-8cc93bae880d	t	\N	2024-05-21 15:16:54.323713+08	\N	2024-05-21 15:16:54.323713+08	赵相臣	ls0462	\N	\N	\N	89cbb191-d648-477b-80b2-087104444ac7	\N	\N
5da9d514-387c-4aa3-9d61-192b7bce9316	t	\N	2024-05-21 15:16:54.324711+08	\N	2024-05-21 15:16:54.324711+08	李文玺	ls0081	\N	\N	\N	89cbb191-d648-477b-80b2-087104444ac7	\N	\N
f6e53822-34a3-4ffb-ac0d-944f6201908c	t	\N	2024-05-21 15:16:54.325708+08	\N	2024-05-21 15:16:54.325708+08	巩宪龙	ls0188	\N	\N	\N	89cbb191-d648-477b-80b2-087104444ac7	\N	\N
71c98969-063b-49c2-b5ce-82bdae917223	t	\N	2024-05-21 15:16:54.326706+08	\N	2024-05-21 15:16:54.326706+08	汪卫东	ls0178	\N	\N	\N	89cbb191-d648-477b-80b2-087104444ac7	\N	\N
25be9153-3a39-42e2-96c0-fab165fc76cb	t	\N	2024-05-21 15:16:54.327704+08	\N	2024-05-21 15:16:54.327704+08	李英杰	ls0180	\N	\N	\N	89cbb191-d648-477b-80b2-087104444ac7	\N	\N
54f1374b-cd68-419f-91ee-46ab7022c140	t	\N	2024-05-21 15:16:54.3307+08	\N	2024-05-21 15:16:54.3307+08	徐彩霞	ls0031	\N	\N	\N	89cbb191-d648-477b-80b2-087104444ac7	\N	\N
8923ebc2-92e2-428c-bc42-ec281dc8cb0b	t	\N	2024-05-21 15:16:54.33269+08	\N	2024-05-21 15:16:54.33269+08	赵平平	ls0498	\N	\N	\N	89cbb191-d648-477b-80b2-087104444ac7	\N	\N
20a48e7f-948b-4073-a85c-4258afca3bb9	t	\N	2024-05-21 15:16:54.333687+08	\N	2024-05-21 15:16:54.333687+08	姜倩	ls0481	\N	\N	\N	89cbb191-d648-477b-80b2-087104444ac7	\N	\N
78ae4568-eb75-448d-95fd-208fef4bc171	t	\N	2024-05-21 15:16:54.334684+08	\N	2024-05-21 15:16:54.334684+08	孙东亮	ls0484	\N	\N	\N	89cbb191-d648-477b-80b2-087104444ac7	\N	\N
b5626f25-388b-418c-984e-ee52b286abab	t	\N	2024-05-21 15:16:54.335681+08	\N	2024-05-21 15:16:54.335681+08	李明升	ls0500	\N	\N	\N	89cbb191-d648-477b-80b2-087104444ac7	\N	\N
5925feb2-9e4e-492b-83f6-2ab7c76b5aa5	t	\N	2024-05-21 15:16:54.336679+08	\N	2024-05-21 15:16:54.336679+08	杨成	ls0479	\N	\N	\N	89cbb191-d648-477b-80b2-087104444ac7	\N	\N
292e79c7-5cf8-4d8f-8241-67cace531628	t	\N	2024-05-21 15:16:54.337677+08	\N	2024-05-21 15:16:54.337677+08	刘庆良	ls0439	\N	\N	\N	89cbb191-d648-477b-80b2-087104444ac7	\N	\N
a17b4e91-dae0-4864-a2cc-12a20eeef78a	t	\N	2024-05-21 15:16:54.339672+08	\N	2024-05-21 15:16:54.339672+08	张秀英	ls0540	\N	\N	\N	89cbb191-d648-477b-80b2-087104444ac7	\N	\N
b8471580-15a2-4e43-b933-bb2892e3f133	t	\N	2024-05-21 15:16:54.341+08	\N	2024-05-21 15:16:54.341+08	王永良	ls0061	\N	\N	\N	89cbb191-d648-477b-80b2-087104444ac7	\N	\N
4bf5cacf-8091-44fd-b0fa-d06c05209fd1	t	\N	2024-05-21 15:16:54.34197+08	\N	2024-05-21 15:16:54.34197+08	王鸿帆	ls0147	\N	\N	\N	89cbb191-d648-477b-80b2-087104444ac7	\N	\N
9d4e0601-7f17-4aac-804a-a51b1ad410eb	t	\N	2024-05-21 15:16:54.342968+08	\N	2024-05-21 15:16:54.342968+08	谭文永	ls0073	\N	\N	\N	89cbb191-d648-477b-80b2-087104444ac7	\N	\N
e8ae8fa5-65f3-4566-9146-520108a02d18	t	\N	2024-05-21 15:16:54.343966+08	\N	2024-05-21 15:16:54.343966+08	潘乐生	ls0084	\N	\N	\N	89cbb191-d648-477b-80b2-087104444ac7	\N	\N
678432cf-3f63-4ffc-91b7-494597fc9fea	t	\N	2024-05-21 15:16:54.345961+08	\N	2024-05-21 15:16:54.345961+08	王心刚	ls0310	\N	\N	\N	89cbb191-d648-477b-80b2-087104444ac7	\N	\N
8b9609f1-122b-49f1-83d0-c2711f93aa4f	t	\N	2024-05-21 15:16:54.349949+08	\N	2024-05-21 15:16:54.349949+08	迟娜	ls0495	\N	\N	\N	89cbb191-d648-477b-80b2-087104444ac7	\N	\N
642c8ddb-581b-4286-807b-d629b2fb427a	t	\N	2024-05-21 15:16:54.350947+08	\N	2024-05-21 15:16:54.350947+08	徐学全	ls0485	\N	\N	\N	89cbb191-d648-477b-80b2-087104444ac7	\N	\N
56776049-54e7-4840-b3a0-7f652906717f	t	\N	2024-05-21 15:16:54.351944+08	\N	2024-05-21 15:16:54.351944+08	刘运玺	ls0572	\N	\N	\N	89cbb191-d648-477b-80b2-087104444ac7	\N	\N
7a02ddda-e3c2-4d57-b41a-46e667118a3e	t	\N	2024-05-21 15:16:54.352941+08	\N	2024-05-21 15:16:54.352941+08	郗洪涛	ls0404	\N	\N	\N	89cbb191-d648-477b-80b2-087104444ac7	\N	\N
aaf7bea2-dc97-47d2-a38a-91dedb0a86be	t	\N	2024-05-21 15:16:54.354936+08	\N	2024-05-21 15:16:54.354936+08	丁超宁	ls0409	\N	\N	\N	89cbb191-d648-477b-80b2-087104444ac7	\N	\N
e9cee6c6-9c5a-49ab-a0e6-b95a33a994df	t	\N	2024-05-21 15:16:54.355933+08	\N	2024-05-21 15:16:54.355933+08	季文军	ls0433	\N	\N	\N	89cbb191-d648-477b-80b2-087104444ac7	\N	\N
3cad3ec1-a20d-4332-ad93-d53d83cfadc2	t	\N	2024-05-21 15:16:54.356932+08	\N	2024-05-21 15:16:54.356932+08	赵京	ls0164	\N	\N	\N	89cbb191-d648-477b-80b2-087104444ac7	\N	\N
294b5845-3915-48a1-9ebb-b1785b443d19	t	\N	2024-05-21 15:16:54.358927+08	\N	2024-05-21 15:16:54.358927+08	黄从贵	ls0053	\N	\N	\N	89cbb191-d648-477b-80b2-087104444ac7	\N	\N
08e6464d-7c7a-4421-ba11-f8fdc0531898	t	\N	2024-05-21 15:16:54.359924+08	\N	2024-05-21 15:16:54.360921+08	林绍霞	ls0186	\N	\N	\N	89cbb191-d648-477b-80b2-087104444ac7	\N	\N
3f509b9e-9f62-43d5-aff9-8f0ba9c1d48c	t	\N	2024-05-21 15:16:54.361926+08	\N	2024-05-21 15:16:54.361926+08	王建军	ls0179	\N	\N	\N	89cbb191-d648-477b-80b2-087104444ac7	\N	\N
1e05eb83-0cb6-44be-959a-6f854a0e57db	t	\N	2024-05-21 15:16:54.363917+08	\N	2024-05-21 15:16:54.363917+08	王晓峰	ls0074	\N	\N	\N	89cbb191-d648-477b-80b2-087104444ac7	\N	\N
8a5c8b42-ab59-4671-aec6-57ec9a39cc29	t	\N	2024-05-21 15:16:54.365908+08	\N	2024-05-21 15:16:54.365908+08	朱春龙	ls0039	\N	\N	\N	89cbb191-d648-477b-80b2-087104444ac7	\N	\N
9a907850-ab2d-471e-b98e-3696d903ee8e	t	\N	2024-05-21 15:16:54.366904+08	\N	2024-05-21 15:16:54.366904+08	宋秋波	ls0501	\N	\N	\N	89cbb191-d648-477b-80b2-087104444ac7	\N	\N
c911b7e8-55a8-4c41-8728-5ed528ddd5a8	t	\N	2024-05-21 15:16:54.367902+08	\N	2024-05-21 15:16:54.367902+08	乔振刚	ls0463	\N	\N	\N	89cbb191-d648-477b-80b2-087104444ac7	\N	\N
63e7825b-b169-4a20-a07e-e8a2a2015031	t	\N	2024-05-21 15:16:54.368899+08	\N	2024-05-21 15:16:54.368899+08	孙青华	ls0558	\N	\N	\N	89cbb191-d648-477b-80b2-087104444ac7	\N	\N
c36b4a7a-a3cc-4d77-92b2-aaada5537edc	t	\N	2024-05-21 15:16:54.369897+08	\N	2024-05-21 15:16:54.369897+08	刘兴峰	ls0523	\N	\N	\N	89cbb191-d648-477b-80b2-087104444ac7	\N	\N
e9e9b2fb-5b1e-4716-970c-fdd0d4a16788	t	\N	2024-05-21 15:16:54.370895+08	\N	2024-05-21 15:16:54.371892+08	陈尧忠	ls0441	\N	\N	\N	89cbb191-d648-477b-80b2-087104444ac7	\N	\N
6ea63a2f-b478-41c2-a67a-daf9b5728d54	t	\N	2024-05-21 15:16:54.372889+08	\N	2024-05-21 15:16:54.372889+08	王志强	ls0483	\N	\N	\N	89cbb191-d648-477b-80b2-087104444ac7	\N	\N
1bc6cabe-ee4b-4162-8cb7-9c80fefb93e8	t	\N	2024-05-21 15:16:54.373886+08	\N	2024-05-21 15:16:54.373886+08	袭敏	ls0440	\N	\N	\N	89cbb191-d648-477b-80b2-087104444ac7	\N	\N
d3fff38c-f3a4-41b3-aaf9-72dc40ee6de6	t	\N	2024-05-21 15:16:54.374883+08	\N	2024-05-21 15:16:54.374883+08	路继成	ls0075	\N	\N	\N	89cbb191-d648-477b-80b2-087104444ac7	\N	\N
edba71d5-f470-47df-bda9-c5b05571436b	t	\N	2024-05-21 15:16:54.375881+08	\N	2024-05-21 15:16:54.375881+08	曹贻保	ls0171	\N	\N	\N	89cbb191-d648-477b-80b2-087104444ac7	\N	\N
a98b041f-2363-423d-bdbc-2d48e9b701b7	t	\N	2024-05-21 15:16:54.376879+08	\N	2024-05-21 15:16:54.376879+08	李振红	ls0213	\N	\N	\N	89cbb191-d648-477b-80b2-087104444ac7	\N	\N
e8685ea1-5267-4638-92c1-c4eca277eb18	t	\N	2024-05-21 15:16:54.378873+08	\N	2024-05-21 15:16:54.378873+08	胡全浩	ls0190	\N	\N	\N	89cbb191-d648-477b-80b2-087104444ac7	\N	\N
b86af90a-b632-4ec7-9c85-fcf47a436b84	t	\N	2024-05-21 15:16:54.380868+08	\N	2024-05-21 15:16:54.381865+08	司尚进	ls0496	\N	\N	\N	89cbb191-d648-477b-80b2-087104444ac7	\N	\N
4aef4220-052a-45aa-8d37-a0ecf082e9dc	t	\N	2024-05-21 15:16:54.382862+08	\N	2024-05-21 15:16:54.382862+08	王新英	ls0480	\N	\N	\N	89cbb191-d648-477b-80b2-087104444ac7	\N	\N
4b15aa87-564a-454e-ad73-7767d0067153	t	\N	2024-05-21 15:16:54.383859+08	\N	2024-05-21 15:16:54.383859+08	巴萍	ls0472	\N	\N	\N	89cbb191-d648-477b-80b2-087104444ac7	\N	\N
902b1bb5-e618-48c1-9a5c-f53950cdc886	t	\N	2024-05-21 15:16:54.384857+08	\N	2024-05-21 15:16:54.384857+08	刘少倩	ls0499	\N	\N	\N	89cbb191-d648-477b-80b2-087104444ac7	\N	\N
b17f820a-c653-42b8-9b7d-33b13b587d2d	t	\N	2024-05-21 15:16:54.385854+08	\N	2024-05-21 15:16:54.385854+08	柳许东	ls0449	\N	\N	\N	89cbb191-d648-477b-80b2-087104444ac7	\N	\N
01223760-c468-4883-8b2a-f2f8f44d644a	t	\N	2024-05-21 15:16:54.38785+08	\N	2024-05-21 15:16:54.38785+08	刘杰	ls0417	\N	\N	\N	89cbb191-d648-477b-80b2-087104444ac7	\N	\N
7157daf2-8784-42a1-972f-cfe6f2b19fc8	t	\N	2024-05-21 15:16:54.388846+08	\N	2024-05-21 15:16:54.388846+08	刘群宇	ls0471	\N	\N	\N	89cbb191-d648-477b-80b2-087104444ac7	\N	\N
f7d6128c-59ea-4303-a671-80fac88ec8ff	t	\N	2024-05-21 15:16:54.390842+08	\N	2024-05-21 15:16:54.390842+08	潘英明	yingming	\N	\N	\N	bf944031-8a3f-4bc2-96c5-52cc85cf8ae6	\N	\N
2f5d5f1b-200e-4964-8e3c-be7b51987cdb	t	\N	2024-05-21 15:16:54.391838+08	\N	2024-05-21 15:16:54.391838+08	张誉舰	ls0065	\N	\N	\N	8732c841-718e-4f87-b6ed-585bcaee660f	\N	\N
6e6bdf8d-f9b5-4498-9cbd-7ab42c5e0421	t	\N	2024-05-21 15:16:54.392835+08	\N	2024-05-21 15:16:54.392835+08	杨永升	ls0526	\N	\N	\N	8732c841-718e-4f87-b6ed-585bcaee660f	\N	\N
74ad047b-56d1-4782-b2db-7afa7038460a	t	\N	2024-05-21 15:16:54.393833+08	\N	2024-05-21 15:16:54.393833+08	朱成磊	ls0541	\N	\N	\N	8732c841-718e-4f87-b6ed-585bcaee660f	\N	\N
dbfd94bc-c73b-417b-9489-fa3ec27e34fa	t	\N	2024-05-21 15:16:54.39483+08	\N	2024-05-21 15:16:54.39483+08	鹿成利	ls0405	\N	\N	\N	8732c841-718e-4f87-b6ed-585bcaee660f	\N	\N
42840671-1259-49d8-8f4d-64d67c7bea08	t	\N	2024-05-21 15:16:54.396827+08	\N	2024-05-21 15:16:54.396827+08	姜绍华	ls0566	\N	\N	\N	8732c841-718e-4f87-b6ed-585bcaee660f	\N	\N
eae7b323-f5ad-47e9-b793-c84a2f3d7665	t	\N	2024-05-21 15:16:54.39882+08	\N	2024-05-21 15:16:54.39882+08	姜贞平	ls0525	\N	\N	\N	8732c841-718e-4f87-b6ed-585bcaee660f	\N	\N
6c0217b7-5440-4546-b47a-f467bb0e8fee	t	\N	2024-05-21 15:16:54.400815+08	\N	2024-05-21 15:16:54.400815+08	刘成顺	ls0509	\N	\N	\N	8732c841-718e-4f87-b6ed-585bcaee660f	\N	\N
23c7a3d0-90e9-465b-8770-87f4b77a4922	t	\N	2024-05-21 15:16:54.401813+08	\N	2024-05-21 15:16:54.401813+08	乔华丽	ls0402	\N	\N	\N	8732c841-718e-4f87-b6ed-585bcaee660f	\N	\N
be245fe4-febe-48ac-b23b-5b618744904c	t	\N	2024-05-21 15:16:54.403848+08	\N	2024-05-21 15:16:54.403848+08	包德波	ls0442	\N	\N	\N	8732c841-718e-4f87-b6ed-585bcaee660f	\N	\N
9555badd-97e8-45af-9e43-9c3b8dca6d3f	t	\N	2024-05-21 15:16:54.404845+08	\N	2024-05-21 15:16:54.404845+08	谭晓龙	ls0542	\N	\N	\N	8732c841-718e-4f87-b6ed-585bcaee660f	\N	\N
646a2190-f78c-44d1-90a0-a5e6c9eee80a	t	\N	2024-05-21 15:16:54.4068+08	\N	2024-05-21 15:16:54.4068+08	曹汝墨	ls0518	\N	\N	\N	8732c841-718e-4f87-b6ed-585bcaee660f	\N	\N
08e3c32c-af87-42ec-b5a7-b6789fa6732d	t	\N	2024-05-21 15:16:54.407835+08	\N	2024-05-21 15:16:54.407835+08	杨守利	ls0508	\N	\N	\N	8732c841-718e-4f87-b6ed-585bcaee660f	\N	\N
ffb7fc44-f665-48b1-911d-0eb035e2a1ae	t	\N	2024-05-21 15:16:54.409791+08	\N	2024-05-21 15:16:54.409791+08	刘春旭	ls0406	\N	\N	\N	8732c841-718e-4f87-b6ed-585bcaee660f	\N	\N
8c9847b4-3458-4755-b1a5-490dbe06101b	t	\N	2024-05-21 15:16:54.410788+08	\N	2024-05-21 15:16:54.410788+08	吕志健	ls0517	\N	\N	\N	8732c841-718e-4f87-b6ed-585bcaee660f	\N	\N
64ceddb2-d3c2-4631-9824-5fc62f306e7a	t	\N	2024-05-21 15:16:54.411785+08	\N	2024-05-21 15:16:54.411785+08	吕广辉	ls0284	\N	\N	\N	8732c841-718e-4f87-b6ed-585bcaee660f	\N	\N
534940ce-85be-4671-a456-fa9ea3f0b0c9	t	\N	2024-05-21 15:16:54.414781+08	\N	2024-05-21 15:16:54.414781+08	窦旌赫	ls0549	\N	\N	\N	8732c841-718e-4f87-b6ed-585bcaee660f	\N	\N
ed78a8df-0ad0-415b-8f9c-2fe28250cc58	t	\N	2024-05-21 15:16:54.415778+08	\N	2024-05-21 15:16:54.415778+08	王祥羽	ls0575	\N	\N	\N	8732c841-718e-4f87-b6ed-585bcaee660f	\N	\N
c64f32ee-af1e-49f1-afb1-308acc54ef3d	t	\N	2024-05-21 15:16:54.416808+08	\N	2024-05-21 15:16:54.416808+08	林守洋	ls0112	\N	\N	\N	89cbb191-d648-477b-80b2-087104444ac7	\N	\N
f3253dfe-fe58-403e-be66-18152b3297e8	t	\N	2024-05-21 15:16:54.418767+08	\N	2024-05-21 15:16:54.418767+08	史玉娇	ls0502	\N	\N	\N	36ca85db-55bd-4df3-b1c4-9ea961160a37	\N	\N
1b91b22c-fea9-4f3b-8f98-29cbb5d1822c	t	\N	2024-05-21 15:16:54.419764+08	\N	2024-05-21 15:16:54.419764+08	金光福	guangfu	\N	\N	\N	2fa0c33e-6db0-486b-88fa-593eb2ef784a	\N	\N
8f4fbf35-0525-41f0-bc31-448728bc95a8	t	\N	2024-05-21 15:16:54.420802+08	\N	2024-05-21 15:16:54.420802+08	刘荣花	ronghua	\N	\N	\N	20676c07-0365-4a24-818f-d89009fd29a0	\N	\N
a71149db-420b-4a01-b900-ba8e86f3c942	t	\N	2024-05-21 15:16:54.421799+08	\N	2024-05-21 15:16:54.421799+08	邹志坚	zhijian	\N	\N	\N	bf944031-8a3f-4bc2-96c5-52cc85cf8ae6	\N	\N
8b7409a3-be12-4541-b71b-8a17d00b2726	t	\N	2024-05-21 15:16:54.422756+08	\N	2024-05-21 15:16:54.422756+08	柏明	ming	\N	\N	\N	4dea4239-8108-4068-a3bc-65d9759fd4c8	\N	\N
bfd57c97-ddac-4ba6-aa0e-8c0dbb9d615b	t	\N	2024-05-21 15:16:54.424751+08	\N	2024-05-21 15:16:54.424751+08	刘彦青	yanqing	\N	\N	\N	f50227f7-b074-4b90-9a63-e87b3a8bbb73	\N	\N
89d775b6-f489-4faa-8d31-f7e383dfcc38	t	\N	2024-05-21 15:16:54.425783+08	\N	2024-05-21 15:16:54.425783+08	张泽茜	zexi	\N	\N	\N	bbd89d20-7864-48af-bae1-e18d162f3f50	\N	\N
7fd227cf-33b5-4229-a85c-9e31d7b79a94	t	\N	2024-05-21 15:16:54.427744+08	\N	2024-05-21 15:16:54.427744+08	宋伟华	weihua	\N	\N	\N	f50227f7-b074-4b90-9a63-e87b3a8bbb73	\N	\N
2ed44217-924e-4a79-8145-8fbb8896f2f9	t	\N	2024-05-21 15:16:54.42874+08	\N	2024-05-21 15:16:54.42874+08	郑杰文	jiewen	\N	\N	\N	a47ed725-d8d8-424c-a1ee-da0608328787	\N	\N
766b4d21-3d09-4b9d-8fc8-7612ae22b245	t	\N	2024-05-21 15:16:54.430739+08	\N	2024-05-21 15:16:54.430739+08	陈亮	liang1	\N	\N	\N	a60987fc-b3fc-4772-bcdb-7d28aefee107	\N	\N
59f97254-06c6-4a53-ba61-982931ff0395	t	\N	2024-05-21 15:16:54.43273+08	\N	2024-05-21 15:16:54.43273+08	赵庆禄	ls0597	\N	\N	\N	36ca85db-55bd-4df3-b1c4-9ea961160a37	\N	\N
9c91e9f4-bfcf-4d1c-aa5c-f21691af086b	t	\N	2024-05-21 15:16:54.433728+08	\N	2024-05-21 15:16:54.433728+08	柳月梅	ls0103	\N	\N	\N	89cbb191-d648-477b-80b2-087104444ac7	\N	\N
01717107-688e-464f-9468-7db9c4f9a9a0	t	\N	2024-05-21 15:16:54.435722+08	\N	2024-05-21 15:16:54.435722+08	曲春政	ls0154	\N	\N	\N	89cbb191-d648-477b-80b2-087104444ac7	\N	\N
50954083-49e3-43fb-b6a7-fc9e3b9f93a5	t	\N	2024-05-21 15:16:54.436719+08	\N	2024-05-21 15:16:54.436719+08	崔久波	ls0146	\N	\N	\N	89cbb191-d648-477b-80b2-087104444ac7	\N	\N
a1287e93-dc7e-4ffd-863e-7c36cda1e342	t	\N	2024-05-21 15:16:54.437717+08	\N	2024-05-21 15:16:54.437717+08	王明东	ls0467	\N	\N	\N	95f18671-caa0-47c9-8706-3cd93d99b795	\N	\N
24e6829b-7087-41bd-a221-ad7803f215de	t	\N	2024-05-21 15:16:54.439711+08	\N	2024-05-21 15:16:54.439711+08	姜志强	zhiqiang	\N	\N	\N	cc775e53-3b00-4d54-95ef-db019694b1ad	\N	\N
5cae0e77-7376-4e9d-abda-e72d56e15e2e	t	\N	2024-05-21 15:16:54.440709+08	\N	2024-05-21 15:16:54.440709+08	吕惠琳	huilin	\N	\N	\N	3b2d3660-b164-4a70-b253-c6e5211cc542	\N	\N
b7568817-00ac-4ae6-b83f-a610be47b2f9	t	\N	2024-05-21 15:16:54.442215+08	\N	2024-05-21 15:16:54.442215+08	王金峰	jinfeng	\N	\N	\N	bf944031-8a3f-4bc2-96c5-52cc85cf8ae6	\N	\N
4473192d-784b-475b-aca8-60c81052e96c	t	\N	2024-05-21 15:16:54.443212+08	\N	2024-05-21 15:16:54.443212+08	戚梦龙	menglong	\N	\N	\N	3e212c0a-2cc4-4d3e-85ad-7b948f85c8c1	\N	\N
53a5f14f-37e6-46cd-be1d-623b924f3dd7	t	\N	2024-05-21 15:16:54.444209+08	\N	2024-05-21 15:16:54.444209+08	侯志	ls0153	\N	\N	\N	89cbb191-d648-477b-80b2-087104444ac7	\N	\N
3c671c83-39e0-46ca-be8a-c2d3746fd368	t	\N	2024-05-21 15:16:54.446211+08	\N	2024-05-21 15:16:54.446211+08	郝丽瑄	lixuan	\N	\N	\N	2ee75b1e-ebcf-4d86-b646-e58820aef55d	\N	\N
057c5d33-8d0c-4171-9246-c654584ae4c1	t	\N	2024-05-21 15:16:54.449197+08	\N	2024-05-21 15:16:54.449197+08	李子豪	zihao	\N	\N	\N	f50227f7-b074-4b90-9a63-e87b3a8bbb73	\N	\N
5b175ce2-fcd3-4ba5-b3cf-9a3afcdcefbc	t	\N	2024-05-21 15:16:54.450194+08	\N	2024-05-21 15:16:54.450194+08	刘东博	dongbo	\N	\N	\N	4dea4239-8108-4068-a3bc-65d9759fd4c8	\N	\N
075fca66-569e-4e08-a9ce-2d7efb7fcd85	t	\N	2024-05-21 15:16:54.451191+08	\N	2024-05-21 15:16:54.451191+08	郭兴刚	xinggang	\N	\N	\N	f50227f7-b074-4b90-9a63-e87b3a8bbb73	\N	\N
a7c8f7b3-d74b-4d5f-8818-512354bdc2e9	t	\N	2024-05-21 15:16:54.452189+08	\N	2024-05-21 15:16:54.452189+08	王新淇	xinqi	\N	\N	\N	3eee5b3e-9a73-4360-bdd6-7260a0b564de	\N	\N
26536a19-93e3-4694-95f8-fac5891923cc	t	\N	2024-05-21 15:16:54.454183+08	\N	2024-05-21 15:16:54.454183+08	孙晓云	ic0732174	\N	\N	\N	e851c0a3-fa89-4f14-a7c3-c6021e9976ed	\N	\N
87d1935d-f86e-4cb1-8d53-ec04aaea7f5f	t	\N	2024-05-21 15:16:54.45518+08	\N	2024-05-21 15:16:54.45518+08	金善荣	shanrong	\N	\N	\N	3e212c0a-2cc4-4d3e-85ad-7b948f85c8c1	\N	\N
ec27a669-68dc-4432-87e4-f35f657dfcce	t	\N	2024-05-21 15:16:54.456178+08	\N	2024-05-21 15:16:54.456178+08	贺梦凡	ls0080	\N	\N	\N	89cbb191-d648-477b-80b2-087104444ac7	\N	\N
fa26ad9f-6f0c-4aa2-8c07-e0aab88ff60c	t	\N	2024-05-21 15:16:54.457175+08	\N	2024-05-21 15:16:54.457175+08	林枫涛	ls0557	\N	\N	\N	89cbb191-d648-477b-80b2-087104444ac7	\N	\N
28a6196e-4e0a-419c-b444-acb6aad4e93f	t	\N	2024-05-21 15:16:54.458172+08	\N	2024-05-21 15:16:54.458172+08	张效民	ls0464	\N	\N	\N	ed2f74bf-3569-4b5a-b2be-03bb03626304	\N	\N
a8e88efb-c44e-4919-822e-24c9feeee73a	t	\N	2024-05-21 15:16:54.45917+08	\N	2024-05-21 15:16:54.45917+08	张松坪	songping	\N	\N	\N	f50227f7-b074-4b90-9a63-e87b3a8bbb73	\N	\N
e3239e38-ea33-44bf-a8a4-022ad612564e	t	\N	2024-05-21 15:16:54.460167+08	\N	2024-05-21 15:16:54.460167+08	赵永江	ls0431	\N	\N	\N	89cbb191-d648-477b-80b2-087104444ac7	\N	\N
055da35e-1ebb-4336-9b14-5934338d7359	t	\N	2024-05-21 15:16:54.461165+08	\N	2024-05-21 15:16:54.461165+08	徐海东	ls0279	\N	\N	\N	89cbb191-d648-477b-80b2-087104444ac7	\N	\N
1ef0daea-ba82-440a-8639-e83c186dc678	t	\N	2024-05-21 15:16:54.463164+08	\N	2024-05-21 15:16:54.463164+08	万祖辉	ls0430	\N	\N	\N	89cbb191-d648-477b-80b2-087104444ac7	\N	\N
397fd281-4149-4735-ac5c-b973357d555b	t	\N	2024-05-21 15:16:54.465155+08	\N	2024-05-21 15:16:54.465155+08	于高虎	ls0414	\N	\N	\N	89cbb191-d648-477b-80b2-087104444ac7	\N	\N
c765abd1-d0bc-4969-bfbf-a049368dd7c8	t	\N	2024-05-21 15:16:54.467149+08	\N	2024-05-21 15:16:54.467149+08	孙伟	ls0322	\N	\N	\N	89cbb191-d648-477b-80b2-087104444ac7	\N	\N
d3de4143-e417-47b3-aac0-275d6f1ee8ac	t	\N	2024-05-21 15:16:54.468147+08	\N	2024-05-21 15:16:54.468147+08	岳亚林	ls0422	\N	\N	\N	89cbb191-d648-477b-80b2-087104444ac7	\N	\N
4cfdf154-bae5-4d38-aeec-9d89dd3b285f	t	\N	2024-05-21 15:16:54.469144+08	\N	2024-05-21 15:16:54.469144+08	何越	ls0092	\N	\N	\N	36ca85db-55bd-4df3-b1c4-9ea961160a37	\N	\N
b0e62645-7241-4485-a9af-ccba5b84deae	t	\N	2024-05-21 15:16:54.470142+08	\N	2024-05-21 15:16:54.470142+08	梁笑华	ls0413	\N	\N	\N	89cbb191-d648-477b-80b2-087104444ac7	\N	\N
77c07f8f-b74f-4a8c-8c74-cd91b61c855a	t	\N	2024-05-21 15:16:54.472137+08	\N	2024-05-21 15:16:54.472137+08	马昌苗	changmiao	\N	\N	\N	f50227f7-b074-4b90-9a63-e87b3a8bbb73	\N	\N
72266527-1ccc-48ce-94cb-c650a5526dc4	t	\N	2024-05-21 15:16:54.473133+08	\N	2024-05-21 15:16:54.473133+08	苏捷	jie1	\N	\N	\N	3c4e032d-f9f4-45a0-99ca-fa6ac60a5303	\N	\N
af5d8c0c-1e30-4f5d-b64f-6146f21bb029	t	\N	2024-05-21 15:16:54.474133+08	\N	2024-05-21 15:16:54.474133+08	黄亮	liang	\N	\N	\N	f50227f7-b074-4b90-9a63-e87b3a8bbb73	\N	\N
bbfca907-a290-4ddc-a2c5-a0e7eb539f0f	t	\N	2024-05-21 15:16:54.476125+08	\N	2024-05-21 15:16:54.476125+08	李光辉	ls0418	\N	\N	\N	89cbb191-d648-477b-80b2-087104444ac7	\N	\N
563d110f-e57e-41c0-a8fe-e94a4156d4c9	t	\N	2024-05-21 15:16:54.477122+08	\N	2024-05-21 15:16:54.477122+08	刘冰	ls0429	\N	\N	\N	89cbb191-d648-477b-80b2-087104444ac7	\N	\N
a971b25d-6ac4-4570-924c-07a18d54d2e1	t	\N	2024-05-21 15:16:54.47812+08	\N	2024-05-21 15:16:54.47812+08	朱良梁	ls0410	\N	\N	\N	89cbb191-d648-477b-80b2-087104444ac7	\N	\N
59a073d9-b73a-4502-9eca-259ea5f224bc	t	\N	2024-05-21 15:16:54.481117+08	\N	2024-05-21 15:16:54.481117+08	赵任豪	ls0421	\N	\N	\N	89cbb191-d648-477b-80b2-087104444ac7	\N	\N
c36da466-415b-4888-b6ba-4ce1b31a325e	t	\N	2024-05-21 15:16:54.483108+08	\N	2024-05-21 15:16:54.483108+08	李海凤	ls0416	\N	\N	\N	89cbb191-d648-477b-80b2-087104444ac7	\N	\N
50a462a6-66f9-4f31-b933-d425cc00412c	t	\N	2024-05-21 15:16:54.484105+08	\N	2024-05-21 15:16:54.484105+08	王新平	ls0072	\N	\N	\N	89cbb191-d648-477b-80b2-087104444ac7	\N	\N
d45de677-7b5b-401f-ad17-2966109f8f0c	t	\N	2024-05-21 15:16:54.4861+08	\N	2024-05-21 15:16:54.4861+08	杨公银	ls0097	\N	\N	\N	89cbb191-d648-477b-80b2-087104444ac7	\N	\N
d9ba30cf-0ecd-409d-adff-438ca9dd0fec	t	\N	2024-05-21 15:16:54.487097+08	\N	2024-05-21 15:16:54.487097+08	崔言芹	ls0106	\N	\N	\N	89cbb191-d648-477b-80b2-087104444ac7	\N	\N
85c46b1c-857c-495f-a9e1-094ee3b7aae2	t	\N	2024-05-21 15:16:54.489094+08	\N	2024-05-21 15:16:54.489094+08	李雪	ls0113	\N	\N	\N	89cbb191-d648-477b-80b2-087104444ac7	\N	\N
20889e72-0635-4df8-a705-e25fe72b9f51	t	\N	2024-05-21 15:16:54.490089+08	\N	2024-05-21 15:16:54.490089+08	于斌	ls0055	\N	\N	\N	89cbb191-d648-477b-80b2-087104444ac7	\N	\N
397e7691-5332-47e1-b6a4-69b821319281	t	\N	2024-05-21 15:16:54.491086+08	\N	2024-05-21 15:16:54.491086+08	刘少勇	ls0071	\N	\N	\N	89cbb191-d648-477b-80b2-087104444ac7	\N	\N
e40e16db-371e-4c94-b1b2-2b6ae825af98	t	\N	2024-05-21 15:16:54.49308+08	\N	2024-05-21 15:16:54.49308+08	吴明艳	ls0114	\N	\N	\N	89cbb191-d648-477b-80b2-087104444ac7	\N	\N
12e54c39-56e0-4fcb-9382-ffb18760d76e	t	\N	2024-05-21 15:16:54.494077+08	\N	2024-05-21 15:16:54.494077+08	王宝麟	ls0105	\N	\N	\N	89cbb191-d648-477b-80b2-087104444ac7	\N	\N
e1d57870-1ec1-43cb-a625-6256b186fe06	t	\N	2024-05-21 15:16:54.495075+08	\N	2024-05-21 15:16:54.495075+08	杜国峰	guofeng	\N	\N	\N	bf944031-8a3f-4bc2-96c5-52cc85cf8ae6	\N	\N
a1baadfb-7f5a-4cf4-8469-251d3d69ce0c	t	\N	2024-05-21 15:16:54.49807+08	\N	2024-05-21 15:16:54.49807+08	李敏浩	minhao	\N	\N	\N	bae76f9e-d1bc-4f99-93ee-8b22fa39301d	\N	\N
322f8da7-d034-4fb0-86e5-4b77dbeac18b	t	\N	2024-05-21 15:16:54.499065+08	\N	2024-05-21 15:16:54.499065+08	胡全浩	ls0426	\N	\N	\N	89cbb191-d648-477b-80b2-087104444ac7	\N	\N
65aa275a-636d-4595-a84c-27f562c7cd54	t	\N	2024-05-21 15:16:54.500062+08	\N	2024-05-21 15:16:54.500062+08	王明东	ls0318	\N	\N	\N	36ca85db-55bd-4df3-b1c4-9ea961160a37	\N	\N
17bb8fff-03f7-4a33-b350-02b1acdda581	t	\N	2024-05-21 15:16:54.50106+08	\N	2024-05-21 15:16:54.50106+08	张萍	ping1	\N	\N	\N	9da97e0b-851b-4b47-a628-be5dd90306ef	\N	\N
3db79966-8c1d-4aaf-8b0c-ebc86532d3a8	t	\N	2024-05-21 15:16:54.502056+08	\N	2024-05-21 15:16:54.502056+08	栾硕林	ls0091	\N	\N	\N	89cbb191-d648-477b-80b2-087104444ac7	\N	\N
a324fe94-bec7-42c3-bfa2-228b62368928	t	\N	2024-05-21 15:16:54.503054+08	\N	2024-05-21 15:16:54.503054+08	张豪天	ls0098	\N	\N	\N	36ca85db-55bd-4df3-b1c4-9ea961160a37	\N	\N
09d8900d-addf-4c74-91ce-2f111d89271a	t	\N	2024-05-21 15:16:54.504051+08	\N	2024-05-21 15:16:54.504051+08	林玉兰	yulan	\N	\N	\N	3e212c0a-2cc4-4d3e-85ad-7b948f85c8c1	\N	\N
cad1266a-3ffe-4542-910a-d0a8c5173323	t	\N	2024-05-21 15:16:54.505049+08	\N	2024-05-21 15:16:54.505049+08	尹丽萃	licui	\N	\N	\N	fa7f1b30-9fa1-4876-af1a-46b50730d5fc	\N	\N
81a4fcb1-3fd4-48a1-8bc8-3632f350ba07	t	\N	2024-05-21 15:16:54.506046+08	\N	2024-05-21 15:16:54.506046+08	张豪天	ls0298	\N	\N	\N	36ca85db-55bd-4df3-b1c4-9ea961160a37	\N	\N
a6dfffa3-ccc2-48ad-86c8-918840c4b83a	t	\N	2024-05-21 15:16:54.507043+08	\N	2024-05-21 15:16:54.507043+08	申万龙	ls0455	\N	\N	\N	89cbb191-d648-477b-80b2-087104444ac7	\N	\N
b530e445-4fe2-4342-908e-eb36697e09db	t	\N	2024-05-21 15:16:54.508041+08	\N	2024-05-21 15:16:54.508041+08	孙晟凯	ls0424	\N	\N	\N	89cbb191-d648-477b-80b2-087104444ac7	\N	\N
40064564-c942-4353-a014-cfabf536668f	t	\N	2024-05-21 15:16:54.510035+08	\N	2024-05-21 15:16:54.510035+08	鲁言腾	ls0521	\N	\N	\N	89cbb191-d648-477b-80b2-087104444ac7	\N	\N
001c2558-68fd-48fb-9862-db03a2ec7008	t	\N	2024-05-21 15:16:53.941976+08	\N	2024-05-21 15:16:53.941976+08	马令泉	ic0752596	\N	\N	\N	1ecdce5f-6f12-4d25-bf76-12e7b5de9a9a	\N	043b5de1-0d1a-4470-98e4-491d6782fa51
dccb2528-55b1-46a4-9032-2d9db363e70a	t	\N	2024-05-21 15:16:52.913217+08	\N	2024-05-21 15:16:52.913217+08	李彪	1924803	\N	\N	\N	60788ebe-4094-488c-860c-9ee459e7930b	\N	c2be3466-f168-46e7-867d-f7f53fd89d13
4e6f38b4-9ae1-494c-8eda-49ccb9ff1f7b	t	\N	2024-05-21 15:16:52.576458+08	\N	2024-05-21 15:16:52.576458+08	王蓓蓓	ic0832989	\N	\N	\N	dd7ee76e-ba9d-4fff-8bcf-8c5e0ad0e4ea	\N	c2be3466-f168-46e7-867d-f7f53fd89d13
2f682a9c-08c2-47ae-8222-f64be0214e1b	t	\N	2024-05-21 15:16:52.237596+08	\N	2024-05-21 15:16:52.237596+08	李宝亮	1923283	\N	\N	\N	be176f6f-c409-4962-970a-4d3a71df161d	\N	\N
062a6cf1-ae70-46c0-a528-6e2685310d27	t	\N	2024-05-21 15:16:52.022478+08	\N	2024-05-21 15:16:52.022478+08	赵昌春	1923057	\N	\N	\N	97046c45-19e1-48f5-abee-17e7818c18be	\N	\N
19b64d86-a6d0-40c9-8a70-0d49c913a89b	t	\N	2024-05-21 15:16:54.34796+08	\N	2024-05-21 15:16:54.34796+08	李春艳	ls0490	\N	\N	\N	89cbb191-d648-477b-80b2-087104444ac7	3	\N
\.


--
-- Data for Name: pp_component; Type: TABLE DATA; Schema: public; Owner: mes
--

COPY public.pp_component (id, active, created_by, created_on, updated_by, updated_on, code, name, safe_storage, facility_id) FROM stdin;
\.


--
-- Data for Name: pp_component_amount; Type: TABLE DATA; Schema: public; Owner: mes
--

COPY public.pp_component_amount (id, active, created_by, created_on, updated_by, updated_on, quantity, component_id, location_id, warehouse_id) FROM stdin;
\.


--
-- Data for Name: pp_component_inout_list; Type: TABLE DATA; Schema: public; Owner: mes
--

COPY public.pp_component_inout_list (id, active, created_by, created_on, updated_by, updated_on, sign, quantity, component_id, inout_type_id, location_id, warehouse_id) FROM stdin;
\.


--
-- Data for Name: pp_location; Type: TABLE DATA; Schema: public; Owner: mes
--

COPY public.pp_location (id, active, created_by, created_on, updated_by, updated_on, code, name, warehouse_id) FROM stdin;
\.


--
-- Data for Name: pp_machine_code; Type: TABLE DATA; Schema: public; Owner: mes
--

COPY public.pp_machine_code (id, active, created_by, created_on, updated_by, updated_on, code, model_sap, model_mes, pro_group1, pro_group2, finished, facility_id, pro_quality_id) FROM stdin;
7f12b5b2-5708-47c9-863f-86f2f519c0b7	t	2	2024-05-22 14:59:48.766738+08	\N	2024-05-22 14:59:48.766738+08	CEAAG	DX60	DX60	\N	\N	t	6c0fede4-5e42-43e4-bada-c60d790aff6b	ead3c7c1-e440-49a1-90cc-8685a3b0816f
6e3c29b8-d23d-4419-bb0c-2143adbe0964	t	2	2024-05-22 15:00:30.89221+08	\N	2024-05-22 15:00:30.89221+08	CEAAJ	CEAAJ	CEAAJ	\N	\N	t	6c0fede4-5e42-43e4-bada-c60d790aff6b	9bff8a0f-9ec9-4978-8925-721590d8819a
e26de3db-d562-4b32-a0ab-7378fb591ce5	t	2	2024-05-22 15:01:56.837534+08	\N	2024-05-22 15:01:56.837534+08	CEAAX	DX80	DX80	\N	\N	t	6c0fede4-5e42-43e4-bada-c60d790aff6b	de4ae2ea-8011-4f7b-b91e-34da61dd220e
8b71d609-81bc-4a15-b114-e03d1beb078a	t	2	2024-05-22 15:02:20.734436+08	\N	2024-05-22 15:02:20.734436+08	CEAAZ	DX75	DX75	\N	\N	t	6c0fede4-5e42-43e4-bada-c60d790aff6b	ead3c7c1-e440-49a1-90cc-8685a3b0816f
0bf15cd9-6d7d-4a39-96f2-a3353557128d	t	2	2024-05-22 15:02:39.695618+08	\N	2024-05-22 15:02:39.695618+08	CEABA	DX55-9C	DX55-9C	\N	\N	f	6c0fede4-5e42-43e4-bada-c60d790aff6b	9bff8a0f-9ec9-4978-8925-721590d8819a
413e2736-3243-4132-871b-0d904171d7ca	t	2	2024-05-22 15:02:59.348698+08	\N	2024-05-22 15:02:59.348698+08	CEABB	DX60-9C	DX60-9C	\N	\N	t	6c0fede4-5e42-43e4-bada-c60d790aff6b	9bff8a0f-9ec9-4978-8925-721590d8819a
e234d8d1-1a91-4a83-bcd0-9656b09dcc98	t	2	2024-05-22 15:03:30.661412+08	\N	2024-05-22 15:03:30.661412+08	CEABC	DX75-9C PLUS	DX75-9C PLUS	\N	\N	t	6c0fede4-5e42-43e4-bada-c60d790aff6b	de4ae2ea-8011-4f7b-b91e-34da61dd220e
266b91f3-c7c6-4492-93d3-bb604748ab69	t	2	2024-05-22 15:10:39.084877+08	\N	2024-05-22 15:10:39.084877+08	CEABD	DX88-9C	DX88-9C	\N	\N	t	6c0fede4-5e42-43e4-bada-c60d790aff6b	de4ae2ea-8011-4f7b-b91e-34da61dd220e
5ae9d1ea-de4a-4d90-9fd1-fb26579747f1	t	2	2024-05-22 15:11:00.984212+08	\N	2024-05-22 15:11:00.984212+08	CEACJ	DX60E-10	DX60E-10	\N	\N	f	6c0fede4-5e42-43e4-bada-c60d790aff6b	ead3c7c1-e440-49a1-90cc-8685a3b0816f
e3b3c6c6-21b3-4a0b-bc28-3aa7c0f515aa	t	2	2024-05-22 15:11:19.16944+08	\N	2024-05-22 15:11:19.16944+08	CEACK	DX60 ACE-10	DX60 ACE-10	\N	\N	f	6c0fede4-5e42-43e4-bada-c60d790aff6b	ead3c7c1-e440-49a1-90cc-8685a3b0816f
\.


--
-- Data for Name: pp_machine_code_lines; Type: TABLE DATA; Schema: public; Owner: mes
--

COPY public.pp_machine_code_lines (id, machinecode_id, productline_id) FROM stdin;
\.


--
-- Data for Name: pp_model_code; Type: TABLE DATA; Schema: public; Owner: mes
--

COPY public.pp_model_code (id, active, created_by, created_on, updated_by, updated_on, code, brand_code, weight_sap, weight_brand, engine_no, remark, product, cup_id, facility_id, machine_code_id, machine_type_id, sale_type_id) FROM stdin;
6341cef3-a52c-443d-b011-4e0ba89b1e6c	t	2	2024-05-22 15:54:25.897011+08	\N	2024-05-22 15:54:25.897011+08	DH150LC-CH10	\N	0	0	\N		t	582364c0-681d-43c2-8d5a-ec16e95fccbb	6c0fede4-5e42-43e4-bada-c60d790aff6b	7f12b5b2-5708-47c9-863f-86f2f519c0b7	13bcc570-b229-470b-9b81-a25b7ec0fb93	a2ad7eee-ce66-4767-84b2-8655568d7e7e
c9312b65-ec7c-4c3f-9a28-98ddbbf88c85	t	2	2024-05-22 15:54:55.904129+08	\N	2024-05-22 15:54:55.904129+08	DH150LC-IN10	\N	0	0	\N		t	582364c0-681d-43c2-8d5a-ec16e95fccbb	6c0fede4-5e42-43e4-bada-c60d790aff6b	7f12b5b2-5708-47c9-863f-86f2f519c0b7	13bcc570-b229-470b-9b81-a25b7ec0fb93	a2ad7eee-ce66-4767-84b2-8655568d7e7e
3705058c-4688-463b-936f-de65c2740579	t	2	2024-05-22 15:55:21.704183+08	\N	2024-05-22 15:55:21.704183+08	DH150LC-SS10	\N	0	0	\N		f	576f1f2c-15c8-4d7c-ab06-8bcc371c9a7d	6c0fede4-5e42-43e4-bada-c60d790aff6b	6e3c29b8-d23d-4419-bb0c-2143adbe0964	13bcc570-b229-470b-9b81-a25b7ec0fb93	a2ad7eee-ce66-4767-84b2-8655568d7e7e
fff81d18-c5b4-49ea-9037-b890ce3bc952	t	2	2024-05-22 15:55:44.887042+08	\N	2024-05-22 15:55:44.887042+08	DH150LC-SS20	\N	0	0	\N		f	582364c0-681d-43c2-8d5a-ec16e95fccbb	6c0fede4-5e42-43e4-bada-c60d790aff6b	6e3c29b8-d23d-4419-bb0c-2143adbe0964	78b70cb2-7dc0-4162-87ee-103e6dcd1594	91d1c44f-db31-451b-9202-c6c4927f63a1
\.


--
-- Data for Name: pp_option_basic; Type: TABLE DATA; Schema: public; Owner: mes
--

COPY public.pp_option_basic (id, active, created_by, created_on, updated_by, updated_on, code, name, sequence, use, facility_id) FROM stdin;
e599e455-381b-417c-91b9-b9a5c80d5984	t	2	2024-05-21 15:28:18.58773+08	\N	2024-05-21 15:28:18.58773+08	O_AMBU	铲斗	127	t	6c0fede4-5e42-43e4-bada-c60d790aff6b
24df69c4-f985-400b-ad81-ca5c82262186	t	2	2024-05-21 15:34:41.331864+08	\N	2024-05-21 15:34:41.331864+08	O_AAHD	重载	102	t	6c0fede4-5e42-43e4-bada-c60d790aff6b
221e74c0-6e64-4a83-9579-22e990256b4e	t	2	2024-05-21 15:35:08.443155+08	\N	2024-05-21 15:35:08.443155+08	O_AARM	小臂	103	t	6c0fede4-5e42-43e4-bada-c60d790aff6b
5d061d1e-fc1e-4253-9760-94d5c870a6fa	t	2	2024-05-21 15:34:04.606873+08	2	2024-05-21 15:35:31.36565+08	O_AACW	附加配重	101	t	6c0fede4-5e42-43e4-bada-c60d790aff6b
377f7b46-68c8-4f08-9959-a1b891139540	t	2	2024-05-21 15:35:50.484031+08	\N	2024-05-21 15:35:50.484031+08	O_AART	关节臂	104	t	6c0fede4-5e42-43e4-bada-c60d790aff6b
dcecae11-b397-4ddc-ad1a-8e56c5952c05	t	2	2024-05-21 15:45:58.696842+08	\N	2024-05-21 15:45:58.696842+08	O_ACGA	小臂油缸护板	111	t	6c0fede4-5e42-43e4-bada-c60d790aff6b
fe53142a-9983-4f5f-81a9-e25e53f1e1e4	t	2	2024-05-21 15:46:21.058202+08	\N	2024-05-21 15:46:21.058202+08	O_ACGK	铲斗油缸护板	113	t	6c0fede4-5e42-43e4-bada-c60d790aff6b
41b45b24-ed79-4a1f-9ccb-c03802496e47	t	2	2024-05-21 15:47:40.254448+08	\N	2024-05-21 15:47:40.254448+08	O_ABBB	宝峨齿双底捞砂斗	105	t	6c0fede4-5e42-43e4-bada-c60d790aff6b
54fcdb0e-23fc-406e-9da5-a28fdd604ce1	t	2	2024-05-21 15:47:57.615325+08	\N	2024-05-21 15:47:57.615325+08	O_ABMC	大臂油缸	106	t	6c0fede4-5e42-43e4-bada-c60d790aff6b
12a9f7a7-060b-4a77-b40a-bb4ee8ed652c	t	2	2024-05-21 15:48:14.980105+08	\N	2024-05-21 15:48:14.980105+08	O_ABOM	大臂	107	t	6c0fede4-5e42-43e4-bada-c60d790aff6b
17b6a4e3-1d61-41c1-9d39-f568594181d7	t	2	2024-05-21 15:48:34.470813+08	\N	2024-05-21 15:48:34.470813+08	O_ABTP	斗齿销	109	t	6c0fede4-5e42-43e4-bada-c60d790aff6b
c45d01b8-5cad-4076-8ff4-910754899a07	t	2	2024-05-21 15:49:00.552884+08	\N	2024-05-21 15:49:00.552884+08	O_ABUK	铲斗	110	t	6c0fede4-5e42-43e4-bada-c60d790aff6b
4756b784-527b-42f9-b8c5-0a7eefb1b898	t	2	2024-05-21 15:49:38.498222+08	\N	2024-05-21 15:49:38.498222+08	O_ACWT	配置	114	t	6c0fede4-5e42-43e4-bada-c60d790aff6b
bb80b420-e490-4b16-99d6-e84d5ca8d509	t	2	2024-05-21 15:50:02.579677+08	\N	2024-05-21 15:50:02.579677+08	O_ADBB	截齿双底捞砂斗	116	t	6c0fede4-5e42-43e4-bada-c60d790aff6b
2bf664a3-7191-4e8f-9b83-78e02f0e4459	t	2	2024-05-21 15:50:19.2888+08	\N	2024-05-21 15:50:19.2888+08	O_ADKB	机锁杆	118	t	6c0fede4-5e42-43e4-bada-c60d790aff6b
0a9a84f8-9f75-4b04-a402-f584f612ee7c	t	2	2024-05-21 15:50:35.71992+08	\N	2024-05-21 15:50:35.71992+08	O_ADOZ	推土铲	119	t	6c0fede4-5e42-43e4-bada-c60d790aff6b
df10c42d-45f6-4803-8946-953f9f569e37	t	2	2024-05-21 15:50:52.470137+08	\N	2024-05-21 15:50:52.470137+08	O_ADWR	钢丝绳	120	t	6c0fede4-5e42-43e4-bada-c60d790aff6b
0dac5023-ac76-48d0-a503-569d8d8d5203	t	2	2024-05-21 15:51:19.519047+08	\N	2024-05-21 15:51:19.519047+08	O_ALAT	属具	122	t	6c0fede4-5e42-43e4-bada-c60d790aff6b
719e858a-116d-465d-968c-ef66f82ee949	t	2	2024-05-21 15:51:34.485856+08	\N	2024-05-21 15:51:34.485856+08	O_ALBA	大臂&小臂	123	t	6c0fede4-5e42-43e4-bada-c60d790aff6b
\.


--
-- Data for Name: pp_option_code; Type: TABLE DATA; Schema: public; Owner: mes
--

COPY public.pp_option_code (id, active, created_by, created_on, updated_by, updated_on, code, style_code, o_sap, s_sap, o_mes, s_mes, basic, erp_if, sign, facility_id, option_id) FROM stdin;
15398ca8-259b-4ef1-91d0-ba81e53749fa	t	2	2024-05-23 16:17:56.943192+08	2	2024-05-23 16:27:27.883152+08	C_AMBU	210	BUCKET (PCSA)	0.210m³ Bucket	铲斗	0.210m³ Bucket	t	t	t	6c0fede4-5e42-43e4-bada-c60d790aff6b	c45d01b8-5cad-4076-8ff4-910754899a07
bbd16531-f16e-4dc7-a921-800bf0a88143	t	2	2024-05-23 16:00:47.08932+08	2	2024-05-23 16:28:42.817936+08	C_AMBU	175	BUCKET (PCSA)	0.175m³ Bucket	铲斗	0.175m³ Bucket	f	t	t	6c0fede4-5e42-43e4-bada-c60d790aff6b	c45d01b8-5cad-4076-8ff4-910754899a07
ab4a32dd-58f0-4a9a-870a-89d5da89e88e	t	2	2024-05-23 16:30:16.70964+08	2	2024-05-23 16:30:44.186068+08	C_AMBU	30N	BUCKET (PCSA)	300mm Narrow Bucket	铲斗	300mm Narrow Bucket	f	t	f	6c0fede4-5e42-43e4-bada-c60d790aff6b	c45d01b8-5cad-4076-8ff4-910754899a07
\.


--
-- Data for Name: pp_option_code_model_styles; Type: TABLE DATA; Schema: public; Owner: mes
--

COPY public.pp_option_code_model_styles (id, optioncode_id, modelcode_id) FROM stdin;
\.


--
-- Data for Name: pp_product_line; Type: TABLE DATA; Schema: public; Owner: mes
--

COPY public.pp_product_line (id, active, created_by, created_on, updated_by, updated_on, name, code, version, company_id) FROM stdin;
f43c03ba-96b9-4400-bada-6123e505e3df	t	2	2024-05-22 09:14:09.733932+08	\N	2024-05-22 09:14:09.733932+08	B-Line	AB01	1.0	6c0fede4-5e42-43e4-bada-c60d790aff6b
6849f995-3439-4289-9831-44e98a47b812	t	2	2024-05-22 09:14:27.70518+08	\N	2024-05-22 09:14:27.70518+08	E-LINE	AE01	1.0	6c0fede4-5e42-43e4-bada-c60d790aff6b
a22a2290-9566-4361-9f71-b9440fc25d18	t	2	2024-05-22 09:14:44.189106+08	\N	2024-05-22 09:14:44.189106+08	H-Line	AH01	1.0	6c0fede4-5e42-43e4-bada-c60d790aff6b
eb165764-fb80-46e4-957a-14e6ce9c930a	t	2	2024-05-22 09:15:59.530003+08	\N	2024-05-22 09:15:59.530003+08	Mini-Line	AM01	1.0	6c0fede4-5e42-43e4-bada-c60d790aff6b
c69be7d9-139d-4237-9847-0d52ae6ab568	t	2	2024-05-22 09:16:13.660588+08	\N	2024-05-22 09:16:13.660588+08	P-Line	AP01	1.0	6c0fede4-5e42-43e4-bada-c60d790aff6b
3b4329fa-f68b-46af-a7b2-43e0e34b6159	t	2	2024-05-22 09:16:30.195096+08	\N	2024-05-22 09:16:30.195096+08	ARM-Line	ARM01	1.0	6c0fede4-5e42-43e4-bada-c60d790aff6b
2dcfc1e6-ef6a-4c2f-91b9-9c4f9c7784b4	t	2	2024-05-22 09:16:49.404475+08	\N	2024-05-22 09:16:49.404475+08	SKD-Line	AS01	1.0	6c0fede4-5e42-43e4-bada-c60d790aff6b
1c7e82c7-fbbd-4721-88a3-be1c6a247913	t	2	2024-05-22 09:17:01.451154+08	\N	2024-05-22 09:17:01.451154+08	W-Line	AW01	1.0	6c0fede4-5e42-43e4-bada-c60d790aff6b
095f8181-6ef9-4ef9-bdb2-486df4f67099	t	2	2024-05-22 09:17:18.186616+08	\N	2024-05-22 09:17:18.186616+08	Y-Line	AY01	1.0	6c0fede4-5e42-43e4-bada-c60d790aff6b
7555a246-2240-45b0-b025-16d9055e0b71	t	2	2024-05-22 09:17:36.970958+08	\N	2024-05-22 09:17:36.970958+08	BOOM1-Line	BM01	1.0	6c0fede4-5e42-43e4-bada-c60d790aff6b
73b99c28-5b27-42a5-a39b-0b9fb57eb3da	t	2	2024-05-22 09:17:55.444981+08	\N	2024-05-22 09:17:55.444981+08	BOOM3-Line	BM03	1.0	6c0fede4-5e42-43e4-bada-c60d790aff6b
5327a38c-e722-41b2-8632-ae3f206f13cc	t	2	2024-05-22 09:18:09.037413+08	\N	2024-05-22 09:18:09.037413+08	BOOM4-Line	BM04	1.0	6c0fede4-5e42-43e4-bada-c60d790aff6b
7974ff11-16c2-44d9-80c0-9f2be532fee7	t	2	2024-05-22 09:18:23.432181+08	\N	2024-05-22 09:18:23.432181+08	入库-Line	GR01	1.0	6c0fede4-5e42-43e4-bada-c60d790aff6b
ec5ef641-23ab-4199-a9a3-dc183f522845	t	2	2024-05-22 09:18:39.831995+08	\N	2024-05-22 09:18:39.831995+08	KIT LINE	KIT01	1.0	6c0fede4-5e42-43e4-bada-c60d790aff6b
ff66eca5-3b27-4cef-81c2-650f550cdb77	t	2	2024-05-22 09:18:53.555462+08	\N	2024-05-22 09:18:53.555462+08	Loder kit	KIT02	1.0	6c0fede4-5e42-43e4-bada-c60d790aff6b
8c98ed47-1789-495a-ac2e-fc4eb5d2b3ac	t	2	2024-05-22 09:19:07.474355+08	\N	2024-05-22 09:19:07.474355+08	LogsticLine	LOGSTICL	1.0	6c0fede4-5e42-43e4-bada-c60d790aff6b
10673a96-c62f-425a-89ca-50fe40be80bc	t	2	2024-05-22 09:19:20.341748+08	\N	2024-05-22 09:19:20.341748+08	M/F-Line	MF01	1.0	6c0fede4-5e42-43e4-bada-c60d790aff6b
9fe95c3c-d2b2-40ba-a003-1c70b58add76	t	2	2024-05-22 09:19:36.752139+08	\N	2024-05-22 09:19:36.752139+08	DVICE Pinting	OPMT	1.0	6c0fede4-5e42-43e4-bada-c60d790aff6b
317e6b20-bc0b-403f-a686-7d651df24933	t	2	2024-05-22 09:19:52.091386+08	\N	2024-05-22 09:19:52.091386+08	Paint-中大boom&arm	PT01	1.0	6c0fede4-5e42-43e4-bada-c60d790aff6b
dd2388ba-9091-46b0-a167-219843615d40	t	2	2024-05-22 09:20:07.040752+08	\N	2024-05-22 09:20:07.040752+08	Paint-FRAME Painting	PT02	1.0	6c0fede4-5e42-43e4-bada-c60d790aff6b
81d8eb1c-1234-413e-8b62-4517c344cc65	t	2	2024-05-22 09:20:22.423373+08	\N	2024-05-22 09:20:22.423373+08	Paint-小型Boom&Arm	PT03	1.0	6c0fede4-5e42-43e4-bada-c60d790aff6b
12db3d7f-3ce0-4e2d-afb7-2e8cc75f4c72	t	2	2024-05-22 09:20:37.161552+08	\N	2024-05-22 09:20:37.161552+08	Shipment-Line	SM01	1.0	6c0fede4-5e42-43e4-bada-c60d790aff6b
c7ac1dc2-88d7-4f15-bf4a-91928b548e1f	t	2	2024-05-22 09:20:50.874152+08	\N	2024-05-22 09:20:50.874152+08	Sub-Line	SUB1	1.0	6c0fede4-5e42-43e4-bada-c60d790aff6b
9da635ae-f5c8-4ede-82e0-be084b91c21d	t	2	2024-05-22 09:21:10.456212+08	\N	2024-05-22 09:21:10.456212+08	T/F-Line	TF01	1.0	6c0fede4-5e42-43e4-bada-c60d790aff6b
524c436d-4de2-4f04-ae45-9a9c0da3de74	t	2	2024-05-22 09:21:27.083197+08	\N	2024-05-22 09:21:27.083197+08	Test-Line	TT01	1.0	6c0fede4-5e42-43e4-bada-c60d790aff6b
53d0b90e-9254-4fa6-befe-04090066b468	t	2	2024-05-22 09:21:41.146516+08	\N	2024-05-22 09:21:41.146516+08	W-Front	WF01	1.0	6c0fede4-5e42-43e4-bada-c60d790aff6b
\.


--
-- Data for Name: pp_warehouse; Type: TABLE DATA; Schema: public; Owner: mes
--

COPY public.pp_warehouse (id, active, created_by, created_on, updated_by, updated_on, code, name, address, facility_id) FROM stdin;
\.


--
-- Data for Name: pp_work_center; Type: TABLE DATA; Schema: public; Owner: mes
--

COPY public.pp_work_center (id, active, created_by, created_on, updated_by, updated_on, code, name, to_track, to_sap, category_id, end_wc_id, facility_id, line_id, start_wc_id) FROM stdin;
610ea5e2-b254-4cf4-b2ca-b7398cbd075a	t	2	2024-05-22 09:27:44.040766+08	2	2024-05-22 09:30:05.186219+08	A12A01	上下结合	f	t	f98fa8ef-7652-4557-b6b0-91c6f772fc9b	610ea5e2-b254-4cf4-b2ca-b7398cbd075a	6c0fede4-5e42-43e4-bada-c60d790aff6b	c69be7d9-139d-4237-9847-0d52ae6ab568	610ea5e2-b254-4cf4-b2ca-b7398cbd075a
043b5de1-0d1a-4470-98e4-491d6782fa51	t	2	2024-05-22 09:29:28.578558+08	2	2024-05-22 09:30:26.713758+08	A12T02	上支重轮	f	t	f98fa8ef-7652-4557-b6b0-91c6f772fc9b	043b5de1-0d1a-4470-98e4-491d6782fa51	6c0fede4-5e42-43e4-bada-c60d790aff6b	c69be7d9-139d-4237-9847-0d52ae6ab568	043b5de1-0d1a-4470-98e4-491d6782fa51
769ae283-87fc-4cc5-8a74-dc763910774e	t	2	2024-05-22 09:31:26.55489+08	2	2024-05-22 09:32:42.500753+08	A12F02	ARM组装	f	t	f98fa8ef-7652-4557-b6b0-91c6f772fc9b	dfa174fe-674f-480a-addd-7dc212caccf3	6c0fede4-5e42-43e4-bada-c60d790aff6b	c69be7d9-139d-4237-9847-0d52ae6ab568	dfa174fe-674f-480a-addd-7dc212caccf3
dfa174fe-674f-480a-addd-7dc212caccf3	t	2	2024-05-22 09:32:32.50704+08	2	2024-05-22 09:32:49.923971+08	A12F07	BOOM SUB#02	t	t	f98fa8ef-7652-4557-b6b0-91c6f772fc9b	dfa174fe-674f-480a-addd-7dc212caccf3	6c0fede4-5e42-43e4-bada-c60d790aff6b	c69be7d9-139d-4237-9847-0d52ae6ab568	dfa174fe-674f-480a-addd-7dc212caccf3
06a0d7a6-24b6-41c2-96c0-5baceb9f098f	t	2	2024-05-22 09:34:24.552895+08	2	2024-05-22 09:34:40.000477+08	A12M04	座椅1	t	t	f98fa8ef-7652-4557-b6b0-91c6f772fc9b	06a0d7a6-24b6-41c2-96c0-5baceb9f098f	6c0fede4-5e42-43e4-bada-c60d790aff6b	c69be7d9-139d-4237-9847-0d52ae6ab568	06a0d7a6-24b6-41c2-96c0-5baceb9f098f
ee88f793-43dc-4033-adfe-6300d5d2b513	t	2	2024-05-22 09:36:18.941562+08	2	2024-05-22 09:36:27.987963+08	A12T05	Hose接管	f	t	f98fa8ef-7652-4557-b6b0-91c6f772fc9b	ee88f793-43dc-4033-adfe-6300d5d2b513	6c0fede4-5e42-43e4-bada-c60d790aff6b	c69be7d9-139d-4237-9847-0d52ae6ab568	ee88f793-43dc-4033-adfe-6300d5d2b513
7899b830-25eb-47f3-b6a9-142bb9324822	t	2	2024-05-22 09:36:58.19844+08	2	2024-05-22 09:37:07.994378+08	A12M06	座椅3	t	t	f98fa8ef-7652-4557-b6b0-91c6f772fc9b	7899b830-25eb-47f3-b6a9-142bb9324822	6c0fede4-5e42-43e4-bada-c60d790aff6b	c69be7d9-139d-4237-9847-0d52ae6ab568	7899b830-25eb-47f3-b6a9-142bb9324822
06c4502a-0c8c-4f44-ab93-dddf04aac8ff	t	2	2024-05-22 09:37:42.727994+08	2	2024-05-22 09:37:52.139454+08	A12F03	Front安装	t	t	f98fa8ef-7652-4557-b6b0-91c6f772fc9b	06c4502a-0c8c-4f44-ab93-dddf04aac8ff	6c0fede4-5e42-43e4-bada-c60d790aff6b	c69be7d9-139d-4237-9847-0d52ae6ab568	06c4502a-0c8c-4f44-ab93-dddf04aac8ff
f598ca92-4910-4d03-b8f9-5ed0f1957874	t	2	2024-05-22 09:38:18.536807+08	2	2024-05-22 09:38:33.086964+08	A12T06	行走马达及导向轮弹簧	f	t	f98fa8ef-7652-4557-b6b0-91c6f772fc9b	f598ca92-4910-4d03-b8f9-5ed0f1957874	6c0fede4-5e42-43e4-bada-c60d790aff6b	c69be7d9-139d-4237-9847-0d52ae6ab568	f598ca92-4910-4d03-b8f9-5ed0f1957874
77dafccb-f2ee-4d66-a37a-9d5c67c24ff3	t	2	2024-05-22 09:38:56.693168+08	2	2024-05-22 09:39:08.071464+08	A12T04	下支重轮及履带护板	t	t	f98fa8ef-7652-4557-b6b0-91c6f772fc9b	77dafccb-f2ee-4d66-a37a-9d5c67c24ff3	6c0fede4-5e42-43e4-bada-c60d790aff6b	c69be7d9-139d-4237-9847-0d52ae6ab568	77dafccb-f2ee-4d66-a37a-9d5c67c24ff3
24d8bb13-f1d3-4756-8856-49efe116c05e	t	2	2024-05-22 09:40:39.928022+08	\N	2024-05-22 09:40:39.928022+08	A12F01	BOOM 组装	f	t	f98fa8ef-7652-4557-b6b0-91c6f772fc9b	dfa174fe-674f-480a-addd-7dc212caccf3	6c0fede4-5e42-43e4-bada-c60d790aff6b	c69be7d9-139d-4237-9847-0d52ae6ab568	dfa174fe-674f-480a-addd-7dc212caccf3
8ca1d158-8bb3-451c-bd31-1961ffe2211a	t	2	2024-05-22 09:41:12.772507+08	2	2024-05-22 09:41:27.327559+08	A12M01	主架线束	t	t	f98fa8ef-7652-4557-b6b0-91c6f772fc9b	8ca1d158-8bb3-451c-bd31-1961ffe2211a	6c0fede4-5e42-43e4-bada-c60d790aff6b	c69be7d9-139d-4237-9847-0d52ae6ab568	8ca1d158-8bb3-451c-bd31-1961ffe2211a
39019427-9a87-4cb3-a848-c5d5751d02fc	t	2	2024-05-22 09:41:55.434527+08	2	2024-05-22 09:42:05.498364+08	A12M03	电瓶	f	t	f98fa8ef-7652-4557-b6b0-91c6f772fc9b	39019427-9a87-4cb3-a848-c5d5751d02fc	6c0fede4-5e42-43e4-bada-c60d790aff6b	c69be7d9-139d-4237-9847-0d52ae6ab568	39019427-9a87-4cb3-a848-c5d5751d02fc
634b92a1-bc88-4928-8aa3-1a855528a30e	t	2	2024-05-22 09:42:34.691876+08	2	2024-05-22 09:42:44.320291+08	A12M02	C/V&电磁阀	f	t	f98fa8ef-7652-4557-b6b0-91c6f772fc9b	634b92a1-bc88-4928-8aa3-1a855528a30e	6c0fede4-5e42-43e4-bada-c60d790aff6b	c69be7d9-139d-4237-9847-0d52ae6ab568	634b92a1-bc88-4928-8aa3-1a855528a30e
5c3276bd-ab92-456a-8b4f-2a420e5875ed	t	2	2024-05-22 09:46:22.599351+08	2	2024-05-22 09:46:54.188743+08	A12F04	发动机Cover及铲斗安装	t	t	f98fa8ef-7652-4557-b6b0-91c6f772fc9b	5c3276bd-ab92-456a-8b4f-2a420e5875ed	6c0fede4-5e42-43e4-bada-c60d790aff6b	c69be7d9-139d-4237-9847-0d52ae6ab568	5c3276bd-ab92-456a-8b4f-2a420e5875ed
4ce6153f-1b53-453a-8f3f-255c2ce18e1f	t	2	2024-05-22 09:47:46.739017+08	2	2024-05-22 09:48:05.465504+08	A12M05	座椅2	f	t	f98fa8ef-7652-4557-b6b0-91c6f772fc9b	4ce6153f-1b53-453a-8f3f-255c2ce18e1f	6c0fede4-5e42-43e4-bada-c60d790aff6b	c69be7d9-139d-4237-9847-0d52ae6ab568	4ce6153f-1b53-453a-8f3f-255c2ce18e1f
aebd2d7f-da1a-453b-90eb-15765e0fc012	t	2	2024-05-22 09:48:33.204445+08	2	2024-05-22 09:48:53.610419+08	A12T01	回转轴承	t	t	f98fa8ef-7652-4557-b6b0-91c6f772fc9b	aebd2d7f-da1a-453b-90eb-15765e0fc012	6c0fede4-5e42-43e4-bada-c60d790aff6b	c69be7d9-139d-4237-9847-0d52ae6ab568	aebd2d7f-da1a-453b-90eb-15765e0fc012
b5c4b8f7-d7e4-42b7-bf5c-50c7578dae86	t	2	2024-05-22 09:49:21.873024+08	2	2024-05-22 09:49:38.01515+08	A12T03	中心接头	f	t	f98fa8ef-7652-4557-b6b0-91c6f772fc9b	b5c4b8f7-d7e4-42b7-bf5c-50c7578dae86	6c0fede4-5e42-43e4-bada-c60d790aff6b	c69be7d9-139d-4237-9847-0d52ae6ab568	b5c4b8f7-d7e4-42b7-bf5c-50c7578dae86
57d3c9ad-ee8d-41e4-b2ae-4bb33879dc77	t	2	2024-05-22 09:50:02.189244+08	2	2024-05-22 09:50:20.773543+08	A12M09	油箱1	t	t	f98fa8ef-7652-4557-b6b0-91c6f772fc9b	57d3c9ad-ee8d-41e4-b2ae-4bb33879dc77	6c0fede4-5e42-43e4-bada-c60d790aff6b	c69be7d9-139d-4237-9847-0d52ae6ab568	57d3c9ad-ee8d-41e4-b2ae-4bb33879dc77
7743d719-ab2c-41ad-9856-9a0be1d33732	t	2	2024-05-22 09:50:49.995236+08	2	2024-05-22 09:51:14.07653+08	A12T07	履带	t	t	f98fa8ef-7652-4557-b6b0-91c6f772fc9b	7743d719-ab2c-41ad-9856-9a0be1d33732	6c0fede4-5e42-43e4-bada-c60d790aff6b	c69be7d9-139d-4237-9847-0d52ae6ab568	7743d719-ab2c-41ad-9856-9a0be1d33732
23916bf5-2d0a-43b6-9e78-0c85ce963e31	t	2	2024-05-22 09:51:36.90544+08	2	2024-05-22 09:51:55.924202+08	A12F05	铭牌&结合力矩	f	t	f98fa8ef-7652-4557-b6b0-91c6f772fc9b	23916bf5-2d0a-43b6-9e78-0c85ce963e31	6c0fede4-5e42-43e4-bada-c60d790aff6b	c69be7d9-139d-4237-9847-0d52ae6ab568	23916bf5-2d0a-43b6-9e78-0c85ce963e31
6f070193-2c09-4520-bf6b-434bad4120ef	t	2	2024-05-22 09:52:37.611021+08	2	2024-05-22 09:53:04.173907+08	A12T09	推土铲油缸及Hose连接	f	t	f98fa8ef-7652-4557-b6b0-91c6f772fc9b	6f070193-2c09-4520-bf6b-434bad4120ef	6c0fede4-5e42-43e4-bada-c60d790aff6b	c69be7d9-139d-4237-9847-0d52ae6ab568	6f070193-2c09-4520-bf6b-434bad4120ef
29edcb3b-4934-4ed6-a943-082f88b665c1	t	2	2024-05-22 09:53:27.458226+08	2	2024-05-22 09:53:47.653348+08	A12M08	水箱	f	t	f98fa8ef-7652-4557-b6b0-91c6f772fc9b	29edcb3b-4934-4ed6-a943-082f88b665c1	6c0fede4-5e42-43e4-bada-c60d790aff6b	c69be7d9-139d-4237-9847-0d52ae6ab568	29edcb3b-4934-4ed6-a943-082f88b665c1
de4a3122-3f98-4d1d-89d8-b88bf2d42839	t	2	2024-05-22 09:58:10.417424+08	2	2024-05-22 09:58:44.623531+08	A12T08	推土铲	t	t	f98fa8ef-7652-4557-b6b0-91c6f772fc9b	de4a3122-3f98-4d1d-89d8-b88bf2d42839	6c0fede4-5e42-43e4-bada-c60d790aff6b	c69be7d9-139d-4237-9847-0d52ae6ab568	de4a3122-3f98-4d1d-89d8-b88bf2d42839
fdaa0e2c-c572-46e4-b1cf-8ce1157e6b21	t	2	2024-05-22 09:59:21.685903+08	2	2024-05-22 09:59:36.837797+08	A12M12	ARCH	f	t	f98fa8ef-7652-4557-b6b0-91c6f772fc9b	fdaa0e2c-c572-46e4-b1cf-8ce1157e6b21	6c0fede4-5e42-43e4-bada-c60d790aff6b	c69be7d9-139d-4237-9847-0d52ae6ab568	fdaa0e2c-c572-46e4-b1cf-8ce1157e6b21
d81015e7-72f4-429d-b138-6d4eb730b1d8	t	2	2024-05-22 10:00:03.895869+08	2	2024-05-22 10:00:18.897477+08	A12M11	油箱3	f	t	f98fa8ef-7652-4557-b6b0-91c6f772fc9b	d81015e7-72f4-429d-b138-6d4eb730b1d8	6c0fede4-5e42-43e4-bada-c60d790aff6b	c69be7d9-139d-4237-9847-0d52ae6ab568	d81015e7-72f4-429d-b138-6d4eb730b1d8
bb80ec7e-dff0-4087-a05e-dac690b8907b	t	2	2024-05-22 10:01:00.993725+08	2	2024-05-22 10:01:15.985472+08	A12F06	滤油	t	t	f98fa8ef-7652-4557-b6b0-91c6f772fc9b	bb80ec7e-dff0-4087-a05e-dac690b8907b	6c0fede4-5e42-43e4-bada-c60d790aff6b	c69be7d9-139d-4237-9847-0d52ae6ab568	23916bf5-2d0a-43b6-9e78-0c85ce963e31
21404011-e873-4350-adf8-c1f781cf92ae	t	2	2024-05-22 10:01:40.524006+08	2	2024-05-22 10:02:00.610105+08	A12M13	配重	t	t	f98fa8ef-7652-4557-b6b0-91c6f772fc9b	21404011-e873-4350-adf8-c1f781cf92ae	6c0fede4-5e42-43e4-bada-c60d790aff6b	c69be7d9-139d-4237-9847-0d52ae6ab568	21404011-e873-4350-adf8-c1f781cf92ae
b333d88e-e003-40ae-81ff-34841142206a	t	2	2024-05-22 10:02:21.540423+08	2	2024-05-22 10:02:38.459446+08	A12M07	发动机	f	t	f98fa8ef-7652-4557-b6b0-91c6f772fc9b	b333d88e-e003-40ae-81ff-34841142206a	6c0fede4-5e42-43e4-bada-c60d790aff6b	c69be7d9-139d-4237-9847-0d52ae6ab568	b333d88e-e003-40ae-81ff-34841142206a
2ccfbdea-1725-4171-ae3b-466e87bf93b8	t	2	2024-05-22 10:03:00.648711+08	2	2024-05-22 10:03:13.189687+08	A12M10	油箱2	f	t	f98fa8ef-7652-4557-b6b0-91c6f772fc9b	2ccfbdea-1725-4171-ae3b-466e87bf93b8	6c0fede4-5e42-43e4-bada-c60d790aff6b	c69be7d9-139d-4237-9847-0d52ae6ab568	2ccfbdea-1725-4171-ae3b-466e87bf93b8
b906337c-9fec-4ba9-a218-05cb9abe8fb7	t	2	2024-05-22 10:03:37.569577+08	2	2024-05-22 10:03:44.898142+08	A12A02	回转马达	t	t	f98fa8ef-7652-4557-b6b0-91c6f772fc9b	b906337c-9fec-4ba9-a218-05cb9abe8fb7	6c0fede4-5e42-43e4-bada-c60d790aff6b	c69be7d9-139d-4237-9847-0d52ae6ab568	b906337c-9fec-4ba9-a218-05cb9abe8fb7
ab745f95-ee99-485d-8fe3-cdb5b92e81ca	t	2	2024-05-22 10:04:13.864602+08	2	2024-05-22 10:04:24.780586+08	A12A03	空滤及驾驶室	f	t	f98fa8ef-7652-4557-b6b0-91c6f772fc9b	ab745f95-ee99-485d-8fe3-cdb5b92e81ca	6c0fede4-5e42-43e4-bada-c60d790aff6b	c69be7d9-139d-4237-9847-0d52ae6ab568	ab745f95-ee99-485d-8fe3-cdb5b92e81ca
935f0250-935f-455d-912b-4d383184c2f6	t	2	2024-05-22 10:04:51.529604+08	2	2024-05-22 10:05:00.755829+08	A12A04	BOOM油缸安装&加油加水	t	t	f98fa8ef-7652-4557-b6b0-91c6f772fc9b	935f0250-935f-455d-912b-4d383184c2f6	6c0fede4-5e42-43e4-bada-c60d790aff6b	c69be7d9-139d-4237-9847-0d52ae6ab568	935f0250-935f-455d-912b-4d383184c2f6
c2be3466-f168-46e7-867d-f7f53fd89d13	t	2	2024-05-22 10:21:32.193027+08	2	2024-05-22 10:59:59.634382+08	A00001	TTTT_WWW	f	t	f98fa8ef-7652-4557-b6b0-91c6f772fc9b	c2be3466-f168-46e7-867d-f7f53fd89d13	6c0fede4-5e42-43e4-bada-c60d790aff6b	f43c03ba-96b9-4400-bada-6123e505e3df	c2be3466-f168-46e7-867d-f7f53fd89d13
\.


--
-- Data for Name: sys_dict; Type: TABLE DATA; Schema: public; Owner: mes
--

COPY public.sys_dict (id, active, created_by, created_on, updated_by, updated_on, name, code) FROM stdin;
b68d0813-52f8-4f26-b4bc-d40f5531c17b	t	2	2024-05-22 09:24:17.241964+08	\N	2024-05-22 09:24:17.241964+08	是否	D001
f90f08f9-3021-41cb-934d-5189cb564b33	t	2	2024-05-22 09:25:07.20366+08	\N	2024-05-22 09:25:07.20366+08	作业场区分	D002
c3f019c8-68ab-4799-ad76-fb2c96467f3b	t	2	2024-05-22 14:48:47.42836+08	\N	2024-05-22 14:48:47.42836+08	品质产品群	D003
65ae092b-8d39-4dcf-aaa0-1fff4fa5ad48	t	2	2024-05-22 15:44:11.198723+08	\N	2024-05-22 15:44:11.198723+08	CUP	D004
ba205b44-2c5d-4e7b-967a-b2041d2de153	t	2	2024-05-22 15:45:17.516968+08	\N	2024-05-22 15:45:17.516968+08	设备类型	D005
c3c818b5-9245-4819-8f7a-e2f18718da4f	t	2	2024-05-22 15:45:30.164399+08	\N	2024-05-22 15:45:30.164399+08	销售类型	D006
\.


--
-- Data for Name: sys_enum; Type: TABLE DATA; Schema: public; Owner: mes
--

COPY public.sys_enum (id, active, created_by, created_on, updated_by, updated_on, name, code, sys_dict_id) FROM stdin;
004f1211-2686-467b-b717-9dac3c20aec2	t	\N	2024-05-22 09:24:28.850667+08	\N	2024-05-22 09:24:28.850667+08	ALL	0	b68d0813-52f8-4f26-b4bc-d40f5531c17b
bbb34a30-1263-42f0-97e7-f704e55db056	t	\N	2024-05-22 09:24:37.096693+08	\N	2024-05-22 09:24:37.096693+08	是	1	b68d0813-52f8-4f26-b4bc-d40f5531c17b
98861da3-69f1-4a51-bb18-2d45bb9772fb	t	\N	2024-05-22 09:24:42.180826+08	\N	2024-05-22 09:24:42.180826+08	否	2	b68d0813-52f8-4f26-b4bc-d40f5531c17b
f98fa8ef-7652-4557-b6b0-91c6f772fc9b	t	\N	2024-05-22 09:25:25.536919+08	\N	2024-05-22 09:25:25.536919+08	组装	1	f90f08f9-3021-41cb-934d-5189cb564b33
2ef71712-4e17-4add-b43e-03b349213a65	t	\N	2024-05-22 09:25:31.92627+08	\N	2024-05-22 09:25:31.92627+08	焊接	2	f90f08f9-3021-41cb-934d-5189cb564b33
e4566c67-51a4-40a8-8e06-1c75b758e3be	t	\N	2024-05-22 09:25:38.711607+08	\N	2024-05-22 09:25:38.711607+08	SUB	3	f90f08f9-3021-41cb-934d-5189cb564b33
47b2a894-7544-43ca-9074-f9fc81150b68	t	\N	2024-05-22 09:25:13.735625+08	\N	2024-05-22 09:26:31.945151+08	ALL	000	f90f08f9-3021-41cb-934d-5189cb564b33
06ff0a27-6bba-4fd0-9e67-8f166273177f	t	\N	2024-05-22 14:48:59.505003+08	\N	2024-05-22 14:48:59.505003+08	ALL	000	c3f019c8-68ab-4799-ad76-fb2c96467f3b
ead3c7c1-e440-49a1-90cc-8685a3b0816f	t	\N	2024-05-22 14:51:04.505993+08	\N	2024-05-22 14:51:04.505993+08	小型履带式挖掘机	2	c3f019c8-68ab-4799-ad76-fb2c96467f3b
90ff08be-66bd-479d-8d2a-56d16f231a71	t	\N	2024-05-22 14:52:01.425026+08	\N	2024-05-22 14:58:06.483191+08	中型轮式挖掘机	6	c3f019c8-68ab-4799-ad76-fb2c96467f3b
28b4945a-dc55-4c02-81ca-d421d7def48b	t	\N	2024-05-22 14:58:22.342134+08	\N	2024-05-22 14:58:22.342134+08	装载机	7	c3f019c8-68ab-4799-ad76-fb2c96467f3b
1e54f4e1-48e7-4e03-83c4-74ad3d3316c4	t	\N	2024-05-22 14:58:57.473307+08	\N	2024-05-22 14:58:57.473307+08	特种装备(含OEM)	8	c3f019c8-68ab-4799-ad76-fb2c96467f3b
9bff8a0f-9ec9-4978-8925-721590d8819a	t	\N	2024-05-22 14:50:48.607204+08	\N	2024-05-22 15:00:44.959729+08	迷你挖掘机	1	c3f019c8-68ab-4799-ad76-fb2c96467f3b
de4ae2ea-8011-4f7b-b91e-34da61dd220e	t	\N	2024-05-22 14:51:18.290762+08	\N	2024-05-22 15:01:23.678168+08	中大型履带式挖掘机	3	c3f019c8-68ab-4799-ad76-fb2c96467f3b
b8a25540-cc94-4c35-b591-4ca638efe37b	t	\N	2024-05-22 14:51:36.34186+08	\N	2024-05-22 15:01:28.502815+08	小回旋挖掘机	4	c3f019c8-68ab-4799-ad76-fb2c96467f3b
04d6100c-c9c7-4fbd-b60d-066684414730	t	\N	2024-05-22 14:51:49.269543+08	\N	2024-05-22 15:01:36.184618+08	小型轮式挖掘机	5	c3f019c8-68ab-4799-ad76-fb2c96467f3b
fcf1fd51-05ee-4bf3-bc28-45e69fc1f682	t	\N	2024-05-22 15:44:29.354161+08	\N	2024-05-22 15:44:29.354161+08	ALL	000	65ae092b-8d39-4dcf-aaa0-1fff4fa5ad48
582364c0-681d-43c2-8d5a-ec16e95fccbb	t	\N	2024-05-22 15:44:34.373764+08	\N	2024-05-22 15:44:42.342183+08	EUCUP	1	65ae092b-8d39-4dcf-aaa0-1fff4fa5ad48
576f1f2c-15c8-4d7c-ab06-8bcc371c9a7d	t	\N	2024-05-22 15:44:53.069365+08	\N	2024-05-22 15:44:53.069365+08	NACUP	2	65ae092b-8d39-4dcf-aaa0-1fff4fa5ad48
0569d384-95e0-45fe-b15d-934ac15027d3	t	\N	2024-05-22 15:45:51.138009+08	\N	2024-05-22 15:45:51.138009+08	ALL	000	ba205b44-2c5d-4e7b-967a-b2041d2de153
13bcc570-b229-470b-9b81-a25b7ec0fb93	t	\N	2024-05-22 15:45:59.866067+08	\N	2024-05-22 15:46:07.318687+08	CE - Crawler Excavator	1	ba205b44-2c5d-4e7b-967a-b2041d2de153
78b70cb2-7dc0-4162-87ee-103e6dcd1594	t	\N	2024-05-22 15:46:22.239316+08	\N	2024-05-22 15:46:22.239316+08	WE - Wheel Excavator	2	ba205b44-2c5d-4e7b-967a-b2041d2de153
9f18e3f0-c60a-44d9-b413-8fedd21084da	t	\N	2024-05-22 15:46:33.351251+08	\N	2024-05-22 15:46:33.351251+08	WL - Wheel Loader	3	ba205b44-2c5d-4e7b-967a-b2041d2de153
208b7333-9d9b-4dab-ab82-0807fd506cd7	t	\N	2024-05-22 15:46:49.403067+08	\N	2024-05-22 15:46:49.403067+08	ALL	000	c3c818b5-9245-4819-8f7a-e2f18718da4f
a2ad7eee-ce66-4767-84b2-8655568d7e7e	t	\N	2024-05-22 15:46:57.229174+08	\N	2024-05-22 15:46:57.229174+08	DOM - 内销	1	c3c818b5-9245-4819-8f7a-e2f18718da4f
91d1c44f-db31-451b-9202-c6c4927f63a1	t	\N	2024-05-22 15:47:08.826116+08	\N	2024-05-22 15:47:08.826116+08	EXP - 出口	2	c3c818b5-9245-4819-8f7a-e2f18718da4f
\.


--
-- Data for Name: sys_log; Type: TABLE DATA; Schema: public; Owner: mes
--

COPY public.sys_log (id, active, created_by, created_on, updated_by, updated_on, url, ip, user_id) FROM stdin;
71143157-af70-46b0-8fa0-adf5b6468a8a	t	1	2024-05-21 15:01:55.114554+08	1	2024-05-21 15:01:55.114554+08	/index/	127.0.0.1	1
fe70fc1d-3f28-4f5d-9724-17c0b6b0ac13	t	1	2024-05-21 15:01:55.38424+08	1	2024-05-21 15:01:55.38424+08	/home/	127.0.0.1	1
2a39759e-b9cb-4833-8d20-80013ce40848	t	1	2024-05-21 15:03:34.843894+08	1	2024-05-21 15:03:34.843894+08	/sys_auth/menu/index	127.0.0.1	1
5c5daac7-80f4-4c84-9d72-bc41616b21ea	t	1	2024-05-21 15:03:35.320032+08	1	2024-05-21 15:03:35.320032+08	/sys_auth/menu/index/	127.0.0.1	1
17ed9f67-ed06-4793-a3a0-dd60ad796ce7	t	1	2024-05-21 15:03:35.654566+08	1	2024-05-21 15:03:35.654566+08	/favicon.ico	127.0.0.1	1
d5c21bd5-acfd-412b-aab3-3ba0877a7f74	t	1	2024-05-21 15:05:51.738643+08	1	2024-05-21 15:05:51.738643+08	/sys_auth/menu/index/	127.0.0.1	1
d8a26411-a7f5-4cd6-9ae0-dbc7d69b80c8	t	1	2024-05-21 15:05:55.977882+08	1	2024-05-21 15:05:55.977882+08	/sys_auth/menu/add/	127.0.0.1	1
ced0ece2-3486-416e-a321-9428248e0914	t	1	2024-05-21 15:06:28.095838+08	1	2024-05-21 15:06:28.095838+08	/sys_auth/menu/add/	127.0.0.1	1
c3189c1c-dd34-4023-821d-f21a15b4577d	t	1	2024-05-21 15:06:28.292951+08	1	2024-05-21 15:06:28.292951+08	/sys_auth/menu/index/	127.0.0.1	1
2c2bee73-d3d9-4f8d-896d-da6b170c9e36	t	1	2024-05-21 15:06:30.40923+08	1	2024-05-21 15:06:30.40923+08	/sys_auth/menu/add/	127.0.0.1	1
3fcaa680-ed9f-4a27-9cec-746af3b1677b	t	1	2024-05-21 15:06:58.045903+08	1	2024-05-21 15:06:58.045903+08	/sys_auth/menu/add/	127.0.0.1	1
b840673d-d9b2-4669-824e-99012bfe91ab	t	1	2024-05-21 15:06:58.239129+08	1	2024-05-21 15:06:58.239129+08	/sys_auth/menu/index/	127.0.0.1	1
18f4dfd8-205e-413d-87d1-d44c3535068a	t	1	2024-05-21 15:06:59.613627+08	1	2024-05-21 15:06:59.613627+08	/sys_auth/menu/add/	127.0.0.1	1
524d25a4-b6d5-4b11-8c2d-c2b2d790d905	t	1	2024-05-21 15:07:24.660186+08	1	2024-05-21 15:07:24.660186+08	/sys_auth/menu/add/	127.0.0.1	1
cccd7490-7515-4cf4-88de-ac34d2def1fc	t	1	2024-05-21 15:07:24.863048+08	1	2024-05-21 15:07:24.863048+08	/sys_auth/menu/index/	127.0.0.1	1
25789477-44b6-4ad3-bb06-e362a057e704	t	1	2024-05-21 15:07:37.613434+08	1	2024-05-21 15:07:37.613434+08	/sys_auth/menu/add/	127.0.0.1	1
b7436502-f444-454d-a378-539874b7b6a1	t	1	2024-05-21 15:07:56.771758+08	1	2024-05-21 15:07:56.771758+08	/sys_auth/menu/add/	127.0.0.1	1
7469880c-86d4-48b8-960c-9a2922fced6e	t	1	2024-05-21 15:07:56.97295+08	1	2024-05-21 15:07:56.97295+08	/sys_auth/menu/index/	127.0.0.1	1
1c33edce-f1a9-4fb7-b932-ff017a1539d3	t	1	2024-05-21 15:07:57.777048+08	1	2024-05-21 15:07:57.777048+08	/sys_auth/menu/add/	127.0.0.1	1
0acdd49f-500b-4c89-adb2-35b8950f27a8	t	1	2024-05-21 15:08:21.233237+08	1	2024-05-21 15:08:21.233237+08	/sys_auth/menu/add/	127.0.0.1	1
92537344-49df-4a96-af03-599479bfe8d4	t	1	2024-05-21 15:08:21.425565+08	1	2024-05-21 15:08:21.425565+08	/sys_auth/menu/index/	127.0.0.1	1
c63e6c7b-495a-47b6-8749-4cb4c21efa59	t	1	2024-05-21 15:08:25.314289+08	1	2024-05-21 15:08:25.314289+08	/sys_auth/menu/add/	127.0.0.1	1
2fc393cf-b521-44a1-8b6c-1d814b6a5695	t	1	2024-05-21 15:08:48.311412+08	1	2024-05-21 15:08:48.311412+08	/sys_auth/menu/add/	127.0.0.1	1
c7f9431c-9501-414d-a07e-60a4e31b6af1	t	1	2024-05-21 15:08:48.503034+08	1	2024-05-21 15:08:48.503034+08	/sys_auth/menu/index/	127.0.0.1	1
2e361606-d9d6-446a-bbc3-f6c9e75598f5	t	1	2024-05-21 15:08:49.334421+08	1	2024-05-21 15:08:49.334421+08	/sys_auth/menu/add/	127.0.0.1	1
7944fe8c-745d-45b9-887b-ac7b787b9404	t	1	2024-05-21 15:09:12.593155+08	1	2024-05-21 15:09:12.593155+08	/sys_auth/menu/add/	127.0.0.1	1
576048ce-c839-47b9-b19e-97062918b868	t	1	2024-05-21 15:09:12.79529+08	1	2024-05-21 15:09:12.79529+08	/sys_auth/menu/index/	127.0.0.1	1
1dea1261-b395-495a-935c-301a9819ddc6	t	1	2024-05-21 15:09:15.20134+08	1	2024-05-21 15:09:15.20134+08	/sys_auth/menu/add/	127.0.0.1	1
e1448f34-a019-42d0-99ab-3f8f33a9d529	t	1	2024-05-21 15:10:27.439421+08	1	2024-05-21 15:10:27.439421+08	/sys_auth/menu/add/	127.0.0.1	1
426c5abe-da2e-4150-a1ae-01e6c2145fb7	t	1	2024-05-21 15:10:27.664134+08	1	2024-05-21 15:10:27.664134+08	/sys_auth/menu/index/	127.0.0.1	1
ee782a9a-75ed-4e8f-8b22-d5712f39934f	t	1	2024-05-21 15:10:51.662477+08	1	2024-05-21 15:10:51.662477+08	/sys_auth/menu/add/	127.0.0.1	1
3b260af8-2217-4066-9f3e-f4825af5a54d	t	1	2024-05-21 15:11:27.138671+08	1	2024-05-21 15:11:27.138671+08	/sys_auth/menu/add/	127.0.0.1	1
b0f3c2bd-c8c6-4b15-9c94-c6f7229d2927	t	1	2024-05-21 15:11:27.337742+08	1	2024-05-21 15:11:27.337742+08	/sys_auth/menu/index/	127.0.0.1	1
9662b18d-6bec-4187-943f-8b3c4e7cfbd8	t	1	2024-05-21 15:11:28.238706+08	1	2024-05-21 15:11:28.238706+08	/sys_auth/menu/add/	127.0.0.1	1
369b3a5f-63f6-42e9-b6bd-946cedbc5729	t	1	2024-05-21 15:11:54.685045+08	1	2024-05-21 15:11:54.685045+08	/sys_auth/menu/add/	127.0.0.1	1
50d48970-c10c-424d-b701-b3b0dca789c0	t	1	2024-05-21 15:11:54.882841+08	1	2024-05-21 15:11:54.882841+08	/sys_auth/menu/index/	127.0.0.1	1
39c0dc37-a11a-4027-a6b1-a7ab8dc25975	t	1	2024-05-21 15:11:58.202955+08	1	2024-05-21 15:11:58.202955+08	/sys_auth/menu/add/	127.0.0.1	1
c0e3d001-6c48-4d78-90be-d6caf144e607	t	1	2024-05-21 15:12:21.671883+08	1	2024-05-21 15:12:21.671883+08	/sys_auth/menu/add/	127.0.0.1	1
49a245ce-e1b4-4cca-9a8f-7800df1b6a1e	t	1	2024-05-21 15:12:21.900364+08	1	2024-05-21 15:12:21.900364+08	/sys_auth/menu/index/	127.0.0.1	1
66d0d082-9e44-4e44-8bcf-a6a39a217ea4	t	1	2024-05-21 15:12:26.744181+08	1	2024-05-21 15:12:26.744181+08	/sys_auth/menu/add/	127.0.0.1	1
ace4e203-3580-4e7e-89f8-a3894f932217	t	1	2024-05-21 15:12:46.301932+08	1	2024-05-21 15:12:46.301932+08	/sys_auth/menu/add/	127.0.0.1	1
fa222367-ae0b-4f42-9c59-567cadcd6538	t	1	2024-05-21 15:12:46.502154+08	1	2024-05-21 15:12:46.502154+08	/sys_auth/menu/index/	127.0.0.1	1
4cf9b1c5-c7cf-451a-a186-4847a6d1786e	t	1	2024-05-21 15:12:50.692226+08	1	2024-05-21 15:12:50.692226+08	/sys_auth/role/index/	127.0.0.1	1
0d843de4-599f-41a0-b798-cc48c44da9ae	t	1	2024-05-21 15:12:54.248463+08	1	2024-05-21 15:12:54.248463+08	/sys_auth/role/add/	127.0.0.1	1
38b99594-7d19-495b-8939-06d518c34ecb	t	1	2024-05-21 15:13:05.156161+08	1	2024-05-21 15:13:05.156161+08	/org_com/index/	127.0.0.1	1
e5d9429f-c3f5-4a93-b13d-33b34daa18db	t	1	2024-05-21 15:13:26.646916+08	1	2024-05-21 15:13:26.646916+08	/org_com/company/index/	127.0.0.1	1
2bbdf901-9b72-4bfd-9d0b-a8bbe7296988	t	1	2024-05-21 15:13:29.088129+08	1	2024-05-21 15:13:29.088129+08	/org_com/company/add/	127.0.0.1	1
bc4bf7fe-19f4-4dd7-810e-3778597d4888	t	1	2024-05-21 15:13:41.424048+08	1	2024-05-21 15:13:41.424048+08	/org_com/company/add/	127.0.0.1	1
db35f05d-f7b6-4054-8589-bccd1c94321e	t	1	2024-05-21 15:13:41.610972+08	1	2024-05-21 15:13:41.610972+08	/org_com/company/index/	127.0.0.1	1
561fb9f3-e58d-451d-9021-2514d5d26385	t	1	2024-05-21 15:13:57.52273+08	1	2024-05-21 15:13:57.52273+08	/sys_auth/role/add/	127.0.0.1	1
60781e47-2837-429a-813f-611296241a92	t	1	2024-05-21 15:14:13.513133+08	1	2024-05-21 15:14:13.513133+08	/sys_auth/role/add/	127.0.0.1	1
85be00fc-b3fa-4cb6-87ea-93b1eff9a272	t	1	2024-05-21 15:14:13.721867+08	1	2024-05-21 15:14:13.721867+08	/sys_auth/role/index/	127.0.0.1	1
7773b20d-316f-4cc3-ab78-c07e6a38ad7f	t	1	2024-05-21 15:14:14.89795+08	1	2024-05-21 15:14:14.89795+08	/sys_auth/role/menus/f87bde32-ea25-419a-858d-d6d50dbc94cd	127.0.0.1	1
53886db7-4053-41f5-8f0e-b4a2b54e5dbd	t	1	2024-05-21 15:14:24.704309+08	1	2024-05-21 15:14:24.704309+08	/sys_auth/role/auth/f87bde32-ea25-419a-858d-d6d50dbc94cd	127.0.0.1	1
12b0c17e-9aa6-4396-8064-9525b5a18781	t	1	2024-05-21 15:14:32.454302+08	1	2024-05-21 15:14:32.454302+08	/sys_auth/user/index/	127.0.0.1	1
b1a64438-792b-4e9a-ac25-2a79d675f61d	t	1	2024-05-21 15:14:35.461195+08	1	2024-05-21 15:14:35.461195+08	/sys_auth/user/add/	127.0.0.1	1
9bc99726-d64b-494a-8edc-864143cae9e2	t	1	2024-05-21 15:14:42.870518+08	1	2024-05-21 15:14:42.870518+08	/sys_auth/user/index/	127.0.0.1	1
fe238bcf-b7cb-4ddf-aac5-8f60bc4eafe5	t	1	2024-05-21 15:15:34.522744+08	1	2024-05-21 15:15:34.522744+08	/org_dep/department/index/	127.0.0.1	1
ae09ee51-f4df-47a0-9960-c746c4b6458d	t	1	2024-05-21 15:15:58.16606+08	1	2024-05-21 15:15:58.16606+08	/org_dep/department/index/	127.0.0.1	1
16cea329-d390-4b4a-afa4-4ae45c46d212	t	1	2024-05-21 15:16:19.095005+08	1	2024-05-21 15:16:19.095005+08	/org_dep/department/import/	127.0.0.1	1
3ce79549-fd8a-453f-840a-f3b4d939462e	t	1	2024-05-21 15:16:19.33144+08	1	2024-05-21 15:16:19.33144+08	/org_dep/department/index/	127.0.0.1	1
181e0312-a34a-4530-95d9-e30798c3c075	t	1	2024-05-21 15:16:42.404997+08	1	2024-05-21 15:16:42.404997+08	/org_emp/employee/index/	127.0.0.1	1
2ded3719-d483-4603-8729-b285eba2d5fb	t	1	2024-05-21 15:16:54.51203+08	1	2024-05-21 15:16:54.51203+08	/org_emp/employee/import/	127.0.0.1	1
c6a71a83-4d48-4fdb-93cd-81e937dc9786	t	1	2024-05-21 15:16:54.748901+08	1	2024-05-21 15:16:54.748901+08	/org_emp/employee/index/	127.0.0.1	1
f03fa214-df83-4c87-be6e-8f92c2579b61	t	1	2024-05-21 15:17:07.146222+08	1	2024-05-21 15:17:07.146222+08	/sys_auth/user/index/	127.0.0.1	1
659afe6a-879d-4b0a-8126-f0c16cc83373	t	1	2024-05-21 15:17:09.166023+08	1	2024-05-21 15:17:09.166023+08	/sys_auth/user/add/	127.0.0.1	1
dfb28d0a-0942-48c0-a6c8-df4e9d6339e4	t	1	2024-05-21 15:17:14.650864+08	1	2024-05-21 15:17:14.650864+08	/org_emp/employee/search/	127.0.0.1	1
5eec53d9-c51f-493e-b06e-2b71a141b2ab	t	1	2024-05-21 15:18:18.101045+08	1	2024-05-21 15:18:18.101045+08	/sys_auth/user/add/	127.0.0.1	1
8631bd84-e8b5-4b28-af54-fe926dd8c38f	t	1	2024-05-21 15:18:18.294861+08	1	2024-05-21 15:18:18.294861+08	/sys_auth/user/index/	127.0.0.1	1
d2cef362-8c70-438f-8655-497f21e6166d	t	1	2024-05-21 15:18:24.967398+08	1	2024-05-21 15:18:24.967398+08	/sys_auth/role/user/2	127.0.0.1	1
c73b9172-800a-49d0-9880-1790ffdeecde	t	1	2024-05-21 15:18:30.863325+08	1	2024-05-21 15:18:30.863325+08	/sys_auth/user/role/2	127.0.0.1	1
de30690b-e01c-4fac-b8d0-4c5412a1ee6a	t	2	2024-05-21 15:19:05.449141+08	2	2024-05-21 15:19:05.449141+08	/index/	127.0.0.1	2
95c5f826-5c66-4bf9-b66a-f8253862cc4e	t	2	2024-05-21 15:19:05.726443+08	2	2024-05-21 15:19:05.726443+08	/home/	127.0.0.1	2
f9abb09a-a294-4788-a8eb-5179bc08de10	t	2	2024-05-21 15:19:11.31402+08	2	2024-05-21 15:19:11.31402+08	/org_com/company/index/	127.0.0.1	2
70366a94-1cbd-40a8-9390-99c50f25d1a7	t	2	2024-05-21 15:19:13.846757+08	2	2024-05-21 15:19:13.846757+08	/org_dep/department/index/	127.0.0.1	2
33143cec-1f8a-4154-bd6c-eb8d59cdb532	t	2	2024-05-21 15:19:15.917547+08	2	2024-05-21 15:19:15.917547+08	/org_emp/employee/index/	127.0.0.1	2
677b2c5e-8cfd-469c-912e-b57e1fab50b8	t	2	2024-05-21 15:19:26.841281+08	2	2024-05-21 15:19:26.841281+08	/sys_auth/menu/index/	127.0.0.1	2
d4b911ef-5a35-411e-ad14-8ce1bc48e221	t	2	2024-05-21 15:19:35.566388+08	2	2024-05-21 15:19:35.566388+08	/sys_auth/menu/edit/13fc4528-4c99-4ac2-a7a2-6d8683ada499	127.0.0.1	2
95c827eb-6976-4fca-9e70-9b9c66197848	t	2	2024-05-21 15:19:46.317922+08	2	2024-05-21 15:19:46.317922+08	/sys_auth/menu/edit/13fc4528-4c99-4ac2-a7a2-6d8683ada499	127.0.0.1	2
48cb4b50-b4d9-44f9-8408-943009ab0cef	t	2	2024-05-21 15:19:46.527755+08	2	2024-05-21 15:19:46.527755+08	/sys_auth/menu/index/	127.0.0.1	2
0cdd18cd-40a2-4c09-b0b3-4bf40dbbf588	t	2	2024-05-21 15:19:47.886247+08	2	2024-05-21 15:19:47.886247+08	/index/	127.0.0.1	2
88fe04f3-5ece-4be4-9ba0-7d6a45841730	t	2	2024-05-21 15:19:48.182941+08	2	2024-05-21 15:19:48.182941+08	/home/	127.0.0.1	2
1e77aabc-6906-4f82-bbde-426f5ceffc87	t	2	2024-05-21 15:19:59.338171+08	2	2024-05-21 15:19:59.338171+08	/pp_master/option/basic/index/	127.0.0.1	2
3f7e4954-9082-4cc2-a9c3-3101f0640ce0	t	2	2024-05-21 15:22:31.689083+08	2	2024-05-21 15:22:31.689083+08	/pp_master/option/basic/index/	127.0.0.1	2
d7275589-cd48-4d24-87fb-73090ca74e79	t	2	2024-05-21 15:26:59.062529+08	2	2024-05-21 15:26:59.062529+08	/pp_master/option/basic/add/	127.0.0.1	2
3e4bd954-dbd9-4c7c-9d1d-77116ec82bbe	t	2	2024-05-21 15:27:37.787062+08	2	2024-05-21 15:27:37.787062+08	/pp_master/option/basic/index/	127.0.0.1	2
86bc3fee-5853-4183-8722-09557c497b10	t	2	2024-05-21 15:27:38.579329+08	2	2024-05-21 15:27:38.579329+08	/pp_master/option/basic/add/	127.0.0.1	2
a03fad18-816d-440e-93ec-7b8a4de402ef	t	2	2024-05-21 15:28:14.559289+08	2	2024-05-21 15:28:14.559289+08	/pp_master/machine_code/get/6c0fede4-5e42-43e4-bada-c60d790aff6b	127.0.0.1	2
2099f6bd-6d4f-4ca5-8a43-c6b773d28af1	t	2	2024-05-21 15:28:18.607643+08	2	2024-05-21 15:28:18.607643+08	/pp_master/option/basic/add/	127.0.0.1	2
fe309c80-5cff-42d8-b357-cbe9ff177003	t	2	2024-05-21 15:28:18.829246+08	2	2024-05-21 15:28:18.829246+08	/pp_master/option/basic/index/	127.0.0.1	2
177d0a7c-5945-4438-b734-0f6299ee5a4e	t	2	2024-05-21 15:28:45.137512+08	2	2024-05-21 15:28:45.137512+08	/pp_master/option/basic/add/	127.0.0.1	2
bc24d301-51bb-4866-85d2-2023a50a0a1d	t	2	2024-05-21 15:28:45.992239+08	2	2024-05-21 15:28:45.992239+08	/pp_master/option/basic/index/	127.0.0.1	2
eaf77400-a9bd-4e2d-bf3b-6e6047da20d8	t	2	2024-05-21 15:31:19.233069+08	2	2024-05-21 15:31:19.233069+08	/pp_master/option/basic/add/	127.0.0.1	2
7af6e7bd-a9d5-4b73-beb8-d6c6b4944841	t	2	2024-05-21 15:31:21.009531+08	2	2024-05-21 15:31:21.009531+08	/pp_master/machine_code/get/6c0fede4-5e42-43e4-bada-c60d790aff6b	127.0.0.1	2
a9fccb51-4672-4a64-a40e-09991cccf6e4	t	2	2024-05-21 15:31:36.467554+08	2	2024-05-21 15:31:36.467554+08	/pp_master/option/basic/add/	127.0.0.1	2
a39efa32-7850-4c04-98ad-e8320827890b	t	2	2024-05-21 15:33:00.661716+08	2	2024-05-21 15:33:00.661716+08	/index/	127.0.0.1	2
f63b84d7-136e-4e36-b8cb-89919b6999b4	t	2	2024-05-21 15:33:00.963908+08	2	2024-05-21 15:33:00.963908+08	/home/	127.0.0.1	2
70fd2425-efbb-45a8-b040-85451cb17f6b	t	2	2024-05-21 15:33:02.357685+08	2	2024-05-21 15:33:02.357685+08	/pp_master/option/basic/index/	127.0.0.1	2
484af96e-55ce-426b-bd7f-9f046391b1ce	t	2	2024-05-21 15:33:04.313661+08	2	2024-05-21 15:33:04.313661+08	/pp_master/option/basic/add/	127.0.0.1	2
4542431c-b0b5-4f52-b9ef-12bd33e3c240	t	2	2024-05-21 15:33:10.986797+08	2	2024-05-21 15:33:10.986797+08	/pp_master/machine_code/get/6c0fede4-5e42-43e4-bada-c60d790aff6b	127.0.0.1	2
5b093014-b9fa-48a0-9f0b-91c945e531af	t	2	2024-05-21 15:33:12.082594+08	2	2024-05-21 15:33:12.082594+08	/pp_master/option/basic/add/	127.0.0.1	2
4d51dde2-d69a-45b7-8700-04619bd9649a	t	2	2024-05-21 15:34:04.626846+08	2	2024-05-21 15:34:04.626846+08	/pp_master/option/basic/add/	127.0.0.1	2
fec4b6af-ec83-4eae-b177-230ac8275e92	t	2	2024-05-21 15:34:04.842274+08	2	2024-05-21 15:34:04.842274+08	/pp_master/option/basic/index/	127.0.0.1	2
b3d3c5a8-4cac-4f80-ba92-70d02d64a49f	t	2	2024-05-21 15:34:06.985204+08	2	2024-05-21 15:34:06.985204+08	/pp_master/option/basic/add/	127.0.0.1	2
51c95023-b54a-4b74-ad97-9e8cf911aa12	t	2	2024-05-21 15:34:40.332538+08	2	2024-05-21 15:34:40.332538+08	/pp_master/machine_code/get/6c0fede4-5e42-43e4-bada-c60d790aff6b	127.0.0.1	2
c960a2b7-122c-44dc-91ef-0feca0595f0c	t	2	2024-05-21 15:34:41.352304+08	2	2024-05-21 15:34:41.352304+08	/pp_master/option/basic/add/	127.0.0.1	2
30683c77-376c-4f4b-a40f-5fc7eb986044	t	2	2024-05-21 15:34:41.56892+08	2	2024-05-21 15:34:41.56892+08	/pp_master/option/basic/index/	127.0.0.1	2
4a497192-6ff9-47b0-babe-88bc7873978e	t	2	2024-05-21 15:34:51.164182+08	2	2024-05-21 15:34:51.164182+08	/pp_master/option/basic/add/	127.0.0.1	2
a5f5d1f5-92ca-467a-ab16-6bdb5365f89b	t	2	2024-05-21 15:34:53.352677+08	2	2024-05-21 15:34:53.352677+08	/pp_master/machine_code/get/6c0fede4-5e42-43e4-bada-c60d790aff6b	127.0.0.1	2
56f6bad4-9c47-4a46-a162-93dacecd4de1	t	2	2024-05-21 15:35:08.462102+08	2	2024-05-21 15:35:08.462102+08	/pp_master/option/basic/add/	127.0.0.1	2
bd0d50bd-7d76-452b-8166-d6d02987ff36	t	2	2024-05-21 15:35:08.764927+08	2	2024-05-21 15:35:08.764927+08	/pp_master/option/basic/index/	127.0.0.1	2
229d3459-02ef-4d30-8622-68146ce85c65	t	2	2024-05-21 15:35:17.880698+08	2	2024-05-21 15:35:17.880698+08	/pp_master/option/basic/edit/5d061d1e-fc1e-4253-9760-94d5c870a6fa/	127.0.0.1	2
5a68893a-f481-4bd8-be55-6b2a6890b5bd	t	2	2024-05-21 15:35:25.09838+08	2	2024-05-21 15:35:25.09838+08	/pp_master/option/basic/edit/5d061d1e-fc1e-4253-9760-94d5c870a6fa/	127.0.0.1	2
a5608d45-020b-4cbd-9073-98d9e51d9917	t	2	2024-05-21 15:35:26.417703+08	2	2024-05-21 15:35:26.417703+08	/pp_master/option/basic/index/	127.0.0.1	2
bde35a71-a2ff-4ca0-b07a-8c5dae7d03cf	t	2	2024-05-21 15:35:30.25158+08	2	2024-05-21 15:35:30.25158+08	/pp_master/option/basic/edit/5d061d1e-fc1e-4253-9760-94d5c870a6fa/	127.0.0.1	2
6a77b469-e42d-45dd-a918-579b9742e80f	t	2	2024-05-21 15:35:31.373628+08	2	2024-05-21 15:35:31.373628+08	/pp_master/option/basic/edit/5d061d1e-fc1e-4253-9760-94d5c870a6fa/	127.0.0.1	2
f055fed4-5f70-4057-a464-4351ff641214	t	2	2024-05-21 15:35:31.595342+08	2	2024-05-21 15:35:31.595342+08	/pp_master/option/basic/index/	127.0.0.1	2
c54ec0c9-aa83-4422-ac01-64d20d18a944	t	2	2024-05-21 15:35:32.43613+08	2	2024-05-21 15:35:32.43613+08	/pp_master/option/basic/add/	127.0.0.1	2
db00a5a2-961f-4b68-a6c9-bb0d87b5491a	t	2	2024-05-21 15:35:34.560304+08	2	2024-05-21 15:35:34.560304+08	/pp_master/machine_code/get/6c0fede4-5e42-43e4-bada-c60d790aff6b	127.0.0.1	2
1b97df5c-54f6-451e-bf89-e8bbc5c7e321	t	2	2024-05-21 15:35:50.502672+08	2	2024-05-21 15:35:50.502672+08	/pp_master/option/basic/add/	127.0.0.1	2
e4eb97bd-e415-4f81-98e4-78e6e986dd3f	t	2	2024-05-21 15:35:50.794894+08	2	2024-05-21 15:35:50.795897+08	/pp_master/option/basic/index/	127.0.0.1	2
761fdf97-95a5-4343-b67c-56b44a8d3a35	t	2	2024-05-21 15:39:53.045195+08	2	2024-05-21 15:39:53.045195+08	/sys_auth/user/index/	127.0.0.1	2
01002d64-e3a6-4c83-ba4d-8d45c6a24e26	t	2	2024-05-21 15:40:19.880518+08	2	2024-05-21 15:40:19.880518+08	/pp_master/model_code/index/	127.0.0.1	2
c2981a2b-4d3f-4427-afd5-e15728c43c42	t	2	2024-05-21 15:40:22.9258+08	2	2024-05-21 15:40:22.9258+08	/pp_master/machine_code/index/	127.0.0.1	2
c8d82369-08ec-4f68-b9cf-c3c516dc3b75	t	2	2024-05-21 15:40:25.897685+08	2	2024-05-21 15:40:25.897685+08	/pp_master/work_center/index/	127.0.0.1	2
c28bccda-8bf1-44cc-877b-fb5b0186f9ed	t	2	2024-05-21 15:40:28.439453+08	2	2024-05-21 15:40:28.439453+08	/pp_master/line/index/	127.0.0.1	2
4e17c6a9-a3b5-4f0e-b231-eb8dcea5f29c	t	2	2024-05-21 15:40:32.848982+08	2	2024-05-21 15:40:32.848982+08	/index/	127.0.0.1	2
6ba6c823-0cff-460e-a66d-2337bea22de4	t	2	2024-05-21 15:40:33.125741+08	2	2024-05-21 15:40:33.125741+08	/home/	127.0.0.1	2
3a83a91a-9036-487f-af65-85a434654cc2	t	2	2024-05-21 15:41:12.631167+08	2	2024-05-21 15:41:12.631167+08	/pp_master/line/index/	127.0.0.1	2
e8679f70-813d-4acd-9bad-16c950df3346	t	2	2024-05-21 15:41:13.50475+08	2	2024-05-21 15:41:13.50475+08	/pp_master/line/add/	127.0.0.1	2
61356f92-739d-4c3f-9e07-eb214fb66403	t	2	2024-05-21 15:43:18.033246+08	2	2024-05-21 15:43:18.033246+08	/pp_master/option/basic/index/	127.0.0.1	2
9ebcb428-29ee-4ca5-a2c8-db31309121c6	t	2	2024-05-21 15:44:16.566064+08	2	2024-05-21 15:44:16.566064+08	/pp_master/option/basic/index/	127.0.0.1	2
309bfb02-45b6-481e-a722-d014d2a145e9	t	2	2024-05-21 15:45:43.069788+08	2	2024-05-21 15:45:43.069788+08	/pp_master/option/basic/add/	127.0.0.1	2
28c39461-035e-4c53-8a98-c05d2396f963	t	2	2024-05-21 15:45:45.198353+08	2	2024-05-21 15:45:45.198353+08	/pp_master/machine_code/get/6c0fede4-5e42-43e4-bada-c60d790aff6b	127.0.0.1	2
25e30c7c-5958-4653-b297-d695070e9536	t	2	2024-05-21 15:45:58.716056+08	2	2024-05-21 15:45:58.716056+08	/pp_master/option/basic/add/	127.0.0.1	2
c2fc169e-ec41-45a4-8b5b-e6e706292569	t	2	2024-05-21 15:45:58.933375+08	2	2024-05-21 15:45:58.933375+08	/pp_master/option/basic/index/	127.0.0.1	2
7245b270-3e9c-4e02-b18d-513010327548	t	2	2024-05-21 15:46:01.643935+08	2	2024-05-21 15:46:01.643935+08	/pp_master/option/basic/add/	127.0.0.1	2
cc38fd52-35d8-4011-aedc-d9f5c063d025	t	2	2024-05-21 15:46:08.69078+08	2	2024-05-21 15:46:08.69078+08	/pp_master/machine_code/get/6c0fede4-5e42-43e4-bada-c60d790aff6b	127.0.0.1	2
bfb803d1-eb07-403e-866d-92eec933e25f	t	2	2024-05-21 15:46:21.078156+08	2	2024-05-21 15:46:21.078156+08	/pp_master/option/basic/add/	127.0.0.1	2
38ba8224-0a83-4e71-ad79-eccb145214b2	t	2	2024-05-21 15:46:21.303316+08	2	2024-05-21 15:46:21.303316+08	/pp_master/option/basic/index/	127.0.0.1	2
9b920c1a-e57b-4e7d-8203-bd1714c60a7d	t	2	2024-05-21 15:47:24.277211+08	2	2024-05-21 15:47:24.277211+08	/pp_master/option/basic/add/	127.0.0.1	2
293d0c1c-a467-4474-aa6f-20f92b1043b5	t	2	2024-05-21 15:47:26.285708+08	2	2024-05-21 15:47:26.285708+08	/pp_master/machine_code/get/6c0fede4-5e42-43e4-bada-c60d790aff6b	127.0.0.1	2
278b9540-89c0-4d5f-96ff-745c266fc310	t	2	2024-05-21 15:47:40.272527+08	2	2024-05-21 15:47:40.272527+08	/pp_master/option/basic/add/	127.0.0.1	2
8f84f464-d6e4-4409-91b5-c7fb31ef36d1	t	2	2024-05-21 15:47:40.487825+08	2	2024-05-21 15:47:40.487825+08	/pp_master/option/basic/index/	127.0.0.1	2
cf63b1d8-5750-45b5-b5de-eb2f48ad27b6	t	2	2024-05-21 15:47:46.485601+08	2	2024-05-21 15:47:46.485601+08	/pp_master/option/basic/add/	127.0.0.1	2
2b70670b-b9b7-464b-b1e5-855e95b28f9c	t	2	2024-05-21 15:47:48.427747+08	2	2024-05-21 15:47:48.427747+08	/pp_master/machine_code/get/6c0fede4-5e42-43e4-bada-c60d790aff6b	127.0.0.1	2
75c8b598-0a06-4350-aacd-047af99d883a	t	2	2024-05-21 15:47:57.632208+08	2	2024-05-21 15:47:57.632208+08	/pp_master/option/basic/add/	127.0.0.1	2
125cb429-b636-4923-93db-86b89a3b64ba	t	2	2024-05-21 15:47:57.879625+08	2	2024-05-21 15:47:57.879625+08	/pp_master/option/basic/index/	127.0.0.1	2
e0d7a89c-8b8a-40e2-b89a-87257ea88942	t	2	2024-05-21 15:48:04.851541+08	2	2024-05-21 15:48:04.851541+08	/pp_master/option/basic/add/	127.0.0.1	2
9bcfa311-6f8a-49f0-a42b-1276068444da	t	2	2024-05-21 15:48:06.838717+08	2	2024-05-21 15:48:06.838717+08	/pp_master/machine_code/get/6c0fede4-5e42-43e4-bada-c60d790aff6b	127.0.0.1	2
28c5c35d-ef1c-487d-9f15-450c1c9d457f	t	2	2024-05-21 15:48:14.999712+08	2	2024-05-21 15:48:14.999712+08	/pp_master/option/basic/add/	127.0.0.1	2
5198005d-d71e-4810-be16-c7fab2bc2353	t	2	2024-05-21 15:48:15.227658+08	2	2024-05-21 15:48:15.227658+08	/pp_master/option/basic/index/	127.0.0.1	2
a6544a48-1cc6-410d-b6b3-3f58d3446d8b	t	2	2024-05-21 15:48:21.959372+08	2	2024-05-21 15:48:21.959372+08	/pp_master/option/basic/add/	127.0.0.1	2
e1a9d955-7b30-42bf-a364-f9ace3670e22	t	2	2024-05-21 15:48:24.147334+08	2	2024-05-21 15:48:24.147334+08	/pp_master/machine_code/get/6c0fede4-5e42-43e4-bada-c60d790aff6b	127.0.0.1	2
8d1b44cb-a7f2-4774-9458-5543a14a004c	t	2	2024-05-21 15:48:34.489733+08	2	2024-05-21 15:48:34.489733+08	/pp_master/option/basic/add/	127.0.0.1	2
915e6b84-74bb-47b3-bd82-75e3082e6f64	t	2	2024-05-21 15:48:34.735996+08	2	2024-05-21 15:48:34.735996+08	/pp_master/option/basic/index/	127.0.0.1	2
180a830b-573d-46ac-bf0d-f5e6649b55dc	t	2	2024-05-21 15:48:50.364382+08	2	2024-05-21 15:48:50.364382+08	/pp_master/option/basic/add/	127.0.0.1	2
f69337a8-72ef-4b68-abb4-d9bc45305a6e	t	2	2024-05-21 15:48:52.146589+08	2	2024-05-21 15:48:52.146589+08	/pp_master/machine_code/get/6c0fede4-5e42-43e4-bada-c60d790aff6b	127.0.0.1	2
87d9f4c4-1c90-49a9-bfc0-4cc45a4f82c5	t	2	2024-05-21 15:49:00.573828+08	2	2024-05-21 15:49:00.573828+08	/pp_master/option/basic/add/	127.0.0.1	2
a455da3b-e44e-4fa3-9c5c-3576cea68b21	t	2	2024-05-21 15:49:00.847707+08	2	2024-05-21 15:49:00.847707+08	/pp_master/option/basic/index/	127.0.0.1	2
aa912a8d-970d-49dc-8b08-4686da47439e	t	2	2024-05-21 15:49:07.691317+08	2	2024-05-21 15:49:07.691317+08	/pp_master/option/basic/index/	127.0.0.1	2
3d4c4876-7df1-49c1-8421-84a6002623fa	t	2	2024-05-21 15:49:09.710921+08	2	2024-05-21 15:49:09.710921+08	/pp_master/option/basic/add/	127.0.0.1	2
a10a7789-c802-449d-9413-14fc2f97c047	t	2	2024-05-21 15:49:16.774283+08	2	2024-05-21 15:49:16.774283+08	/pp_master/option/basic/index/	127.0.0.1	2
517c58f3-8c58-4efb-a040-89e137e4895e	t	2	2024-05-21 15:49:19.318393+08	2	2024-05-21 15:49:19.318393+08	/pp_master/option/basic/index/	127.0.0.1	2
aa178fdf-f5b5-41bb-bd5d-f4bb280067a9	t	2	2024-05-21 15:49:22.119528+08	2	2024-05-21 15:49:22.119528+08	/pp_master/option/basic/index/	127.0.0.1	2
4fa002e4-a6cb-42ad-8578-4395556d0966	t	2	2024-05-21 15:49:27.874479+08	2	2024-05-21 15:49:27.874479+08	/pp_master/option/basic/add/	127.0.0.1	2
204041fa-39f6-4383-8658-a81f1b54e2a9	t	2	2024-05-21 15:49:30.083565+08	2	2024-05-21 15:49:30.083565+08	/pp_master/machine_code/get/6c0fede4-5e42-43e4-bada-c60d790aff6b	127.0.0.1	2
31dd1b72-8320-493e-a031-2323de3a51e7	t	2	2024-05-21 15:49:38.516139+08	2	2024-05-21 15:49:38.516139+08	/pp_master/option/basic/add/	127.0.0.1	2
5c10a75e-7f8d-4216-9ec2-e653c3b1307f	t	2	2024-05-21 15:49:38.780425+08	2	2024-05-21 15:49:38.781419+08	/pp_master/option/basic/index/	127.0.0.1	2
c99d415c-3d44-4b02-aaf6-619b888632ba	t	2	2024-05-21 15:49:51.011532+08	2	2024-05-21 15:49:51.011532+08	/pp_master/option/basic/add/	127.0.0.1	2
c3a79316-2975-4c91-83fd-2cb8488e8a11	t	2	2024-05-21 15:49:53.756036+08	2	2024-05-21 15:49:53.756036+08	/pp_master/machine_code/get/6c0fede4-5e42-43e4-bada-c60d790aff6b	127.0.0.1	2
756e4578-1233-4951-a681-fa0cc8e7d101	t	2	2024-05-21 15:50:02.596913+08	2	2024-05-21 15:50:02.596913+08	/pp_master/option/basic/add/	127.0.0.1	2
bbfcf7dc-328f-4ecd-8074-3e11f9174142	t	2	2024-05-21 15:50:02.873145+08	2	2024-05-21 15:50:02.873145+08	/pp_master/option/basic/index/	127.0.0.1	2
25e5aafe-6ccb-4b41-baa3-630d4ac62d94	t	2	2024-05-21 15:50:07.718615+08	2	2024-05-21 15:50:07.718615+08	/pp_master/option/basic/add/	127.0.0.1	2
f289e18b-2a9a-479e-b73e-729d6d2dcfdb	t	2	2024-05-21 15:50:14.584913+08	2	2024-05-21 15:50:14.584913+08	/pp_master/machine_code/get/6c0fede4-5e42-43e4-bada-c60d790aff6b	127.0.0.1	2
f605e0fa-1546-4d9f-a3e3-d2c90eb3fe02	t	2	2024-05-21 15:50:19.307748+08	2	2024-05-21 15:50:19.307748+08	/pp_master/option/basic/add/	127.0.0.1	2
0461d726-88cf-4f04-b186-4a2ac0fb4422	t	2	2024-05-21 15:50:19.538761+08	2	2024-05-21 15:50:19.538761+08	/pp_master/option/basic/index/	127.0.0.1	2
a190d872-f09a-4c81-95de-3f9174b4bb04	t	2	2024-05-21 15:50:26.054018+08	2	2024-05-21 15:50:26.054018+08	/pp_master/option/basic/add/	127.0.0.1	2
7d4a038a-714c-42e3-bb45-d44eab13cb2c	t	2	2024-05-21 15:50:28.152117+08	2	2024-05-21 15:50:28.152117+08	/pp_master/machine_code/get/6c0fede4-5e42-43e4-bada-c60d790aff6b	127.0.0.1	2
7ddbe064-69f9-4d2b-9035-47d7c14b57c1	t	2	2024-05-21 15:50:35.736967+08	2	2024-05-21 15:50:35.736967+08	/pp_master/option/basic/add/	127.0.0.1	2
19c169a1-f3d5-4578-a770-f8d9976ff286	t	2	2024-05-21 15:50:35.955094+08	2	2024-05-21 15:50:35.955094+08	/pp_master/option/basic/index/	127.0.0.1	2
7922f672-7d4d-4e4d-a8d9-1e8a54ef2abc	t	2	2024-05-21 15:50:41.649708+08	2	2024-05-21 15:50:41.649708+08	/pp_master/option/basic/add/	127.0.0.1	2
7c15c0d7-5835-4521-9bdf-c112ab1e13f6	t	2	2024-05-21 15:50:43.59653+08	2	2024-05-21 15:50:43.59653+08	/pp_master/machine_code/get/6c0fede4-5e42-43e4-bada-c60d790aff6b	127.0.0.1	2
556a74b8-8fb3-4952-bdb2-c0be33c551cf	t	2	2024-05-21 15:50:52.490596+08	2	2024-05-21 15:50:52.490596+08	/pp_master/option/basic/add/	127.0.0.1	2
9f113c42-7123-4a41-9502-e6934e92ec80	t	2	2024-05-21 15:50:52.721315+08	2	2024-05-21 15:50:52.721315+08	/pp_master/option/basic/index/	127.0.0.1	2
84f3e97e-a3f5-4210-b120-62184eb8b2b4	t	2	2024-05-21 15:50:58.744873+08	2	2024-05-21 15:50:58.744873+08	/pp_master/option/basic/add/	127.0.0.1	2
dc61a294-db51-4802-beb4-f5d2bdead209	t	2	2024-05-21 15:51:00.778108+08	2	2024-05-21 15:51:00.778108+08	/pp_master/machine_code/get/6c0fede4-5e42-43e4-bada-c60d790aff6b	127.0.0.1	2
11c881d9-2992-4769-8256-de7e5a596b86	t	2	2024-05-21 15:51:19.538994+08	2	2024-05-21 15:51:19.538994+08	/pp_master/option/basic/add/	127.0.0.1	2
1e5bf4d8-df95-4547-9ebe-a55ea6a8da2b	t	2	2024-05-21 15:51:19.842199+08	2	2024-05-21 15:51:19.842199+08	/pp_master/option/basic/index/	127.0.0.1	2
5354e004-96e7-4095-9d24-34fb105ca015	t	2	2024-05-21 15:51:25.620569+08	2	2024-05-21 15:51:25.620569+08	/pp_master/option/basic/add/	127.0.0.1	2
66ee5be7-83e3-4b54-b1c4-101fc8db9b25	t	2	2024-05-21 15:51:27.260103+08	2	2024-05-21 15:51:27.260103+08	/pp_master/machine_code/get/6c0fede4-5e42-43e4-bada-c60d790aff6b	127.0.0.1	2
11fb428e-1dd0-442c-951f-ee2f96a9d4fe	t	2	2024-05-21 15:51:34.505839+08	2	2024-05-21 15:51:34.505839+08	/pp_master/option/basic/add/	127.0.0.1	2
5d373551-b1ac-4e33-9f8b-08029bfa6028	t	2	2024-05-21 15:51:34.732442+08	2	2024-05-21 15:51:34.732442+08	/pp_master/option/basic/index/	127.0.0.1	2
78179e42-ab33-44b5-8946-de30caa2acc4	t	2	2024-05-22 09:13:13.762112+08	2	2024-05-22 09:13:13.762112+08	/index/	127.0.0.1	2
e2638351-b963-4fd2-8c12-c15f63a44b9e	t	2	2024-05-22 09:13:14.041298+08	2	2024-05-22 09:13:14.041298+08	/home/	127.0.0.1	2
3960ccc0-7e6e-495b-9877-3042cfa54fe3	t	2	2024-05-22 09:13:21.262747+08	2	2024-05-22 09:13:21.262747+08	/pp_master/option/basic/index/	127.0.0.1	2
a3ad2022-5881-426f-a307-e4278cae9566	t	2	2024-05-24 16:25:02.546778+08	2	2024-05-24 16:25:02.546778+08	/index/	127.0.0.1	2
35cbdd93-be5b-4aec-9dc1-0c9a0694040e	t	2	2024-05-22 09:13:24.560417+08	2	2024-05-22 09:13:24.560417+08	/pp_master/line/index/	127.0.0.1	2
d9aa38d0-db74-4c02-8ba3-a3df0021cb97	t	2	2024-05-22 09:13:29.348355+08	2	2024-05-22 09:13:29.348355+08	/pp_master/line/add/	127.0.0.1	2
2d004045-e297-4901-88b1-98ce7e412536	t	2	2024-05-22 09:14:09.755082+08	2	2024-05-22 09:14:09.755082+08	/pp_master/line/add/	127.0.0.1	2
b8baad81-4127-489f-80ff-3fba1f66cdcc	t	2	2024-05-22 09:14:09.982595+08	2	2024-05-22 09:14:09.982595+08	/pp_master/line/index/	127.0.0.1	2
d832a3aa-8230-4edc-bc62-5c05d2f796c2	t	2	2024-05-22 09:14:12.00642+08	2	2024-05-22 09:14:12.00642+08	/pp_master/line/add/	127.0.0.1	2
e21cee6c-d989-4535-8f8c-fa472895d8c0	t	2	2024-05-22 09:14:27.726123+08	2	2024-05-22 09:14:27.727121+08	/pp_master/line/add/	127.0.0.1	2
a685bfcc-fea0-4de4-aad6-3b42c5de1606	t	2	2024-05-22 09:14:27.955939+08	2	2024-05-22 09:14:27.955939+08	/pp_master/line/index/	127.0.0.1	2
554a826c-5503-4bc3-ab6a-b94a5813df9e	t	2	2024-05-22 09:14:33.920653+08	2	2024-05-22 09:14:33.920653+08	/pp_master/line/add/	127.0.0.1	2
e525c781-041a-47d4-b10d-2b4ee2713db0	t	2	2024-05-22 09:14:44.205529+08	2	2024-05-22 09:14:44.205529+08	/pp_master/line/add/	127.0.0.1	2
fedbcb19-72ba-400d-84a5-e98cdd2f891d	t	2	2024-05-22 09:14:44.422001+08	2	2024-05-22 09:14:44.422001+08	/pp_master/line/index/	127.0.0.1	2
a275e320-8645-4010-893e-2fc37aed9aa9	t	2	2024-05-22 09:15:47.432729+08	2	2024-05-22 09:15:47.432729+08	/pp_master/line/add/	127.0.0.1	2
080a9072-04c3-4949-bc90-4c8f2bf6ad98	t	2	2024-05-22 09:15:59.548646+08	2	2024-05-22 09:15:59.548646+08	/pp_master/line/add/	127.0.0.1	2
91d149b4-5eff-4957-af29-002668d4b109	t	2	2024-05-22 09:15:59.758601+08	2	2024-05-22 09:15:59.758601+08	/pp_master/line/index/	127.0.0.1	2
4ef56b4a-f917-44a5-9f72-0b0c56b8e190	t	2	2024-05-22 09:16:01.46008+08	2	2024-05-22 09:16:01.46008+08	/pp_master/line/add/	127.0.0.1	2
1f629ff2-bb9b-4315-9228-f21d1119def9	t	2	2024-05-22 09:16:13.675724+08	2	2024-05-22 09:16:13.675724+08	/pp_master/line/add/	127.0.0.1	2
e8f24ae6-ef3e-444e-92be-5079cada66dc	t	2	2024-05-22 09:16:13.892716+08	2	2024-05-22 09:16:13.892716+08	/pp_master/line/index/	127.0.0.1	2
a39f5bb2-fb96-4112-a972-238a54595979	t	2	2024-05-22 09:16:15.208507+08	2	2024-05-22 09:16:15.208507+08	/pp_master/line/add/	127.0.0.1	2
59a10836-83f2-480c-afc8-40fd1b9c0c6d	t	2	2024-05-22 09:16:30.21062+08	2	2024-05-22 09:16:30.21062+08	/pp_master/line/add/	127.0.0.1	2
f0286d94-ddfa-4d7e-992a-d107a0e11f1c	t	2	2024-05-22 09:16:30.431666+08	2	2024-05-22 09:16:30.431666+08	/pp_master/line/index/	127.0.0.1	2
0b2e22f6-5238-4b8f-a4fc-5bf9a3b16dfa	t	2	2024-05-22 09:16:37.391566+08	2	2024-05-22 09:16:37.391566+08	/pp_master/line/add/	127.0.0.1	2
ccf9a2b6-dd40-4d36-be20-fd3757e31159	t	2	2024-05-22 09:16:49.419631+08	2	2024-05-22 09:16:49.419631+08	/pp_master/line/add/	127.0.0.1	2
74943c2f-9010-4b46-91b5-18e3aa13a470	t	2	2024-05-22 09:16:49.644429+08	2	2024-05-22 09:16:49.644429+08	/pp_master/line/index/	127.0.0.1	2
ba033492-11c2-4f34-b3df-1a8c1b1a6594	t	2	2024-05-22 09:16:50.440135+08	2	2024-05-22 09:16:50.440135+08	/pp_master/line/add/	127.0.0.1	2
c41d36bb-2ca4-483f-8384-fe1731f74c1e	t	2	2024-05-22 09:17:01.468228+08	2	2024-05-22 09:17:01.468228+08	/pp_master/line/add/	127.0.0.1	2
091ae010-4d68-4025-ad99-cf04d03595f9	t	2	2024-05-22 09:17:01.730533+08	2	2024-05-22 09:17:01.730533+08	/pp_master/line/index/	127.0.0.1	2
36515e64-0978-49a5-a0ad-0fc3862587e3	t	2	2024-05-22 09:17:07.48944+08	2	2024-05-22 09:17:07.48944+08	/pp_master/line/add/	127.0.0.1	2
0f5d97a0-812b-4205-b41a-c2aaa9b8a15c	t	2	2024-05-22 09:17:18.209558+08	2	2024-05-22 09:17:18.209558+08	/pp_master/line/add/	127.0.0.1	2
6c210fe4-5e32-4542-908d-ef868264c78f	t	2	2024-05-22 09:17:18.460257+08	2	2024-05-22 09:17:18.460257+08	/pp_master/line/index/	127.0.0.1	2
be68ad99-331b-41a9-8f21-9cd1843d5689	t	2	2024-05-22 09:17:23.560249+08	2	2024-05-22 09:17:23.560249+08	/pp_master/line/add/	127.0.0.1	2
1dbcf5ee-0914-49df-bdea-6dc3ed492216	t	2	2024-05-22 09:17:36.989885+08	2	2024-05-22 09:17:36.989885+08	/pp_master/line/add/	127.0.0.1	2
62f0af15-e4dd-483e-a271-5c45ce099fec	t	2	2024-05-22 09:17:37.227687+08	2	2024-05-22 09:17:37.227687+08	/pp_master/line/index/	127.0.0.1	2
2388e267-1247-4c8e-a87c-b9d1e096fbf5	t	2	2024-05-22 09:17:45.510085+08	2	2024-05-22 09:17:45.510085+08	/pp_master/line/add/	127.0.0.1	2
9b20b13f-191c-4482-8f85-a014613bd8d0	t	2	2024-05-22 09:17:55.462965+08	2	2024-05-22 09:17:55.462965+08	/pp_master/line/add/	127.0.0.1	2
7c6ea5e7-9e21-4df0-8010-77ff5a1dd9ab	t	2	2024-05-22 09:17:55.694919+08	2	2024-05-22 09:17:55.694919+08	/pp_master/line/index/	127.0.0.1	2
b718be07-a6a0-43b1-a54f-6ba33767d15c	t	2	2024-05-22 09:17:59.71532+08	2	2024-05-22 09:17:59.71532+08	/pp_master/line/add/	127.0.0.1	2
039333da-c974-4d85-a1a5-1704bad4cb83	t	2	2024-05-22 09:18:09.055061+08	2	2024-05-22 09:18:09.055061+08	/pp_master/line/add/	127.0.0.1	2
b2cda793-cde8-410c-999c-8849138223f6	t	2	2024-05-22 09:18:09.29715+08	2	2024-05-22 09:18:09.29715+08	/pp_master/line/index/	127.0.0.1	2
ea62f742-8bbd-4b94-b78e-2d5e925cd6f8	t	2	2024-05-22 09:18:14.252801+08	2	2024-05-22 09:18:14.252801+08	/pp_master/line/add/	127.0.0.1	2
b901f264-c8f8-4a82-96fc-fbc39bb6335f	t	2	2024-05-22 09:18:23.449137+08	2	2024-05-22 09:18:23.449137+08	/pp_master/line/add/	127.0.0.1	2
a39c6b8c-b703-48c0-957e-47d469b9a119	t	2	2024-05-22 09:18:23.808491+08	2	2024-05-22 09:18:23.808491+08	/pp_master/line/index/	127.0.0.1	2
e4773dec-43d6-4253-8028-49d971f024cc	t	2	2024-05-22 09:18:29.757922+08	2	2024-05-22 09:18:29.757922+08	/pp_master/line/add/	127.0.0.1	2
b855ba37-f7a8-4470-b9ce-29daf1f24125	t	2	2024-05-22 09:18:39.849947+08	2	2024-05-22 09:18:39.849947+08	/pp_master/line/add/	127.0.0.1	2
0123a197-bbb0-4673-a9fc-a198593efe3c	t	2	2024-05-22 09:18:40.086555+08	2	2024-05-22 09:18:40.086555+08	/pp_master/line/index/	127.0.0.1	2
33f077f5-030c-4050-beba-eebfabd2e4ca	t	2	2024-05-22 09:18:44.813445+08	2	2024-05-22 09:18:44.813445+08	/pp_master/line/add/	127.0.0.1	2
de36a5be-3613-465f-9901-19ac1f8b54a8	t	2	2024-05-22 09:18:53.57441+08	2	2024-05-22 09:18:53.57441+08	/pp_master/line/add/	127.0.0.1	2
e2303353-0b1f-48d1-921e-73210f0fd276	t	2	2024-05-22 09:18:53.842244+08	2	2024-05-22 09:18:53.842244+08	/pp_master/line/index/	127.0.0.1	2
67f0d505-87a3-4fba-a030-8eb8e50434e3	t	2	2024-05-22 09:18:58.426538+08	2	2024-05-22 09:18:58.426538+08	/pp_master/line/add/	127.0.0.1	2
a200dbe4-d881-4672-a72d-b396ed5be93a	t	2	2024-05-22 09:19:07.494448+08	2	2024-05-22 09:19:07.494448+08	/pp_master/line/add/	127.0.0.1	2
bd610040-42b1-4f78-994c-1b8267f3d837	t	2	2024-05-22 09:19:07.743128+08	2	2024-05-22 09:19:07.743128+08	/pp_master/line/index/	127.0.0.1	2
9b8faf0b-40ac-4219-ad41-23317a6e8464	t	2	2024-05-22 09:19:11.778199+08	2	2024-05-22 09:19:11.778199+08	/pp_master/line/add/	127.0.0.1	2
8ff4c169-4513-41bc-a4bf-cb4e0d51dea7	t	2	2024-05-22 09:19:20.357444+08	2	2024-05-22 09:19:20.357444+08	/pp_master/line/add/	127.0.0.1	2
fb440dd0-ca56-4d4c-b5d7-416b19b61897	t	2	2024-05-22 09:19:20.609627+08	2	2024-05-22 09:19:20.609627+08	/pp_master/line/index/	127.0.0.1	2
afdacc77-cd31-47e9-8a18-6f72e24de56e	t	2	2024-05-22 09:19:25.173589+08	2	2024-05-22 09:19:25.173589+08	/pp_master/line/add/	127.0.0.1	2
a3c3946f-b515-46d3-bbea-db4c9c6ab267	t	2	2024-05-22 09:19:36.770052+08	2	2024-05-22 09:19:36.770052+08	/pp_master/line/add/	127.0.0.1	2
d3cf94a8-f4a5-4375-abb2-5c410389c269	t	2	2024-05-22 09:19:37.001282+08	2	2024-05-22 09:19:37.001282+08	/pp_master/line/index/	127.0.0.1	2
bd5c03a8-b402-4e30-b383-78b42cba86ad	t	2	2024-05-22 09:19:42.202521+08	2	2024-05-22 09:19:42.202521+08	/pp_master/line/add/	127.0.0.1	2
df36cf87-8747-450d-bb41-629641f22df7	t	2	2024-05-22 09:19:52.110338+08	2	2024-05-22 09:19:52.110338+08	/pp_master/line/add/	127.0.0.1	2
c5605b72-221d-42fb-ae32-b505be43817a	t	2	2024-05-22 09:19:52.375237+08	2	2024-05-22 09:19:52.375237+08	/pp_master/line/index/	127.0.0.1	2
0ab11cfa-6926-42cc-a3f5-27a910f2f672	t	2	2024-05-22 09:19:56.329231+08	2	2024-05-22 09:19:56.329231+08	/pp_master/line/add/	127.0.0.1	2
182320cb-56dd-4854-9f9c-120d96553eb6	t	2	2024-05-22 09:20:07.059112+08	2	2024-05-22 09:20:07.059112+08	/pp_master/line/add/	127.0.0.1	2
6960222c-ee95-4ef0-96e1-3cf379aea950	t	2	2024-05-22 09:20:07.301669+08	2	2024-05-22 09:20:07.301669+08	/pp_master/line/index/	127.0.0.1	2
b6c9067a-85f6-4ce6-959d-b0bd838a7082	t	2	2024-05-22 09:20:11.893558+08	2	2024-05-22 09:20:11.893558+08	/pp_master/line/add/	127.0.0.1	2
eed8f821-4afe-43d3-8047-477aba2b52b4	t	2	2024-05-22 09:20:22.441748+08	2	2024-05-22 09:20:22.441748+08	/pp_master/line/add/	127.0.0.1	2
05b8cf1f-a250-4b4d-869d-f802ffafd425	t	2	2024-05-22 09:20:22.680893+08	2	2024-05-22 09:20:22.680893+08	/pp_master/line/index/	127.0.0.1	2
35c8f525-36cc-406f-85bc-2acc69c04f1f	t	2	2024-05-22 09:20:26.774672+08	2	2024-05-22 09:20:26.774672+08	/pp_master/line/add/	127.0.0.1	2
113c24f3-803c-438e-94d7-dba700a15933	t	2	2024-05-22 09:20:37.179802+08	2	2024-05-22 09:20:37.179802+08	/pp_master/line/add/	127.0.0.1	2
5772c20d-3c33-48b9-9712-16b4be8664b9	t	2	2024-05-22 09:20:37.424723+08	2	2024-05-22 09:20:37.424723+08	/pp_master/line/index/	127.0.0.1	2
8d6b0667-7d71-422a-91f3-7ca8482ca255	t	2	2024-05-22 09:20:42.436836+08	2	2024-05-22 09:20:42.436836+08	/pp_master/line/add/	127.0.0.1	2
2fb06dd9-daa2-4773-b446-e7cdde16a3e4	t	2	2024-05-22 09:20:50.890071+08	2	2024-05-22 09:20:50.890071+08	/pp_master/line/add/	127.0.0.1	2
b2a60577-2b14-40ef-acae-03353008f830	t	2	2024-05-22 09:20:51.130508+08	2	2024-05-22 09:20:51.130508+08	/pp_master/line/index/	127.0.0.1	2
c3302ad3-e13d-434f-a286-db5568dda1c6	t	2	2024-05-22 09:20:51.944481+08	2	2024-05-22 09:20:51.944481+08	/pp_master/line/add/	127.0.0.1	2
2313d620-d464-4773-a59c-e01599deb171	t	2	2024-05-22 09:21:04.717178+08	2	2024-05-22 09:21:04.717178+08	/pp_master/line/add/	127.0.0.1	2
cb84357c-440b-4411-b677-85d6d628519e	t	2	2024-05-22 09:21:10.476162+08	2	2024-05-22 09:21:10.476162+08	/pp_master/line/add/	127.0.0.1	2
5370ab57-ed74-4f07-bbc3-0457b51d917a	t	2	2024-05-22 09:21:10.717506+08	2	2024-05-22 09:21:10.717506+08	/pp_master/line/index/	127.0.0.1	2
62cb20b4-9ef7-4d6e-9269-7e7bc8a59b1e	t	2	2024-05-22 09:21:15.937327+08	2	2024-05-22 09:21:15.937327+08	/pp_master/line/add/	127.0.0.1	2
561170e8-76bf-4faf-b005-718462b30b6d	t	2	2024-05-22 09:21:27.10205+08	2	2024-05-22 09:21:27.10205+08	/pp_master/line/add/	127.0.0.1	2
aa7d2dae-df55-4f55-b00f-81466b07856a	t	2	2024-05-22 09:21:27.336881+08	2	2024-05-22 09:21:27.336881+08	/pp_master/line/index/	127.0.0.1	2
8879af5e-9e2f-4c6d-b5ee-e6a2086bb79d	t	2	2024-05-22 09:21:31.84998+08	2	2024-05-22 09:21:31.84998+08	/pp_master/line/add/	127.0.0.1	2
1ded6a63-6f46-431b-ad1c-5edbc8bb90fa	t	2	2024-05-22 09:21:41.1655+08	2	2024-05-22 09:21:41.1655+08	/pp_master/line/add/	127.0.0.1	2
965c7b74-5dc4-4e84-b4c5-563e9bde1a51	t	2	2024-05-22 09:21:41.397675+08	2	2024-05-22 09:21:41.397675+08	/pp_master/line/index/	127.0.0.1	2
85a1442e-f733-45ec-a374-f9ecd65575fb	t	2	2024-05-22 09:21:52.52805+08	2	2024-05-22 09:21:52.52805+08	/pp_master/work_center/index/	127.0.0.1	2
01a4d3c2-1b8b-4b7f-82e0-85f244a5e938	t	2	2024-05-22 09:21:54.285032+08	2	2024-05-22 09:21:54.285032+08	/pp_master/work_center/add/	127.0.0.1	2
326e9207-a28f-4999-a8ed-e7d857696210	t	2	2024-05-22 09:22:54.17763+08	2	2024-05-22 09:22:54.17763+08	/pp_master/line/get/6c0fede4-5e42-43e4-bada-c60d790aff6b	127.0.0.1	2
21992351-5eec-4442-ab58-de85a3b98d87	t	2	2024-05-22 09:22:54.370782+08	2	2024-05-22 09:22:54.370782+08	/pp_master/work_center/get/6c0fede4-5e42-43e4-bada-c60d790aff6b	127.0.0.1	2
82275595-16ef-44f3-abb9-f6260dfc4b7e	t	2	2024-05-22 09:22:56.95222+08	2	2024-05-22 09:22:56.95222+08	/pp_master/work_center/get/000000000	127.0.0.1	2
ddfdbf67-9049-4fb7-97b3-5d0533207f80	t	2	2024-05-22 09:22:56.959163+08	2	2024-05-22 09:22:56.959163+08	/pp_master/line/get/000000000	127.0.0.1	2
d42d4c0f-d3f2-4706-95fc-84ebff4d95f4	t	2	2024-05-22 09:23:08.418795+08	2	2024-05-22 09:23:08.418795+08	/pp_master/line/get/6c0fede4-5e42-43e4-bada-c60d790aff6b	127.0.0.1	2
ead7909c-fa3a-45a4-ac9c-0c93f4acc1b8	t	2	2024-05-22 09:23:08.419791+08	2	2024-05-22 09:23:08.419791+08	/pp_master/work_center/get/6c0fede4-5e42-43e4-bada-c60d790aff6b	127.0.0.1	2
5aa7d550-f1ab-42d7-886c-9490e75c2f93	t	2	2024-05-22 09:24:02.750453+08	2	2024-05-22 09:24:02.750453+08	/sys_dict/dict/index/	127.0.0.1	2
e75a39f5-c41e-43c4-9bf7-75f0fb0c12e5	t	2	2024-05-22 09:24:04.591856+08	2	2024-05-22 09:24:04.591856+08	/sys_dict/dict/add/	127.0.0.1	2
9154c475-1736-4852-a961-1156a985c41c	t	2	2024-05-22 09:24:17.256925+08	2	2024-05-22 09:24:17.256925+08	/sys_dict/dict/add/	127.0.0.1	2
a62ea5f9-21a6-4870-b7c3-f6a747f92148	t	2	2024-05-22 09:24:17.464844+08	2	2024-05-22 09:24:17.464844+08	/sys_dict/dict/index/	127.0.0.1	2
7d7864d1-8fff-48b9-a395-2119a9183538	t	2	2024-05-22 09:24:19.468957+08	2	2024-05-22 09:24:19.468957+08	/sys_dict/enum/add/b68d0813-52f8-4f26-b4bc-d40f5531c17b	127.0.0.1	2
750fdb53-bc62-46c6-887d-43227c605866	t	2	2024-05-22 09:24:28.864632+08	2	2024-05-22 09:24:28.864632+08	/sys_dict/enum/add/b68d0813-52f8-4f26-b4bc-d40f5531c17b	127.0.0.1	2
6315def7-e443-4ecd-a145-f143b530bc52	t	2	2024-05-22 09:24:29.056557+08	2	2024-05-22 09:24:29.056557+08	/sys_dict/enum/add/b68d0813-52f8-4f26-b4bc-d40f5531c17b	127.0.0.1	2
57902b3c-e85b-4c72-8037-49cbf720ebc1	t	2	2024-05-22 09:24:37.107614+08	2	2024-05-22 09:24:37.107614+08	/sys_dict/enum/add/b68d0813-52f8-4f26-b4bc-d40f5531c17b	127.0.0.1	2
22d92a8b-3f72-448b-9f8f-ed46d419b323	t	2	2024-05-22 09:24:37.305552+08	2	2024-05-22 09:24:37.305552+08	/sys_dict/enum/add/b68d0813-52f8-4f26-b4bc-d40f5531c17b	127.0.0.1	2
1106a472-84df-4f9e-9444-e02c62d659c4	t	2	2024-05-22 09:24:42.19479+08	2	2024-05-22 09:24:42.19479+08	/sys_dict/enum/add/b68d0813-52f8-4f26-b4bc-d40f5531c17b	127.0.0.1	2
82d7dab5-4d33-4d8c-965a-dc8abe5638c7	t	2	2024-05-22 09:24:42.399591+08	2	2024-05-22 09:24:42.399591+08	/sys_dict/enum/add/b68d0813-52f8-4f26-b4bc-d40f5531c17b	127.0.0.1	2
714d2ecb-b47a-4063-a863-2324d3615576	t	2	2024-05-22 09:24:44.116735+08	2	2024-05-22 09:24:44.116735+08	/sys_dict/dict/index/	127.0.0.1	2
aeaca2d3-cc85-4a57-8d2e-5a55f4950c1b	t	2	2024-05-22 09:24:45.62913+08	2	2024-05-22 09:24:45.62913+08	/sys_dict/dict/add/	127.0.0.1	2
706ad186-b503-4076-8672-a7c57866eea7	t	2	2024-05-22 09:25:07.217628+08	2	2024-05-22 09:25:07.217628+08	/sys_dict/dict/add/	127.0.0.1	2
4a0fc7b7-fa69-4979-8b00-37a3122638d2	t	2	2024-05-22 09:25:07.438577+08	2	2024-05-22 09:25:07.438577+08	/sys_dict/dict/index/	127.0.0.1	2
c3fb0c93-0a04-406c-8b50-c86d211e9873	t	2	2024-05-22 09:25:09.250357+08	2	2024-05-22 09:25:09.250357+08	/sys_dict/enum/add/f90f08f9-3021-41cb-934d-5189cb564b33	127.0.0.1	2
5d8fd46a-4a8e-40c1-bac2-da2a538ef4c8	t	2	2024-05-22 09:25:13.746874+08	2	2024-05-22 09:25:13.746874+08	/sys_dict/enum/add/f90f08f9-3021-41cb-934d-5189cb564b33	127.0.0.1	2
0de08bfd-b5bd-4e7b-8365-b789fbaa280a	t	2	2024-05-22 09:25:13.970265+08	2	2024-05-22 09:25:13.970265+08	/sys_dict/enum/add/f90f08f9-3021-41cb-934d-5189cb564b33	127.0.0.1	2
0e24c349-d347-47a2-aefb-6902fad2204c	t	2	2024-05-22 09:25:25.549312+08	2	2024-05-22 09:25:25.549312+08	/sys_dict/enum/add/f90f08f9-3021-41cb-934d-5189cb564b33	127.0.0.1	2
05f2dcf6-1045-4edf-a0e5-9d45dac258d5	t	2	2024-05-22 09:25:25.740536+08	2	2024-05-22 09:25:25.740536+08	/sys_dict/enum/add/f90f08f9-3021-41cb-934d-5189cb564b33	127.0.0.1	2
b840bfb6-cfb8-4fbb-b033-c33f53302775	t	2	2024-05-22 09:25:31.940704+08	2	2024-05-22 09:25:31.940704+08	/sys_dict/enum/add/f90f08f9-3021-41cb-934d-5189cb564b33	127.0.0.1	2
649cd225-151a-4ed5-9623-fe75cea994c0	t	2	2024-05-22 09:25:32.127437+08	2	2024-05-22 09:25:32.127437+08	/sys_dict/enum/add/f90f08f9-3021-41cb-934d-5189cb564b33	127.0.0.1	2
4d729ebf-bc0f-482a-8b33-33fa8abbeca8	t	2	2024-05-22 09:25:38.724139+08	2	2024-05-22 09:25:38.724139+08	/sys_dict/enum/add/f90f08f9-3021-41cb-934d-5189cb564b33	127.0.0.1	2
1d89635b-9dea-42a5-a257-f7cf8de5e5ae	t	2	2024-05-22 09:25:38.916322+08	2	2024-05-22 09:25:38.916322+08	/sys_dict/enum/add/f90f08f9-3021-41cb-934d-5189cb564b33	127.0.0.1	2
f6d44eea-79e2-4859-9a75-63393ab2b53e	t	2	2024-05-22 09:25:41.901902+08	2	2024-05-22 09:25:41.901902+08	/pp_master/work_center/index/	127.0.0.1	2
0d60c051-594f-43ac-a318-ad058831f90c	t	2	2024-05-22 09:25:42.689056+08	2	2024-05-22 09:25:42.689056+08	/pp_master/work_center/add/	127.0.0.1	2
70fae32f-e38f-4fa4-bf7a-3ec2c96d4fbc	t	2	2024-05-22 09:26:26.166957+08	2	2024-05-22 09:26:26.166957+08	/sys_dict/enum/edit/f90f08f9-3021-41cb-934d-5189cb564b33/47b2a894-7544-43ca-9074-f9fc81150b68	127.0.0.1	2
0a053672-75d6-43a9-942e-a9dc58971917	t	2	2024-05-22 09:26:31.953133+08	2	2024-05-22 09:26:31.953133+08	/sys_dict/enum/edit/f90f08f9-3021-41cb-934d-5189cb564b33/47b2a894-7544-43ca-9074-f9fc81150b68	127.0.0.1	2
1db920bd-00e4-4f3c-ac21-0b3564939b1f	t	2	2024-05-22 09:26:32.145336+08	2	2024-05-22 09:26:32.145336+08	/sys_dict/enum/edit/f90f08f9-3021-41cb-934d-5189cb564b33/47b2a894-7544-43ca-9074-f9fc81150b68	127.0.0.1	2
4e7b2951-8f7f-4467-a27d-435819920714	t	2	2024-05-22 09:26:37.392471+08	2	2024-05-22 09:26:37.392471+08	/sys_dict/enum/edit/f90f08f9-3021-41cb-934d-5189cb564b33/f98fa8ef-7652-4557-b6b0-91c6f772fc9b	127.0.0.1	2
0d7bdf4a-ffe0-4ca8-8fea-9f4dd4a137be	t	2	2024-05-22 09:26:47.362197+08	2	2024-05-22 09:26:47.362197+08	/pp_master/work_center/index/	127.0.0.1	2
719764a0-ad3f-45a0-8f38-687f9c1fe6d2	t	2	2024-05-22 09:26:48.145541+08	2	2024-05-22 09:26:48.145541+08	/pp_master/work_center/add/	127.0.0.1	2
976114ab-8ab1-4991-8346-a08840cf2013	t	2	2024-05-22 09:27:27.0693+08	2	2024-05-22 09:27:27.0693+08	/pp_master/line/get/6c0fede4-5e42-43e4-bada-c60d790aff6b	127.0.0.1	2
8332a8a1-aa78-4404-a8ee-080218ee8e33	t	2	2024-05-22 09:27:27.074286+08	2	2024-05-22 09:27:27.074286+08	/pp_master/work_center/get/6c0fede4-5e42-43e4-bada-c60d790aff6b	127.0.0.1	2
df5712b0-be56-4bd9-9ab9-96caaa595db2	t	2	2024-05-22 09:27:44.081932+08	2	2024-05-22 09:27:44.081932+08	/pp_master/work_center/add/	127.0.0.1	2
5bcc5690-acbf-4b7d-ba1b-2dced88a5ed5	t	2	2024-05-22 09:27:44.309057+08	2	2024-05-22 09:27:44.309057+08	/pp_master/work_center/index/	127.0.0.1	2
575faf6d-228d-4639-a9ae-17de3cd10200	t	2	2024-05-22 09:28:56.881549+08	2	2024-05-22 09:28:56.881549+08	/pp_master/work_center/add/	127.0.0.1	2
f7190037-91ff-4bc0-bd63-205041f5c42d	t	2	2024-05-22 09:29:04.357503+08	2	2024-05-22 09:29:04.357503+08	/pp_master/work_center/get/6c0fede4-5e42-43e4-bada-c60d790aff6b	127.0.0.1	2
7ad90d1a-b5e1-4df3-88f2-8d9350933704	t	2	2024-05-22 09:29:04.380441+08	2	2024-05-22 09:29:04.380441+08	/pp_master/line/get/6c0fede4-5e42-43e4-bada-c60d790aff6b	127.0.0.1	2
5feda064-7888-4d69-ad88-ea87b4b1b2b4	t	2	2024-05-22 09:29:28.615506+08	2	2024-05-22 09:29:28.615506+08	/pp_master/work_center/add/	127.0.0.1	2
efeac074-9a0c-4dc3-a834-8b4b49ee5db0	t	2	2024-05-22 09:29:28.853339+08	2	2024-05-22 09:29:28.853339+08	/pp_master/work_center/index/	127.0.0.1	2
c2b1182d-e055-4f69-b33b-a69a7476141b	t	2	2024-05-24 16:25:02.813003+08	2	2024-05-24 16:25:02.813003+08	/home/	127.0.0.1	2
40f8cbce-bf93-485a-acad-45aeb51bd6b7	t	2	2024-05-22 09:29:59.530145+08	2	2024-05-22 09:29:59.530145+08	/pp_master/work_center/edit/610ea5e2-b254-4cf4-b2ca-b7398cbd075a/	127.0.0.1	2
6992b786-4da0-4358-8847-681a8581799e	t	2	2024-05-22 09:30:05.193861+08	2	2024-05-22 09:30:05.193861+08	/pp_master/work_center/edit/610ea5e2-b254-4cf4-b2ca-b7398cbd075a/	127.0.0.1	2
246baa46-b2f1-4f77-a2d2-f1dbb74ee7f7	t	2	2024-05-22 09:30:05.45151+08	2	2024-05-22 09:30:05.45151+08	/pp_master/work_center/index/	127.0.0.1	2
5808ae6c-b618-47b0-8864-3c7b14c52d76	t	2	2024-05-22 09:30:21.74871+08	2	2024-05-22 09:30:21.74871+08	/pp_master/work_center/edit/043b5de1-0d1a-4470-98e4-491d6782fa51/	127.0.0.1	2
82da0074-b1bb-4bc0-b07f-1857e1872816	t	2	2024-05-22 09:30:26.722737+08	2	2024-05-22 09:30:26.722737+08	/pp_master/work_center/edit/043b5de1-0d1a-4470-98e4-491d6782fa51/	127.0.0.1	2
8a041807-d735-4336-8645-db7c4ed26eb6	t	2	2024-05-22 09:30:26.948734+08	2	2024-05-22 09:30:26.948734+08	/pp_master/work_center/index/	127.0.0.1	2
6adcb8a1-f1af-40f5-ac2e-a268b50081e2	t	2	2024-05-22 09:30:31.602201+08	2	2024-05-22 09:30:31.602201+08	/pp_master/work_center/add/	127.0.0.1	2
db475eae-95c6-4a66-bc71-130bcc591a0e	t	2	2024-05-22 09:30:44.926472+08	2	2024-05-22 09:30:44.926472+08	/pp_master/work_center/get/6c0fede4-5e42-43e4-bada-c60d790aff6b	127.0.0.1	2
fbca7cbc-c186-4744-b8fc-36620fd72169	t	2	2024-05-22 09:30:44.927468+08	2	2024-05-22 09:30:44.927468+08	/pp_master/line/get/6c0fede4-5e42-43e4-bada-c60d790aff6b	127.0.0.1	2
e1b386ca-023a-4145-adb6-923e44336a2f	t	2	2024-05-22 09:31:26.594785+08	2	2024-05-22 09:31:26.594785+08	/pp_master/work_center/add/	127.0.0.1	2
6e54ff51-e9ea-4bdd-98ea-6f1784d9cc0d	t	2	2024-05-22 09:31:26.830796+08	2	2024-05-22 09:31:26.830796+08	/pp_master/work_center/index/	127.0.0.1	2
5b5ad9ab-d63d-45a2-95d0-df21583187a8	t	2	2024-05-22 09:31:55.638929+08	2	2024-05-22 09:31:55.638929+08	/pp_master/work_center/add/	127.0.0.1	2
9e3a8c61-231a-4ef7-af8f-ee5d3e3ef25f	t	2	2024-05-22 09:32:10.763907+08	2	2024-05-22 09:32:10.763907+08	/pp_master/line/get/6c0fede4-5e42-43e4-bada-c60d790aff6b	127.0.0.1	2
32d5beff-42eb-49a4-95e0-48ef9387896e	t	2	2024-05-22 09:32:10.783503+08	2	2024-05-22 09:32:10.783503+08	/pp_master/work_center/get/6c0fede4-5e42-43e4-bada-c60d790aff6b	127.0.0.1	2
7e46e62f-3c4f-447b-ab60-37d8342e3435	t	2	2024-05-22 09:32:32.544023+08	2	2024-05-22 09:32:32.544023+08	/pp_master/work_center/add/	127.0.0.1	2
368baf37-aac7-4aba-93f8-d80391494264	t	2	2024-05-22 09:32:32.786739+08	2	2024-05-22 09:32:32.786739+08	/pp_master/work_center/index/	127.0.0.1	2
78446f3d-4b5d-4d97-a3ac-4cf5239dec67	t	2	2024-05-22 09:32:36.837057+08	2	2024-05-22 09:32:36.837057+08	/pp_master/work_center/edit/769ae283-87fc-4cc5-8a74-dc763910774e/	127.0.0.1	2
265477cb-b433-47a3-9fc5-04da874392eb	t	2	2024-05-22 09:32:42.508732+08	2	2024-05-22 09:32:42.508732+08	/pp_master/work_center/edit/769ae283-87fc-4cc5-8a74-dc763910774e/	127.0.0.1	2
0b4d060a-c77b-4515-8194-2833495ad161	t	2	2024-05-22 09:32:42.745867+08	2	2024-05-22 09:32:42.745867+08	/pp_master/work_center/index/	127.0.0.1	2
df18800e-f448-4548-bde7-cbd98743ffe5	t	2	2024-05-22 09:32:45.169239+08	2	2024-05-22 09:32:45.169239+08	/pp_master/work_center/edit/dfa174fe-674f-480a-addd-7dc212caccf3/	127.0.0.1	2
02796ce7-1690-428f-827d-36b6d3045c0c	t	2	2024-05-22 09:32:49.928726+08	2	2024-05-22 09:32:49.928726+08	/pp_master/work_center/edit/dfa174fe-674f-480a-addd-7dc212caccf3/	127.0.0.1	2
cc166c04-c61e-4c58-9aaf-17d0d8f59b6e	t	2	2024-05-22 09:32:50.169492+08	2	2024-05-22 09:32:50.169492+08	/pp_master/work_center/index/	127.0.0.1	2
587dfc2c-661f-4b0a-8910-3cfe05cc4159	t	2	2024-05-22 09:33:09.524773+08	2	2024-05-22 09:33:09.524773+08	/pp_master/work_center/add/	127.0.0.1	2
48083c11-451a-4467-842b-2929143d51c8	t	2	2024-05-22 09:33:25.533064+08	2	2024-05-22 09:33:25.533064+08	/pp_master/line/get/6c0fede4-5e42-43e4-bada-c60d790aff6b	127.0.0.1	2
2ca106d1-aaf1-4952-8314-d5afac7a3192	t	2	2024-05-22 09:33:25.571996+08	2	2024-05-22 09:33:25.571996+08	/pp_master/work_center/get/6c0fede4-5e42-43e4-bada-c60d790aff6b	127.0.0.1	2
d5de9e35-3dbd-4592-abd3-172b5ebddb1d	t	2	2024-05-22 09:34:24.656491+08	2	2024-05-22 09:34:24.656491+08	/pp_master/work_center/add/	127.0.0.1	2
7f66c03b-8424-43fe-8226-8fb2eed201c5	t	2	2024-05-22 09:34:24.93472+08	2	2024-05-22 09:34:24.93472+08	/pp_master/work_center/index/	127.0.0.1	2
2a22a8de-97a9-4b5d-ab04-34a328fb361f	t	2	2024-05-22 09:34:28.11479+08	2	2024-05-22 09:34:28.11479+08	/pp_master/work_center/edit/06a0d7a6-24b6-41c2-96c0-5baceb9f098f/	127.0.0.1	2
92834fbc-0c37-4fe1-bf55-ecf88876e0bb	t	2	2024-05-22 09:34:40.008497+08	2	2024-05-22 09:34:40.008497+08	/pp_master/work_center/edit/06a0d7a6-24b6-41c2-96c0-5baceb9f098f/	127.0.0.1	2
9ee17d45-58f4-4627-8921-e445fe7cb5b0	t	2	2024-05-22 09:34:40.272129+08	2	2024-05-22 09:34:40.272129+08	/pp_master/work_center/index/	127.0.0.1	2
4322f84f-7e3c-4417-ab9d-faaaa7802505	t	2	2024-05-22 09:35:42.725723+08	2	2024-05-22 09:35:42.725723+08	/pp_master/work_center/add/	127.0.0.1	2
443173e2-b50f-4c05-831a-e36d8a0070a1	t	2	2024-05-22 09:35:57.012703+08	2	2024-05-22 09:35:57.012703+08	/pp_master/work_center/get/6c0fede4-5e42-43e4-bada-c60d790aff6b	127.0.0.1	2
524bdcfb-86c5-4d04-86d6-57528e6cb6f0	t	2	2024-05-22 09:35:57.028303+08	2	2024-05-22 09:35:57.028303+08	/pp_master/line/get/6c0fede4-5e42-43e4-bada-c60d790aff6b	127.0.0.1	2
7141eca6-85b5-4418-8608-c8fcf603f254	t	2	2024-05-22 09:36:18.979627+08	2	2024-05-22 09:36:18.979627+08	/pp_master/work_center/add/	127.0.0.1	2
b6777683-4929-4886-9d23-fa30d6588f06	t	2	2024-05-22 09:36:19.242044+08	2	2024-05-22 09:36:19.242044+08	/pp_master/work_center/index/	127.0.0.1	2
efc7a71a-7537-4d19-a5b9-5ae4b30b47fb	t	2	2024-05-22 09:36:22.276182+08	2	2024-05-22 09:36:22.276182+08	/pp_master/work_center/edit/ee88f793-43dc-4033-adfe-6300d5d2b513/	127.0.0.1	2
007d3559-d5e5-4040-a52d-ad08569b15f8	t	2	2024-05-22 09:36:27.995262+08	2	2024-05-22 09:36:27.995262+08	/pp_master/work_center/edit/ee88f793-43dc-4033-adfe-6300d5d2b513/	127.0.0.1	2
60711eb6-0e8d-4bdd-a885-a0ccb25274aa	t	2	2024-05-22 09:36:28.25253+08	2	2024-05-22 09:36:28.25253+08	/pp_master/work_center/index/	127.0.0.1	2
4d3833b2-6be7-4fad-9936-7a1e62f7ddc5	t	2	2024-05-22 09:36:40.228359+08	2	2024-05-22 09:36:40.228359+08	/pp_master/work_center/add/	127.0.0.1	2
5056647f-8edb-423d-9af1-a9db62c745eb	t	2	2024-05-22 09:36:49.737724+08	2	2024-05-22 09:36:49.737724+08	/pp_master/work_center/get/6c0fede4-5e42-43e4-bada-c60d790aff6b	127.0.0.1	2
04d1278f-0044-463c-9d2a-dba23ba595e1	t	2	2024-05-22 09:36:49.761657+08	2	2024-05-22 09:36:49.761657+08	/pp_master/line/get/6c0fede4-5e42-43e4-bada-c60d790aff6b	127.0.0.1	2
f51e35f2-29d8-494b-bc89-16452aaf66c1	t	2	2024-05-22 09:36:58.235383+08	2	2024-05-22 09:36:58.235383+08	/pp_master/work_center/add/	127.0.0.1	2
3536dc13-bc20-4dc8-aa3b-cb6ac2880fb8	t	2	2024-05-22 09:36:58.490028+08	2	2024-05-22 09:36:58.490028+08	/pp_master/work_center/index/	127.0.0.1	2
7c3efb29-0589-4513-8411-058b218e96a4	t	2	2024-05-22 09:37:02.086551+08	2	2024-05-22 09:37:02.086551+08	/pp_master/work_center/edit/7899b830-25eb-47f3-b6a9-142bb9324822/	127.0.0.1	2
4b8203f6-6bf3-4125-b044-f7c7670d37da	t	2	2024-05-22 09:37:08.002353+08	2	2024-05-22 09:37:08.002353+08	/pp_master/work_center/edit/7899b830-25eb-47f3-b6a9-142bb9324822/	127.0.0.1	2
ba42139d-c850-4a21-8376-434a89ceb687	t	2	2024-05-22 09:37:08.272315+08	2	2024-05-22 09:37:08.272315+08	/pp_master/work_center/index/	127.0.0.1	2
549fc4ec-3277-4d00-8605-e6d55e003496	t	2	2024-05-22 09:37:26.196873+08	2	2024-05-22 09:37:26.196873+08	/pp_master/work_center/add/	127.0.0.1	2
7317ebb6-967a-409f-9b4f-3a84d8ae540b	t	2	2024-05-22 09:37:36.889063+08	2	2024-05-22 09:37:36.889063+08	/pp_master/work_center/get/6c0fede4-5e42-43e4-bada-c60d790aff6b	127.0.0.1	2
913ba4dc-e8d1-4acd-b315-e3dc74f3fbd5	t	2	2024-05-22 09:37:36.923048+08	2	2024-05-22 09:37:36.923048+08	/pp_master/line/get/6c0fede4-5e42-43e4-bada-c60d790aff6b	127.0.0.1	2
6f4113ff-95b0-4c51-b6be-eecf37f23d2b	t	2	2024-05-22 09:37:42.76555+08	2	2024-05-22 09:37:42.76555+08	/pp_master/work_center/add/	127.0.0.1	2
686367d7-6d62-4b80-8b2b-0d39da4096dc	t	2	2024-05-22 09:37:43.036383+08	2	2024-05-22 09:37:43.036383+08	/pp_master/work_center/index/	127.0.0.1	2
0f9a8d36-701b-4137-8a23-d68cbbd6701f	t	2	2024-05-22 09:37:44.635808+08	2	2024-05-22 09:37:44.635808+08	/pp_master/work_center/edit/06c4502a-0c8c-4f44-ab93-dddf04aac8ff/	127.0.0.1	2
0de5ef9a-5604-4da1-aa30-12629a903a14	t	2	2024-05-22 09:37:52.147432+08	2	2024-05-22 09:37:52.147432+08	/pp_master/work_center/edit/06c4502a-0c8c-4f44-ab93-dddf04aac8ff/	127.0.0.1	2
de9d38e4-8d0c-40e4-b8d4-6045738dfc43	t	2	2024-05-22 09:37:52.409627+08	2	2024-05-22 09:37:52.409627+08	/pp_master/work_center/index/	127.0.0.1	2
28eca72e-d33c-41d1-8341-eaa0b21d15ed	t	2	2024-05-22 09:37:54.806+08	2	2024-05-22 09:37:54.806+08	/pp_master/work_center/add/	127.0.0.1	2
afbe8446-88c6-4abb-840a-732be30f3b92	t	2	2024-05-22 09:38:15.241568+08	2	2024-05-22 09:38:15.241568+08	/pp_master/line/get/6c0fede4-5e42-43e4-bada-c60d790aff6b	127.0.0.1	2
949a4f97-a9c4-4623-a870-ec1ed86109c6	t	2	2024-05-22 09:38:15.250544+08	2	2024-05-22 09:38:15.250544+08	/pp_master/work_center/get/6c0fede4-5e42-43e4-bada-c60d790aff6b	127.0.0.1	2
195e5835-f80e-4dd4-8aaa-0bb4289e0851	t	2	2024-05-22 09:38:18.571603+08	2	2024-05-22 09:38:18.571603+08	/pp_master/work_center/add/	127.0.0.1	2
79eed700-3d9e-424b-ab88-29d1716babc1	t	2	2024-05-22 09:38:18.84164+08	2	2024-05-22 09:38:18.84164+08	/pp_master/work_center/index/	127.0.0.1	2
5bb20aff-bc4d-4461-921e-0e41c2fa2f99	t	2	2024-05-22 09:38:27.555116+08	2	2024-05-22 09:38:27.555116+08	/pp_master/work_center/edit/f598ca92-4910-4d03-b8f9-5ed0f1957874/	127.0.0.1	2
833c906b-4fbe-44c1-a47a-5c9a2f474c57	t	2	2024-05-22 09:38:33.095711+08	2	2024-05-22 09:38:33.095711+08	/pp_master/work_center/edit/f598ca92-4910-4d03-b8f9-5ed0f1957874/	127.0.0.1	2
be38febe-55fc-406e-83ba-2acdec780141	t	2	2024-05-22 09:38:33.404087+08	2	2024-05-22 09:38:33.404087+08	/pp_master/work_center/index/	127.0.0.1	2
9e97c826-db27-4038-9761-1fa1456c2054	t	2	2024-05-22 09:38:38.965225+08	2	2024-05-22 09:38:38.965225+08	/pp_master/work_center/add/	127.0.0.1	2
65425d95-a230-4fd3-8947-ac12db4ba239	t	2	2024-05-22 09:38:46.7804+08	2	2024-05-22 09:38:46.7804+08	/pp_master/line/get/6c0fede4-5e42-43e4-bada-c60d790aff6b	127.0.0.1	2
c8c7c0ca-f743-4211-b097-88bba666a4a1	t	2	2024-05-22 09:38:46.785386+08	2	2024-05-22 09:38:46.785386+08	/pp_master/work_center/get/6c0fede4-5e42-43e4-bada-c60d790aff6b	127.0.0.1	2
5fec34ff-da79-4f8a-92c2-91fb25b142d0	t	2	2024-05-22 09:38:56.727498+08	2	2024-05-22 09:38:56.727498+08	/pp_master/work_center/add/	127.0.0.1	2
048f3c48-3e3f-4f66-b31f-b883c1a68042	t	2	2024-05-22 09:38:56.992139+08	2	2024-05-22 09:38:56.992139+08	/pp_master/work_center/index/	127.0.0.1	2
fc1e6da3-7e96-4d26-89ce-03008258d15a	t	2	2024-05-22 09:38:59.791733+08	2	2024-05-22 09:38:59.791733+08	/pp_master/work_center/edit/77dafccb-f2ee-4d66-a37a-9d5c67c24ff3/	127.0.0.1	2
2cd3da44-0419-4be5-b3b7-cf15be270ac4	t	2	2024-05-22 09:39:08.079411+08	2	2024-05-22 09:39:08.079411+08	/pp_master/work_center/edit/77dafccb-f2ee-4d66-a37a-9d5c67c24ff3/	127.0.0.1	2
9773b506-fa87-465d-941c-fb2d8a157c8d	t	2	2024-05-22 09:39:08.362512+08	2	2024-05-22 09:39:08.362512+08	/pp_master/work_center/index/	127.0.0.1	2
e3015a61-013a-43d5-acdb-8c3a644a7ac1	t	2	2024-05-22 09:40:16.865887+08	2	2024-05-22 09:40:16.865887+08	/pp_master/work_center/add/	127.0.0.1	2
38f0fab8-62fd-4b4f-9f5c-874b2b447eeb	t	2	2024-05-22 09:40:27.062201+08	2	2024-05-22 09:40:27.062201+08	/pp_master/line/get/6c0fede4-5e42-43e4-bada-c60d790aff6b	127.0.0.1	2
9fefd9f7-30c0-406e-b268-c6333c40a44f	t	2	2024-05-22 09:40:27.074169+08	2	2024-05-22 09:40:27.074169+08	/pp_master/work_center/get/6c0fede4-5e42-43e4-bada-c60d790aff6b	127.0.0.1	2
0b663e56-ad0f-40ef-a2b4-004e937c4d3f	t	2	2024-05-22 09:40:39.970361+08	2	2024-05-22 09:40:39.970361+08	/pp_master/work_center/add/	127.0.0.1	2
c7e69140-1981-45a0-b334-f85395baba29	t	2	2024-05-22 09:40:40.239797+08	2	2024-05-22 09:40:40.239797+08	/pp_master/work_center/index/	127.0.0.1	2
f77a3a1a-08ba-49bd-a60f-0ec1678ef582	t	2	2024-05-22 09:40:44.047411+08	2	2024-05-22 09:40:44.047411+08	/pp_master/work_center/add/	127.0.0.1	2
45b6a23b-b9ef-4899-bdbb-fa12004b2603	t	2	2024-05-22 09:41:02.413775+08	2	2024-05-22 09:41:02.413775+08	/pp_master/line/get/6c0fede4-5e42-43e4-bada-c60d790aff6b	127.0.0.1	2
3784ed75-8a51-47e6-a70f-cf96065601c8	t	2	2024-05-22 09:41:02.417763+08	2	2024-05-22 09:41:02.417763+08	/pp_master/work_center/get/6c0fede4-5e42-43e4-bada-c60d790aff6b	127.0.0.1	2
9a831244-b5e0-420b-9b19-c21e94494695	t	2	2024-05-22 09:41:12.808579+08	2	2024-05-22 09:41:12.808579+08	/pp_master/work_center/add/	127.0.0.1	2
1879a2c3-49d0-4026-bb22-2725787b2601	t	2	2024-05-22 09:41:13.095041+08	2	2024-05-22 09:41:13.095041+08	/pp_master/work_center/index/	127.0.0.1	2
46e1136f-eff5-431a-81a0-793a0724e1fc	t	2	2024-05-22 09:41:14.926272+08	2	2024-05-22 09:41:14.926272+08	/pp_master/work_center/edit/8ca1d158-8bb3-451c-bd31-1961ffe2211a/	127.0.0.1	2
fb2581de-9c80-45d2-8b6b-e8d77ee0441f	t	2	2024-05-22 09:41:27.333587+08	2	2024-05-22 09:41:27.333587+08	/pp_master/work_center/edit/8ca1d158-8bb3-451c-bd31-1961ffe2211a/	127.0.0.1	2
f83ba9ea-f318-4783-875d-82c48e7aa17c	t	2	2024-05-22 09:41:27.623353+08	2	2024-05-22 09:41:27.623353+08	/pp_master/work_center/index/	127.0.0.1	2
6a1f4239-66d8-496d-9e20-8d6da4e06863	t	2	2024-05-22 09:41:36.444115+08	2	2024-05-22 09:41:36.444115+08	/pp_master/work_center/add/	127.0.0.1	2
9274a244-4829-4674-9d7a-7496ba2deff7	t	2	2024-05-22 09:41:46.88427+08	2	2024-05-22 09:41:46.88427+08	/pp_master/line/get/6c0fede4-5e42-43e4-bada-c60d790aff6b	127.0.0.1	2
2b4bbeb4-ee45-4aab-a9c5-b63a496f6e75	t	2	2024-05-22 09:41:46.886264+08	2	2024-05-22 09:41:46.886264+08	/pp_master/work_center/get/6c0fede4-5e42-43e4-bada-c60d790aff6b	127.0.0.1	2
a576f6cb-4f24-43b6-98c7-826f0591a80b	t	2	2024-05-22 09:41:55.467888+08	2	2024-05-22 09:41:55.467888+08	/pp_master/work_center/add/	127.0.0.1	2
ec703510-05ea-4d5e-8cc3-bf0142951c00	t	2	2024-05-22 09:41:55.728425+08	2	2024-05-22 09:41:55.728425+08	/pp_master/work_center/index/	127.0.0.1	2
b2603f69-fe35-44da-a810-4947dd0a0b69	t	2	2024-05-22 09:41:58.373888+08	2	2024-05-22 09:41:58.373888+08	/pp_master/work_center/edit/39019427-9a87-4cb3-a848-c5d5751d02fc/	127.0.0.1	2
65a744d0-ee30-4a37-a061-ed16fe9b59b3	t	2	2024-05-22 09:42:05.506305+08	2	2024-05-22 09:42:05.506305+08	/pp_master/work_center/edit/39019427-9a87-4cb3-a848-c5d5751d02fc/	127.0.0.1	2
32721962-9393-42ae-9df7-bf5769723951	t	2	2024-05-22 09:42:05.778145+08	2	2024-05-22 09:42:05.778145+08	/pp_master/work_center/index/	127.0.0.1	2
3ed8a0ee-7b32-4186-9640-7852acb3d929	t	2	2024-05-22 09:42:13.887143+08	2	2024-05-22 09:42:13.887143+08	/pp_master/work_center/add/	127.0.0.1	2
577150ca-e008-4157-8d53-10f43bdf2f29	t	2	2024-05-22 09:42:24.90043+08	2	2024-05-22 09:42:24.90043+08	/pp_master/line/get/6c0fede4-5e42-43e4-bada-c60d790aff6b	127.0.0.1	2
bf1e5589-5b07-4ff0-8474-434292836c97	t	2	2024-05-22 09:42:24.928354+08	2	2024-05-22 09:42:24.928354+08	/pp_master/work_center/get/6c0fede4-5e42-43e4-bada-c60d790aff6b	127.0.0.1	2
8b20c503-5130-4231-bd4d-c88bb124a151	t	2	2024-05-22 09:42:34.730103+08	2	2024-05-22 09:42:34.730103+08	/pp_master/work_center/add/	127.0.0.1	2
3c422951-9342-4445-86a6-432eab667648	t	2	2024-05-22 09:42:35.004669+08	2	2024-05-22 09:42:35.004669+08	/pp_master/work_center/index/	127.0.0.1	2
fb849088-58be-4f54-9fc9-5ca27ef3366f	t	2	2024-05-22 09:42:37.91564+08	2	2024-05-22 09:42:37.91564+08	/pp_master/work_center/edit/634b92a1-bc88-4928-8aa3-1a855528a30e/	127.0.0.1	2
692e70fb-e558-4e79-997c-2c35e940c9e5	t	2	2024-05-22 09:42:44.328268+08	2	2024-05-22 09:42:44.328268+08	/pp_master/work_center/edit/634b92a1-bc88-4928-8aa3-1a855528a30e/	127.0.0.1	2
7cf40cdb-a676-41dd-a4fd-7fab3c26c932	t	2	2024-05-22 09:42:44.606352+08	2	2024-05-22 09:42:44.606352+08	/pp_master/work_center/index/	127.0.0.1	2
ec6aae12-aa67-4c27-a87c-0a8e99882921	t	2	2024-05-22 09:46:06.370593+08	2	2024-05-22 09:46:06.370593+08	/pp_master/work_center/add/	127.0.0.1	2
f5e4c18a-a1f4-4d00-b530-5f6b5ae88937	t	2	2024-05-22 09:46:18.512642+08	2	2024-05-22 09:46:18.512642+08	/pp_master/line/get/6c0fede4-5e42-43e4-bada-c60d790aff6b	127.0.0.1	2
754e8e97-65f1-4b84-b13c-b6f21b775d82	t	2	2024-05-22 09:46:18.557523+08	2	2024-05-22 09:46:18.557523+08	/pp_master/work_center/get/6c0fede4-5e42-43e4-bada-c60d790aff6b	127.0.0.1	2
be49c4a4-e9fb-4a84-b119-cece6d9d13a8	t	2	2024-05-22 09:46:22.640756+08	2	2024-05-22 09:46:22.640756+08	/pp_master/work_center/add/	127.0.0.1	2
f146290d-f4f0-45db-a4b9-026034673d9d	t	2	2024-05-22 09:46:22.969395+08	2	2024-05-22 09:46:22.969395+08	/pp_master/work_center/index/	127.0.0.1	2
fd28cd7e-b564-4258-95ac-3a082f3a75fa	t	2	2024-05-22 09:46:47.583338+08	2	2024-05-22 09:46:47.583338+08	/pp_master/work_center/edit/5c3276bd-ab92-456a-8b4f-2a420e5875ed/	127.0.0.1	2
2e1a9c8b-5913-420f-8ecf-7678eb375685	t	2	2024-05-22 09:46:54.197719+08	2	2024-05-22 09:46:54.197719+08	/pp_master/work_center/edit/5c3276bd-ab92-456a-8b4f-2a420e5875ed/	127.0.0.1	2
94a8dd14-a5c9-432c-a298-c623d85199ce	t	2	2024-05-22 09:46:54.550776+08	2	2024-05-22 09:46:54.550776+08	/pp_master/work_center/index/	127.0.0.1	2
22c4089e-71d6-4760-9396-75461388456a	t	2	2024-05-22 09:47:07.111121+08	2	2024-05-22 09:47:07.111121+08	/pp_master/work_center/index/	127.0.0.1	2
0027a7b0-d04b-4cb6-b0af-522b95e6864b	t	2	2024-05-22 09:47:09.288712+08	2	2024-05-22 09:47:09.288712+08	/pp_master/work_center/add/	127.0.0.1	2
b9a5f5c4-b764-4a13-b109-4a50773e67ea	t	2	2024-05-22 09:47:20.717863+08	2	2024-05-22 09:47:20.717863+08	/pp_master/line/get/6c0fede4-5e42-43e4-bada-c60d790aff6b	127.0.0.1	2
de7e0495-5847-4625-a61a-2a8a5f94e8ea	t	2	2024-05-22 09:47:20.747784+08	2	2024-05-22 09:47:20.747784+08	/pp_master/work_center/get/6c0fede4-5e42-43e4-bada-c60d790aff6b	127.0.0.1	2
f80de493-24c3-47ca-baf1-2dd0a17b815f	t	2	2024-05-22 09:47:27.223273+08	2	2024-05-22 09:47:27.223273+08	/pp_master/work_center/get/000000000	127.0.0.1	2
f6571483-81f5-474f-ab75-11ca96702896	t	2	2024-05-22 09:47:27.223273+08	2	2024-05-22 09:47:27.223273+08	/pp_master/line/get/000000000	127.0.0.1	2
de9be2dc-6cdb-4729-a8d5-3a220cae36b1	t	2	2024-05-22 09:47:29.510273+08	2	2024-05-22 09:47:29.510273+08	/pp_master/work_center/get/6c0fede4-5e42-43e4-bada-c60d790aff6b	127.0.0.1	2
0a0d9894-a438-445d-80ea-bf6162bb6a87	t	2	2024-05-22 09:47:29.524236+08	2	2024-05-22 09:47:29.524236+08	/pp_master/line/get/6c0fede4-5e42-43e4-bada-c60d790aff6b	127.0.0.1	2
08171309-383e-4b6b-b249-5f3fa4f82840	t	2	2024-05-22 09:47:46.778537+08	2	2024-05-22 09:47:46.778537+08	/pp_master/work_center/add/	127.0.0.1	2
d744365d-d343-4212-a1a0-32f9ff9d8d08	t	2	2024-05-22 09:47:47.073637+08	2	2024-05-22 09:47:47.073637+08	/pp_master/work_center/index/	127.0.0.1	2
dc75c3af-6982-434a-a694-4ab54bb4c516	t	2	2024-05-22 09:47:55.003079+08	2	2024-05-22 09:47:55.003079+08	/pp_master/work_center/index/	127.0.0.1	2
be2358f5-2900-4a78-aac1-70a779acad5c	t	2	2024-05-22 09:47:56.638367+08	2	2024-05-22 09:47:56.638367+08	/pp_master/work_center/edit/4ce6153f-1b53-453a-8f3f-255c2ce18e1f/	127.0.0.1	2
af8fad9b-978a-40e1-a408-1df38141bbdd	t	2	2024-05-22 09:48:05.475703+08	2	2024-05-22 09:48:05.475703+08	/pp_master/work_center/edit/4ce6153f-1b53-453a-8f3f-255c2ce18e1f/	127.0.0.1	2
f13704a6-f9b9-4dbd-83e3-14b937640f3a	t	2	2024-05-22 09:48:05.767164+08	2	2024-05-22 09:48:05.767164+08	/pp_master/work_center/index/	127.0.0.1	2
e1675cb5-23fa-4977-a561-b8dc368eff33	t	2	2024-05-22 09:48:13.300417+08	2	2024-05-22 09:48:13.300417+08	/pp_master/work_center/add/	127.0.0.1	2
f31e9007-4ecb-4d22-807b-d00d6c1d1366	t	2	2024-05-22 09:48:22.659541+08	2	2024-05-22 09:48:22.659541+08	/pp_master/line/get/6c0fede4-5e42-43e4-bada-c60d790aff6b	127.0.0.1	2
9aa51398-dc6c-4e16-a8e0-539bbafd8f75	t	2	2024-05-22 09:48:22.681516+08	2	2024-05-22 09:48:22.681516+08	/pp_master/work_center/get/6c0fede4-5e42-43e4-bada-c60d790aff6b	127.0.0.1	2
91a297e0-a534-4706-9c08-156a0791f56b	t	2	2024-05-22 09:48:33.243703+08	2	2024-05-22 09:48:33.243703+08	/pp_master/work_center/add/	127.0.0.1	2
e9324256-f4f4-462a-9ca9-7e0f12d76939	t	2	2024-05-22 09:48:33.5268+08	2	2024-05-22 09:48:33.5268+08	/pp_master/work_center/index/	127.0.0.1	2
41ed60ff-c663-4a0b-aedd-213c9bc03d00	t	2	2024-05-22 09:48:37.424782+08	2	2024-05-22 09:48:37.424782+08	/pp_master/work_center/index/	127.0.0.1	2
64d2fdae-69c1-4368-9c52-2e6841d0860c	t	2	2024-05-22 09:48:39.750685+08	2	2024-05-22 09:48:39.750685+08	/pp_master/work_center/edit/aebd2d7f-da1a-453b-90eb-15765e0fc012/	127.0.0.1	2
c1c2e88a-a1ea-4f03-97a7-28b9f6d9a3ef	t	2	2024-05-22 09:48:53.619396+08	2	2024-05-22 09:48:53.619396+08	/pp_master/work_center/edit/aebd2d7f-da1a-453b-90eb-15765e0fc012/	127.0.0.1	2
c24d9cbb-29b0-45b5-b947-2acf672abdf7	t	2	2024-05-22 09:48:53.896903+08	2	2024-05-22 09:48:53.896903+08	/pp_master/work_center/index/	127.0.0.1	2
f5bef775-42af-4166-bfa4-68236fe38002	t	2	2024-05-22 09:49:04.648731+08	2	2024-05-22 09:49:04.648731+08	/pp_master/work_center/add/	127.0.0.1	2
ad1b712c-f5dd-49b6-8850-c8d27c26d610	t	2	2024-05-22 09:49:13.456871+08	2	2024-05-22 09:49:13.456871+08	/pp_master/work_center/get/6c0fede4-5e42-43e4-bada-c60d790aff6b	127.0.0.1	2
85cc88a4-8dc2-4770-b4bc-e4d164e33fe5	t	2	2024-05-22 09:49:13.459862+08	2	2024-05-22 09:49:13.459862+08	/pp_master/line/get/6c0fede4-5e42-43e4-bada-c60d790aff6b	127.0.0.1	2
3b83a3b4-53f8-41a6-9fcc-7848c98b36b0	t	2	2024-05-22 09:49:21.933689+08	2	2024-05-22 09:49:21.933689+08	/pp_master/work_center/add/	127.0.0.1	2
23f19896-edf5-4979-a6bf-d089cf6b70df	t	2	2024-05-22 09:49:22.233904+08	2	2024-05-22 09:49:22.233904+08	/pp_master/work_center/index/	127.0.0.1	2
75d3b9d4-e40e-475f-82eb-3c3ac98a31ff	t	2	2024-05-22 09:49:24.884265+08	2	2024-05-22 09:49:24.884265+08	/pp_master/work_center/index/	127.0.0.1	2
a92bb95a-0ffb-4517-b5f9-8c4185a334a0	t	2	2024-05-22 09:49:27.504249+08	2	2024-05-22 09:49:27.504249+08	/pp_master/work_center/edit/b5c4b8f7-d7e4-42b7-bf5c-50c7578dae86/	127.0.0.1	2
d06c0000-9800-43cb-811f-3b7c81a2b839	t	2	2024-05-22 09:49:38.023434+08	2	2024-05-22 09:49:38.023434+08	/pp_master/work_center/edit/b5c4b8f7-d7e4-42b7-bf5c-50c7578dae86/	127.0.0.1	2
38a7c64b-356e-4822-a58c-bce13317f36b	t	2	2024-05-22 09:49:38.334111+08	2	2024-05-22 09:49:38.334111+08	/pp_master/work_center/index/	127.0.0.1	2
eb41b0a7-4f15-4a1a-b23a-930ebf791884	t	2	2024-05-22 09:49:43.041763+08	2	2024-05-22 09:49:43.041763+08	/pp_master/work_center/add/	127.0.0.1	2
b10af7cc-663c-4d06-a739-350138f3b7d7	t	2	2024-05-22 09:49:51.664805+08	2	2024-05-22 09:49:51.664805+08	/pp_master/line/get/6c0fede4-5e42-43e4-bada-c60d790aff6b	127.0.0.1	2
bd8d4372-9e52-4a74-929b-bc4e28d7ed5c	t	2	2024-05-22 09:49:51.704318+08	2	2024-05-22 09:49:51.704318+08	/pp_master/work_center/get/6c0fede4-5e42-43e4-bada-c60d790aff6b	127.0.0.1	2
9bd89ab1-3f22-4091-ba60-cbcd731e6fec	t	2	2024-05-22 09:50:02.222155+08	2	2024-05-22 09:50:02.223153+08	/pp_master/work_center/add/	127.0.0.1	2
488ebd4e-e52e-4bad-b42c-76e3a015543e	t	2	2024-05-22 09:50:02.497688+08	2	2024-05-22 09:50:02.497688+08	/pp_master/work_center/index/	127.0.0.1	2
910fbfab-101a-4c61-934f-6e2d534a1e7a	t	2	2024-05-22 09:50:07.836677+08	2	2024-05-22 09:50:07.836677+08	/pp_master/work_center/index/	127.0.0.1	2
15b57b4b-fbb4-4b77-a9ef-62eebc1e4191	t	2	2024-05-22 09:50:09.467514+08	2	2024-05-22 09:50:09.467514+08	/pp_master/work_center/edit/57d3c9ad-ee8d-41e4-b2ae-4bb33879dc77/	127.0.0.1	2
5bdaca67-5a40-4d9d-9e48-8f590e54c5dd	t	2	2024-05-22 09:50:20.781521+08	2	2024-05-22 09:50:20.781521+08	/pp_master/work_center/edit/57d3c9ad-ee8d-41e4-b2ae-4bb33879dc77/	127.0.0.1	2
66008643-d033-4f42-b935-c4c9c56dd798	t	2	2024-05-22 09:50:21.058745+08	2	2024-05-22 09:50:21.058745+08	/pp_master/work_center/index/	127.0.0.1	2
b5c86615-e621-4add-8f72-fcb6bc09a70d	t	2	2024-05-22 09:50:27.323152+08	2	2024-05-22 09:50:27.323152+08	/pp_master/work_center/add/	127.0.0.1	2
56d8aff4-4b52-487b-9b1b-eac4f2af092e	t	2	2024-05-22 09:50:37.562017+08	2	2024-05-22 09:50:37.562017+08	/pp_master/line/get/6c0fede4-5e42-43e4-bada-c60d790aff6b	127.0.0.1	2
14211bc5-0dfb-4705-ba2b-a27284a1d5c0	t	2	2024-05-22 09:50:37.589981+08	2	2024-05-22 09:50:37.589981+08	/pp_master/work_center/get/6c0fede4-5e42-43e4-bada-c60d790aff6b	127.0.0.1	2
8d7bfab6-b467-4dec-b7a0-dc18bd87345c	t	2	2024-05-22 09:50:50.0338+08	2	2024-05-22 09:50:50.0338+08	/pp_master/work_center/add/	127.0.0.1	2
25b710a1-af1f-46c7-bd14-66408779c11e	t	2	2024-05-22 09:50:50.337248+08	2	2024-05-22 09:50:50.337248+08	/pp_master/work_center/index/	127.0.0.1	2
0d6afb17-aa51-4b32-8020-9e81db84c57d	t	2	2024-05-22 09:50:54.402099+08	2	2024-05-22 09:50:54.402099+08	/pp_master/work_center/index/	127.0.0.1	2
b1b5967c-80a0-4e7d-9370-2d67856df397	t	2	2024-05-22 09:50:57.268363+08	2	2024-05-22 09:50:57.268363+08	/pp_master/work_center/edit/7743d719-ab2c-41ad-9856-9a0be1d33732/	127.0.0.1	2
9982670c-24d8-4743-82c6-c507e08457c3	t	2	2024-05-22 09:51:14.084371+08	2	2024-05-22 09:51:14.084371+08	/pp_master/work_center/edit/7743d719-ab2c-41ad-9856-9a0be1d33732/	127.0.0.1	2
9428672c-3f57-46eb-8135-52ef79d13686	t	2	2024-05-22 09:51:14.367987+08	2	2024-05-22 09:51:14.367987+08	/pp_master/work_center/index/	127.0.0.1	2
e74ff8e3-7f23-4520-b9d1-fbd10b7e4ee7	t	2	2024-05-22 09:51:22.474259+08	2	2024-05-22 09:51:22.474259+08	/pp_master/work_center/add/	127.0.0.1	2
c6502d60-a35b-4c77-b74c-ac6e693a43a7	t	2	2024-05-22 09:51:31.836251+08	2	2024-05-22 09:51:31.836251+08	/pp_master/line/get/6c0fede4-5e42-43e4-bada-c60d790aff6b	127.0.0.1	2
a6c52d39-0cca-41f1-a278-84bab1487fb5	t	2	2024-05-22 09:51:31.847222+08	2	2024-05-22 09:51:31.847222+08	/pp_master/work_center/get/6c0fede4-5e42-43e4-bada-c60d790aff6b	127.0.0.1	2
20dabf08-f77d-46e0-a483-864b8533a330	t	2	2024-05-22 09:51:36.941934+08	2	2024-05-22 09:51:36.941934+08	/pp_master/work_center/add/	127.0.0.1	2
b5c3a7f5-4649-4904-8104-3100c6cc5221	t	2	2024-05-22 09:51:37.219245+08	2	2024-05-22 09:51:37.219245+08	/pp_master/work_center/index/	127.0.0.1	2
03b79984-aed0-4748-afb7-300be55087c3	t	2	2024-05-22 09:51:42.957802+08	2	2024-05-22 09:51:42.957802+08	/pp_master/work_center/edit/23916bf5-2d0a-43b6-9e78-0c85ce963e31/	127.0.0.1	2
b4b93a2c-3b70-4dd1-9508-957de60abcda	t	2	2024-05-22 09:51:55.931185+08	2	2024-05-22 09:51:55.931185+08	/pp_master/work_center/edit/23916bf5-2d0a-43b6-9e78-0c85ce963e31/	127.0.0.1	2
dfa22bd7-139e-4467-b32f-e2ca3fe4161a	t	2	2024-05-22 09:51:56.214476+08	2	2024-05-22 09:51:56.214476+08	/pp_master/work_center/index/	127.0.0.1	2
28fd8153-ba1c-4c02-8e5e-7a9053261306	t	2	2024-05-22 09:52:19.824048+08	2	2024-05-22 09:52:19.824048+08	/pp_master/work_center/add/	127.0.0.1	2
628f0c71-8373-4f3e-8e76-fd2ad3dddecd	t	2	2024-05-22 09:52:28.496168+08	2	2024-05-22 09:52:28.496168+08	/pp_master/line/get/6c0fede4-5e42-43e4-bada-c60d790aff6b	127.0.0.1	2
570bbb4f-29e8-4013-8400-76a15da9378e	t	2	2024-05-22 09:52:28.523097+08	2	2024-05-22 09:52:28.524093+08	/pp_master/work_center/get/6c0fede4-5e42-43e4-bada-c60d790aff6b	127.0.0.1	2
a9283226-14c9-4cb7-88ee-f93825e4e17f	t	2	2024-05-22 09:52:37.646428+08	2	2024-05-22 09:52:37.646428+08	/pp_master/work_center/add/	127.0.0.1	2
bf7151ad-db48-4abe-925f-e55422695655	t	2	2024-05-22 09:52:37.940962+08	2	2024-05-22 09:52:37.940962+08	/pp_master/work_center/index/	127.0.0.1	2
2ae682a5-e540-434e-b698-7f0d28b5ddd7	t	2	2024-05-22 09:52:40.065764+08	2	2024-05-22 09:52:40.065764+08	/pp_master/work_center/index/	127.0.0.1	2
c511d285-b965-47c2-9623-1ab589a11261	t	2	2024-05-22 09:52:41.728869+08	2	2024-05-22 09:52:41.728869+08	/pp_master/work_center/index/	127.0.0.1	2
3f491e8e-68a1-49c2-b165-f80566de8527	t	2	2024-05-22 09:52:44.091458+08	2	2024-05-22 09:52:44.091458+08	/pp_master/work_center/edit/6f070193-2c09-4520-bf6b-434bad4120ef/	127.0.0.1	2
74d58db9-acea-4a54-86f8-518eabc8845f	t	2	2024-05-22 09:53:04.179891+08	2	2024-05-22 09:53:04.179891+08	/pp_master/work_center/edit/6f070193-2c09-4520-bf6b-434bad4120ef/	127.0.0.1	2
795742c0-dee6-4a4b-b72c-d88522ca3cc7	t	2	2024-05-22 09:53:04.517988+08	2	2024-05-22 09:53:04.517988+08	/pp_master/work_center/index/	127.0.0.1	2
3112ad31-cf13-4a2a-bd35-009f5968d339	t	2	2024-05-22 09:53:10.192489+08	2	2024-05-22 09:53:10.192489+08	/pp_master/work_center/add/	127.0.0.1	2
d5a87ea8-bb1b-4fc9-a879-bf9d0abb128a	t	2	2024-05-22 09:53:17.740535+08	2	2024-05-22 09:53:17.740535+08	/pp_master/line/get/6c0fede4-5e42-43e4-bada-c60d790aff6b	127.0.0.1	2
f7bad309-ea3f-4222-83e7-2d02ac8a8952	t	2	2024-05-22 09:53:17.750505+08	2	2024-05-22 09:53:17.750505+08	/pp_master/work_center/get/6c0fede4-5e42-43e4-bada-c60d790aff6b	127.0.0.1	2
487c0c7d-4cc4-465c-a9fd-27809b90838e	t	2	2024-05-22 09:53:27.494802+08	2	2024-05-22 09:53:27.494802+08	/pp_master/work_center/add/	127.0.0.1	2
754605ce-74e1-4b9a-aa73-ad03171e6d3f	t	2	2024-05-22 09:53:27.77487+08	2	2024-05-22 09:53:27.77487+08	/pp_master/work_center/index/	127.0.0.1	2
aa26cad3-2ed3-4f5f-85f8-0cf278d41a4b	t	2	2024-05-22 09:53:31.383311+08	2	2024-05-22 09:53:31.383311+08	/pp_master/work_center/index/	127.0.0.1	2
487841fe-819c-45ae-8c14-65b158ab1aee	t	2	2024-05-22 09:53:33.178602+08	2	2024-05-22 09:53:33.178602+08	/pp_master/work_center/edit/29edcb3b-4934-4ed6-a943-082f88b665c1/	127.0.0.1	2
03b7c3a2-dc8b-4188-82c9-de96127c66fd	t	2	2024-05-22 09:53:47.661542+08	2	2024-05-22 09:53:47.661542+08	/pp_master/work_center/edit/29edcb3b-4934-4ed6-a943-082f88b665c1/	127.0.0.1	2
6b9e05cf-f265-42dd-b2c0-6a5e8136966c	t	2	2024-05-22 09:53:47.935629+08	2	2024-05-22 09:53:47.935629+08	/pp_master/work_center/index/	127.0.0.1	2
90813c11-7469-4d9e-87a9-bcb3aa968a45	t	2	2024-05-22 09:57:14.265122+08	2	2024-05-22 09:57:14.265122+08	/pp_master/work_center/add/	127.0.0.1	2
11a6214a-bd1f-40b8-bffa-37fae97cd6d0	t	2	2024-05-22 09:57:19.392244+08	2	2024-05-22 09:57:19.392244+08	/pp_master/line/get/6c0fede4-5e42-43e4-bada-c60d790aff6b	127.0.0.1	2
9c39f78e-301c-44f8-919b-0396907fc12b	t	2	2024-05-22 09:57:19.408715+08	2	2024-05-22 09:57:19.408715+08	/pp_master/work_center/get/6c0fede4-5e42-43e4-bada-c60d790aff6b	127.0.0.1	2
35c9dc47-cbe8-424c-a44d-8fa4b8d50c1f	t	2	2024-05-22 09:58:10.448367+08	2	2024-05-22 09:58:10.448367+08	/pp_master/work_center/add/	127.0.0.1	2
aa1ed587-1373-460b-9c23-75b85a3ef588	t	2	2024-05-22 09:58:10.723524+08	2	2024-05-22 09:58:10.723524+08	/pp_master/work_center/index/	127.0.0.1	2
e4b4b1b9-e0f6-460e-83d7-9718849bc5bf	t	2	2024-05-22 09:58:16.7535+08	2	2024-05-22 09:58:16.7535+08	/pp_master/work_center/index/	127.0.0.1	2
a1ea80cb-af0f-4314-aa72-2523792fddbf	t	2	2024-05-22 09:58:17.608171+08	2	2024-05-22 09:58:17.608171+08	/pp_master/work_center/index/	127.0.0.1	2
7af13f1c-470d-408f-905d-a2f5f0c6ded2	t	2	2024-05-22 09:58:19.143221+08	2	2024-05-22 09:58:19.143221+08	/pp_master/work_center/edit/de4a3122-3f98-4d1d-89d8-b88bf2d42839/	127.0.0.1	2
77e5c675-5a90-434d-9d80-acf1ff765467	t	2	2024-05-22 09:58:44.634204+08	2	2024-05-22 09:58:44.634204+08	/pp_master/work_center/edit/de4a3122-3f98-4d1d-89d8-b88bf2d42839/	127.0.0.1	2
e2891b61-84ae-46aa-b7e2-1096e1848f39	t	2	2024-05-22 09:58:44.925402+08	2	2024-05-22 09:58:44.925402+08	/pp_master/work_center/index/	127.0.0.1	2
89cfda14-710f-49d1-95be-4d17978d9215	t	2	2024-05-22 09:59:00.781535+08	2	2024-05-22 09:59:00.781535+08	/pp_master/work_center/add/	127.0.0.1	2
a5d8efa9-01b3-4dc5-8dc0-f072e687aafc	t	2	2024-05-22 09:59:12.787215+08	2	2024-05-22 09:59:12.787215+08	/pp_master/work_center/get/6c0fede4-5e42-43e4-bada-c60d790aff6b	127.0.0.1	2
355fd234-e077-4d4c-90c6-c4abdc913975	t	2	2024-05-22 09:59:12.806424+08	2	2024-05-22 09:59:12.806424+08	/pp_master/line/get/6c0fede4-5e42-43e4-bada-c60d790aff6b	127.0.0.1	2
0394f599-6eab-44cc-9171-df19424d55e4	t	2	2024-05-22 09:59:21.725793+08	2	2024-05-22 09:59:21.725793+08	/pp_master/work_center/add/	127.0.0.1	2
b5d47161-5556-4525-8636-f7bfdb9f28a3	t	2	2024-05-22 09:59:22.035022+08	2	2024-05-22 09:59:22.035022+08	/pp_master/work_center/index/	127.0.0.1	2
a6b85271-2fbe-4e16-8bf1-4a20ed9e7106	t	2	2024-05-22 09:59:23.73286+08	2	2024-05-22 09:59:23.73286+08	/pp_master/work_center/index/	127.0.0.1	2
7b00c289-3020-4db9-b392-3e6e2061a6a2	t	2	2024-05-22 09:59:25.620093+08	2	2024-05-22 09:59:25.620093+08	/pp_master/work_center/edit/fdaa0e2c-c572-46e4-b1cf-8ce1157e6b21/	127.0.0.1	2
b1b9fef8-ea77-431f-b592-4472fa02abf9	t	2	2024-05-22 09:59:36.84568+08	2	2024-05-22 09:59:36.84568+08	/pp_master/work_center/edit/fdaa0e2c-c572-46e4-b1cf-8ce1157e6b21/	127.0.0.1	2
05ba8373-e6ea-4858-939d-ac048d4eeaf7	t	2	2024-05-22 09:59:37.211063+08	2	2024-05-22 09:59:37.211063+08	/pp_master/work_center/index/	127.0.0.1	2
3bff6069-cecb-44f6-b407-5d4cee46bcf6	t	2	2024-05-22 09:59:44.713614+08	2	2024-05-22 09:59:44.713614+08	/pp_master/work_center/add/	127.0.0.1	2
ee5da8b5-4c8a-4de8-b54c-1bcd0cb025fc	t	2	2024-05-22 09:59:55.896371+08	2	2024-05-22 09:59:55.896371+08	/pp_master/work_center/get/6c0fede4-5e42-43e4-bada-c60d790aff6b	127.0.0.1	2
5678eca3-9a7b-4e2e-816c-d7be97027155	t	2	2024-05-22 09:59:55.915178+08	2	2024-05-22 09:59:55.915178+08	/pp_master/line/get/6c0fede4-5e42-43e4-bada-c60d790aff6b	127.0.0.1	2
0815f2f8-15e1-4f1d-97da-b81704b6354c	t	2	2024-05-22 10:00:03.933024+08	2	2024-05-22 10:00:03.933024+08	/pp_master/work_center/add/	127.0.0.1	2
f1111426-36f0-4d75-a2e5-7c255782f38e	t	2	2024-05-22 10:00:04.23412+08	2	2024-05-22 10:00:04.23412+08	/pp_master/work_center/index/	127.0.0.1	2
23baefdc-1dcf-4f0e-8dc2-1dd932224e5d	t	2	2024-05-22 10:00:06.185715+08	2	2024-05-22 10:00:06.185715+08	/pp_master/work_center/index/	127.0.0.1	2
fc4b754f-8c41-441a-a5f7-497a3b5dff14	t	2	2024-05-22 10:00:08.202829+08	2	2024-05-22 10:00:08.203826+08	/pp_master/work_center/edit/d81015e7-72f4-429d-b138-6d4eb730b1d8/	127.0.0.1	2
13677f1d-e6dc-4d58-b1b5-583c01fd8865	t	2	2024-05-22 10:00:18.906453+08	2	2024-05-22 10:00:18.906453+08	/pp_master/work_center/edit/d81015e7-72f4-429d-b138-6d4eb730b1d8/	127.0.0.1	2
dc027864-b0d8-49e0-aabf-0896ad5abf72	t	2	2024-05-22 10:00:19.196735+08	2	2024-05-22 10:00:19.196735+08	/pp_master/work_center/index/	127.0.0.1	2
ae27022c-07c9-413d-bd09-dd7c66d04ad1	t	2	2024-05-22 10:00:37.273119+08	2	2024-05-22 10:00:37.273119+08	/pp_master/work_center/add/	127.0.0.1	2
4662c707-ce66-4db7-9f86-3ef1e341959d	t	2	2024-05-22 10:00:45.344672+08	2	2024-05-22 10:00:45.344672+08	/pp_master/line/get/6c0fede4-5e42-43e4-bada-c60d790aff6b	127.0.0.1	2
8e8983f6-dd5e-4b29-b174-d96b974fec00	t	2	2024-05-22 10:00:45.38044+08	2	2024-05-22 10:00:45.38044+08	/pp_master/work_center/get/6c0fede4-5e42-43e4-bada-c60d790aff6b	127.0.0.1	2
51020182-4ed6-40c4-b5a5-0b25e3ed480f	t	2	2024-05-22 10:01:01.031907+08	2	2024-05-22 10:01:01.031907+08	/pp_master/work_center/add/	127.0.0.1	2
f9277950-535f-42bb-8bf9-a16a0ac5de82	t	2	2024-05-22 10:01:01.306877+08	2	2024-05-22 10:01:01.306877+08	/pp_master/work_center/index/	127.0.0.1	2
a1bbc9a6-a820-4c79-93c2-4c7f5873594a	t	2	2024-05-22 10:01:03.305703+08	2	2024-05-22 10:01:03.305703+08	/pp_master/work_center/edit/bb80ec7e-dff0-4087-a05e-dac690b8907b/	127.0.0.1	2
af3b7975-68df-4994-9dfa-bf92dfc2ba8d	t	2	2024-05-22 10:01:15.99246+08	2	2024-05-22 10:01:15.99246+08	/pp_master/work_center/edit/bb80ec7e-dff0-4087-a05e-dac690b8907b/	127.0.0.1	2
455ac15e-5530-4215-bfa2-81925be5e41f	t	2	2024-05-22 10:01:16.272199+08	2	2024-05-22 10:01:16.272199+08	/pp_master/work_center/index/	127.0.0.1	2
c02b4b1f-458b-4484-8c01-42dbfdb0e06a	t	2	2024-05-22 10:01:23.696714+08	2	2024-05-22 10:01:23.696714+08	/pp_master/work_center/add/	127.0.0.1	2
194d87b0-a1d0-4ca1-89d1-c9a58c9e56e6	t	2	2024-05-22 10:01:32.37543+08	2	2024-05-22 10:01:32.37543+08	/pp_master/line/get/6c0fede4-5e42-43e4-bada-c60d790aff6b	127.0.0.1	2
c8af6aef-6072-42d6-8e69-efe620bfaddb	t	2	2024-05-22 10:01:32.403967+08	2	2024-05-22 10:01:32.403967+08	/pp_master/work_center/get/6c0fede4-5e42-43e4-bada-c60d790aff6b	127.0.0.1	2
8f8770ef-4caa-4223-a7bb-d9d8f31498d4	t	2	2024-05-22 10:01:40.560393+08	2	2024-05-22 10:01:40.560393+08	/pp_master/work_center/add/	127.0.0.1	2
447dc7ad-dfbe-4d35-b516-bfadb5b0fc4b	t	2	2024-05-22 10:01:40.838956+08	2	2024-05-22 10:01:40.838956+08	/pp_master/work_center/index/	127.0.0.1	2
447c0605-1b14-4c3a-bdb4-b854726eb7f3	t	2	2024-05-22 10:01:45.94028+08	2	2024-05-22 10:01:45.94028+08	/pp_master/work_center/index/	127.0.0.1	2
29b5c33a-ae1f-400e-bd86-501ddf20378f	t	2	2024-05-22 10:01:47.668479+08	2	2024-05-22 10:01:47.668479+08	/pp_master/work_center/edit/21404011-e873-4350-adf8-c1f781cf92ae/	127.0.0.1	2
965fbf8c-5856-4c1f-bd3a-9a383b7e23c5	t	2	2024-05-22 10:02:00.617184+08	2	2024-05-22 10:02:00.617184+08	/pp_master/work_center/edit/21404011-e873-4350-adf8-c1f781cf92ae/	127.0.0.1	2
f278dc8f-da09-4bf0-be4e-26a12dc2a05a	t	2	2024-05-22 10:02:00.907138+08	2	2024-05-22 10:02:00.907138+08	/pp_master/work_center/index/	127.0.0.1	2
62d504ba-6a3e-4ab2-8014-88498584a18a	t	2	2024-05-22 10:02:05.702859+08	2	2024-05-22 10:02:05.702859+08	/pp_master/work_center/add/	127.0.0.1	2
94c6f4b6-ab60-402e-8842-42aa4717c141	t	2	2024-05-22 10:02:14.339185+08	2	2024-05-22 10:02:14.339185+08	/pp_master/line/get/6c0fede4-5e42-43e4-bada-c60d790aff6b	127.0.0.1	2
ee3ba058-686c-40ac-bffc-04850c0e4546	t	2	2024-05-22 10:02:14.343173+08	2	2024-05-22 10:02:14.343173+08	/pp_master/work_center/get/6c0fede4-5e42-43e4-bada-c60d790aff6b	127.0.0.1	2
6bda0e6e-21e4-4e61-ad5f-56d0a5398051	t	2	2024-05-22 10:02:21.582313+08	2	2024-05-22 10:02:21.582313+08	/pp_master/work_center/add/	127.0.0.1	2
176c3b2a-0aee-48f0-a14c-b0912112cf11	t	2	2024-05-22 10:02:21.870089+08	2	2024-05-22 10:02:21.870089+08	/pp_master/work_center/index/	127.0.0.1	2
c461f1a8-219e-4e63-96dd-c8b2bd82db07	t	2	2024-05-22 10:02:27.388121+08	2	2024-05-22 10:02:27.388121+08	/pp_master/work_center/index/	127.0.0.1	2
b95cf964-cb37-419f-ad71-bdbf1689148f	t	2	2024-05-22 10:02:28.907416+08	2	2024-05-22 10:02:28.907416+08	/pp_master/work_center/edit/b333d88e-e003-40ae-81ff-34841142206a/	127.0.0.1	2
215e6b16-ec6b-4ebf-8d20-1a3c2702a2e6	t	2	2024-05-22 10:02:38.466425+08	2	2024-05-22 10:02:38.466425+08	/pp_master/work_center/edit/b333d88e-e003-40ae-81ff-34841142206a/	127.0.0.1	2
91a1ea84-200e-4f2d-bd69-62f2f4f7fcab	t	2	2024-05-22 10:02:38.755717+08	2	2024-05-22 10:02:38.755717+08	/pp_master/work_center/index/	127.0.0.1	2
3ca7751c-0600-47e7-bb5d-da68ea8056aa	t	2	2024-05-22 10:02:47.128305+08	2	2024-05-22 10:02:47.128305+08	/pp_master/work_center/add/	127.0.0.1	2
fde957ab-63f5-4cf9-be92-9a527a3a83b5	t	2	2024-05-22 10:02:54.872192+08	2	2024-05-22 10:02:54.872192+08	/pp_master/line/get/6c0fede4-5e42-43e4-bada-c60d790aff6b	127.0.0.1	2
503fb14e-60da-410f-a41b-49aba9b6708e	t	2	2024-05-22 10:02:54.877151+08	2	2024-05-22 10:02:54.877151+08	/pp_master/work_center/get/6c0fede4-5e42-43e4-bada-c60d790aff6b	127.0.0.1	2
66bfae4f-e7b7-4b31-b43d-67fd111fba6a	t	2	2024-05-22 10:03:00.686396+08	2	2024-05-22 10:03:00.686396+08	/pp_master/work_center/add/	127.0.0.1	2
46fe6e37-4422-4e7d-bb4a-507ed9e238d2	t	2	2024-05-22 10:03:00.965853+08	2	2024-05-22 10:03:00.965853+08	/pp_master/work_center/index/	127.0.0.1	2
1c7d2dd2-cd4f-4c85-922b-28b64c7cb806	t	2	2024-05-22 10:03:04.990718+08	2	2024-05-22 10:03:04.990718+08	/pp_master/work_center/index/	127.0.0.1	2
c0343dbf-1517-4240-957e-32108750de53	t	2	2024-05-22 10:03:06.699498+08	2	2024-05-22 10:03:06.699498+08	/pp_master/work_center/edit/2ccfbdea-1725-4171-ae3b-466e87bf93b8/	127.0.0.1	2
a415f4a9-bc94-4bfe-8e4b-56cc0571ff02	t	2	2024-05-22 10:03:13.197631+08	2	2024-05-22 10:03:13.197631+08	/pp_master/work_center/edit/2ccfbdea-1725-4171-ae3b-466e87bf93b8/	127.0.0.1	2
43606c30-a1de-43ae-8336-cebb56e2f7b6	t	2	2024-05-22 10:03:13.483889+08	2	2024-05-22 10:03:13.483889+08	/pp_master/work_center/index/	127.0.0.1	2
2dab6342-c4b3-48f1-a49f-503e34779e3b	t	2	2024-05-22 10:03:18.159509+08	2	2024-05-22 10:03:18.159509+08	/pp_master/work_center/add/	127.0.0.1	2
f9608e7f-8943-4243-87d3-87ae40565f75	t	2	2024-05-22 10:03:27.272776+08	2	2024-05-22 10:03:27.272776+08	/pp_master/work_center/get/6c0fede4-5e42-43e4-bada-c60d790aff6b	127.0.0.1	2
759ecc51-66a3-406a-a8dd-c70449f61128	t	2	2024-05-22 10:03:27.306121+08	2	2024-05-22 10:03:27.306121+08	/pp_master/line/get/6c0fede4-5e42-43e4-bada-c60d790aff6b	127.0.0.1	2
4ae0763a-23ce-424c-99cf-92ddffa77d1f	t	2	2024-05-22 10:03:37.608474+08	2	2024-05-22 10:03:37.608474+08	/pp_master/work_center/add/	127.0.0.1	2
51ab41a8-1cf2-4185-9fce-c786db7d9963	t	2	2024-05-22 10:03:37.88156+08	2	2024-05-22 10:03:37.88156+08	/pp_master/work_center/index/	127.0.0.1	2
32adf256-edc8-4efe-b107-112cbc21f87b	t	2	2024-05-22 10:03:39.820079+08	2	2024-05-22 10:03:39.820079+08	/pp_master/work_center/edit/b906337c-9fec-4ba9-a218-05cb9abe8fb7/	127.0.0.1	2
c2f99560-2e84-4e88-85ae-692a5ec6601f	t	2	2024-05-22 10:03:44.905124+08	2	2024-05-22 10:03:44.905124+08	/pp_master/work_center/edit/b906337c-9fec-4ba9-a218-05cb9abe8fb7/	127.0.0.1	2
17aae47c-246b-4fbf-ac62-c7ae15928426	t	2	2024-05-22 10:03:45.174667+08	2	2024-05-22 10:03:45.174667+08	/pp_master/work_center/index/	127.0.0.1	2
faba124b-d417-4312-949c-bc6999b5cae9	t	2	2024-05-22 10:03:54.122041+08	2	2024-05-22 10:03:54.122041+08	/pp_master/work_center/add/	127.0.0.1	2
14500bc2-5ba8-4507-b73d-c585111292a1	t	2	2024-05-22 10:04:02.701638+08	2	2024-05-22 10:04:02.701638+08	/pp_master/line/get/6c0fede4-5e42-43e4-bada-c60d790aff6b	127.0.0.1	2
2974d572-e6fa-4e8b-8a53-65428f928aa0	t	2	2024-05-22 10:04:02.729564+08	2	2024-05-22 10:04:02.729564+08	/pp_master/work_center/get/6c0fede4-5e42-43e4-bada-c60d790aff6b	127.0.0.1	2
b20be383-3601-499a-8977-530185ebe91b	t	2	2024-05-22 10:04:13.899507+08	2	2024-05-22 10:04:13.899507+08	/pp_master/work_center/add/	127.0.0.1	2
057021fa-1d2c-4871-be0e-2dc3eade9d69	t	2	2024-05-22 10:04:14.182612+08	2	2024-05-22 10:04:14.182612+08	/pp_master/work_center/index/	127.0.0.1	2
99ed040f-c4e0-420b-b90e-061ad7d1d0e5	t	2	2024-05-22 10:04:17.512191+08	2	2024-05-22 10:04:17.512191+08	/pp_master/work_center/edit/ab745f95-ee99-485d-8fe3-cdb5b92e81ca/	127.0.0.1	2
b207fa01-c6db-48cb-85f6-8c2869756cec	t	2	2024-05-22 10:04:24.790079+08	2	2024-05-22 10:04:24.790079+08	/pp_master/work_center/edit/ab745f95-ee99-485d-8fe3-cdb5b92e81ca/	127.0.0.1	2
ddd39081-6f43-41c2-a9b0-fe59ec37d7de	t	2	2024-05-22 10:04:25.1214+08	2	2024-05-22 10:04:25.1214+08	/pp_master/work_center/index/	127.0.0.1	2
a1e7428a-e31d-4303-b734-cb029b6ea205	t	2	2024-05-22 10:04:34.750351+08	2	2024-05-22 10:04:34.750351+08	/pp_master/work_center/add/	127.0.0.1	2
1675cdf4-5fa9-4107-b3d6-93a750bdc874	t	2	2024-05-22 10:04:43.663455+08	2	2024-05-22 10:04:43.663455+08	/pp_master/line/get/6c0fede4-5e42-43e4-bada-c60d790aff6b	127.0.0.1	2
9110f941-4263-44e6-9cd6-3d0acea89c11	t	2	2024-05-22 10:04:43.667445+08	2	2024-05-22 10:04:43.667445+08	/pp_master/work_center/get/6c0fede4-5e42-43e4-bada-c60d790aff6b	127.0.0.1	2
2de7c98c-238d-4f78-8552-6d23ba5ffb27	t	2	2024-05-22 10:04:51.570497+08	2	2024-05-22 10:04:51.570497+08	/pp_master/work_center/add/	127.0.0.1	2
7d9a6d34-e9e2-44c5-9027-6f5259c70345	t	2	2024-05-22 10:04:51.862392+08	2	2024-05-22 10:04:51.862392+08	/pp_master/work_center/index/	127.0.0.1	2
4a9dd649-d66d-4a8e-96c7-7c72ea3d83d8	t	2	2024-05-22 10:04:53.836965+08	2	2024-05-22 10:04:53.836965+08	/pp_master/work_center/edit/935f0250-935f-455d-912b-4d383184c2f6/	127.0.0.1	2
bdd19d47-c272-4332-9da5-1eaef1d62d88	t	2	2024-05-22 10:05:00.762812+08	2	2024-05-22 10:05:00.762812+08	/pp_master/work_center/edit/935f0250-935f-455d-912b-4d383184c2f6/	127.0.0.1	2
96efb112-4281-4fd7-a370-4eb29958b831	t	2	2024-05-22 10:05:01.030748+08	2	2024-05-22 10:05:01.030748+08	/pp_master/work_center/index/	127.0.0.1	2
1cb39bc6-ee07-453b-9984-4693deb0c8ba	t	2	2024-05-22 10:21:14.151968+08	2	2024-05-22 10:21:14.151968+08	/pp_master/work_center/add/	127.0.0.1	2
59b2c547-4b06-406d-ae25-0cd0521657f2	t	2	2024-05-22 10:21:30.948603+08	2	2024-05-22 10:21:30.948603+08	/pp_master/work_center/get/6c0fede4-5e42-43e4-bada-c60d790aff6b	127.0.0.1	2
254ff907-ea11-49aa-bde9-dcf208a75b72	t	2	2024-05-22 10:21:30.955627+08	2	2024-05-22 10:21:30.956582+08	/pp_master/line/get/6c0fede4-5e42-43e4-bada-c60d790aff6b	127.0.0.1	2
8a980017-0be8-486b-987e-0cf386ee992c	t	2	2024-05-22 10:21:32.223947+08	2	2024-05-22 10:21:32.223947+08	/pp_master/work_center/add/	127.0.0.1	2
c118c2dd-4f19-4082-b816-314eeb5d4867	t	2	2024-05-22 10:21:32.49927+08	2	2024-05-22 10:21:32.49927+08	/pp_master/work_center/index/	127.0.0.1	2
cca5f523-2e02-47aa-99d8-b98e678f0620	t	2	2024-05-22 10:21:37.814559+08	2	2024-05-22 10:21:37.814559+08	/pp_master/work_center/edit/c2be3466-f168-46e7-867d-f7f53fd89d13/	127.0.0.1	2
84142232-d116-40be-8306-27f016a0d738	t	2	2024-05-22 10:23:10.950276+08	2	2024-05-22 10:23:10.950276+08	/index/	127.0.0.1	2
f5b906a0-48e5-4fa7-a37f-b14bd729523f	t	2	2024-05-22 10:23:11.225344+08	2	2024-05-22 10:23:11.225344+08	/home/	127.0.0.1	2
f57aa8dd-c782-41e6-a551-1247c3ecc76e	t	2	2024-05-22 10:23:14.725887+08	2	2024-05-22 10:23:14.725887+08	/pp_master/work_center/index/	127.0.0.1	2
6a52b7ad-d314-4ce8-8477-97630e586cd6	t	2	2024-05-22 10:23:16.202205+08	2	2024-05-22 10:23:16.202205+08	/pp_master/work_center/edit/c2be3466-f168-46e7-867d-f7f53fd89d13/	127.0.0.1	2
6d699038-cb51-4356-92bf-6e1b28ce7848	t	2	2024-05-22 10:30:02.424141+08	2	2024-05-22 10:30:02.424141+08	/pp_master/work_center/index/	127.0.0.1	2
a2f19050-acef-4282-9948-6e2b05abd352	t	2	2024-05-22 10:30:04.723299+08	2	2024-05-22 10:30:04.723299+08	/pp_master/work_center/edit/c2be3466-f168-46e7-867d-f7f53fd89d13/	127.0.0.1	2
2a47d147-fd48-462f-bc26-7d3ea2200103	t	2	2024-05-22 10:30:06.990759+08	2	2024-05-22 10:30:06.990759+08	/pp_master/work_center/line/get/f43c03ba-96b9-4400-bada-6123e505e3df	127.0.0.1	2
9716bfc9-2f1e-4cb0-89f0-1c34f582492b	t	2	2024-05-22 10:30:10.304195+08	2	2024-05-22 10:30:10.304195+08	/pp_master/work_center/line/get/c69be7d9-139d-4237-9847-0d52ae6ab568	127.0.0.1	2
df0f7a65-f90c-48ef-bd43-fb34924ff8a5	t	2	2024-05-22 10:30:22.2472+08	2	2024-05-22 10:30:22.2472+08	/pp_master/line/facility/get/000000000	127.0.0.1	2
a12ff4fc-6abe-46d9-8ae0-353155b5e3ac	t	2	2024-05-22 10:30:29.132483+08	2	2024-05-22 10:30:29.132483+08	/pp_master/line/facility/get/6c0fede4-5e42-43e4-bada-c60d790aff6b	127.0.0.1	2
cdfca124-d95b-4c3a-8c8f-8583b1c270c9	t	2	2024-05-22 10:30:31.051294+08	2	2024-05-22 10:30:31.051294+08	/pp_master/work_center/index/	127.0.0.1	2
9e61edb4-617d-44fe-bbce-2b8c1a5a35f8	t	2	2024-05-22 10:30:32.134467+08	2	2024-05-22 10:30:32.135464+08	/pp_master/work_center/add/	127.0.0.1	2
6aaf2ad6-3e61-4176-a836-649c16b7b7af	t	2	2024-05-22 10:30:33.93795+08	2	2024-05-22 10:30:33.93795+08	/pp_master/line/facility/get/6c0fede4-5e42-43e4-bada-c60d790aff6b	127.0.0.1	2
21a03524-0928-4547-af18-4cb2cbb5c83a	t	2	2024-05-22 10:31:16.834887+08	2	2024-05-22 10:31:16.834887+08	/pp_master/work_center/index/	127.0.0.1	2
9d363b0c-3593-4a82-8e5d-fcbe83525d08	t	2	2024-05-22 10:31:17.599344+08	2	2024-05-22 10:31:17.599344+08	/pp_master/work_center/add/	127.0.0.1	2
2a0cffb5-b92d-41e4-b6ba-411483fe06ab	t	2	2024-05-22 10:31:20.665407+08	2	2024-05-22 10:31:20.665407+08	/pp_master/line/get/6c0fede4-5e42-43e4-bada-c60d790aff6b	127.0.0.1	2
7568f352-488a-48df-b17e-54832f3f0846	t	2	2024-05-23 15:17:39.81587+08	2	2024-05-23 15:17:39.81587+08	/pp_master/option/code/add/	127.0.0.1	2
eac0ab19-78c7-4a02-85a7-da94582542b5	t	2	2024-05-22 10:31:22.97327+08	2	2024-05-22 10:31:22.97327+08	/pp_master/work_center/line/get/c69be7d9-139d-4237-9847-0d52ae6ab568	127.0.0.1	2
b57801c0-4788-4a0a-ac1e-f14f7b7a8cb4	t	2	2024-05-22 10:32:13.37495+08	2	2024-05-22 10:32:13.37495+08	/pp_master/work_center/line/get/000000000	127.0.0.1	2
cf20082a-1892-4934-9a38-9ccbe1f18101	t	2	2024-05-22 10:32:20.276377+08	2	2024-05-22 10:32:20.276377+08	/pp_master/work_center/line/get/c69be7d9-139d-4237-9847-0d52ae6ab568	127.0.0.1	2
30efc757-4add-4c50-8b70-68327ad73cf6	t	2	2024-05-22 10:32:23.742647+08	2	2024-05-22 10:32:23.742647+08	/pp_master/work_center/index/	127.0.0.1	2
611f2d81-6639-4143-8dce-62f40e716d21	t	2	2024-05-22 10:32:24.795042+08	2	2024-05-22 10:32:24.795042+08	/pp_master/work_center/add/	127.0.0.1	2
f1fad5ae-37dc-4bc3-8a19-31f7e8797bb9	t	2	2024-05-22 10:32:27.318691+08	2	2024-05-22 10:32:27.318691+08	/pp_master/line/get/6c0fede4-5e42-43e4-bada-c60d790aff6b	127.0.0.1	2
98b852bd-fa56-4463-a72a-c1df62953efe	t	2	2024-05-22 10:32:41.136648+08	2	2024-05-22 10:32:41.136648+08	/pp_master/work_center/line/get/c69be7d9-139d-4237-9847-0d52ae6ab568	127.0.0.1	2
f622e815-3332-4e95-9a97-ed59641bd4f2	t	2	2024-05-22 10:32:53.944651+08	2	2024-05-22 10:32:53.944651+08	/pp_master/work_center/index/	127.0.0.1	2
10dd8511-b0de-4f6e-84b0-b8c84a63457b	t	2	2024-05-22 10:32:54.915524+08	2	2024-05-22 10:32:54.915524+08	/pp_master/work_center/add/	127.0.0.1	2
076c8555-9eb1-4848-898b-99cbf32a825c	t	2	2024-05-22 10:32:57.98231+08	2	2024-05-22 10:32:57.98231+08	/pp_master/line/get/6c0fede4-5e42-43e4-bada-c60d790aff6b	127.0.0.1	2
85580e4c-ebfc-41a2-abad-e4c53b7acf2a	t	2	2024-05-22 10:33:00.793807+08	2	2024-05-22 10:33:00.793807+08	/pp_master/work_center/line/get/c69be7d9-139d-4237-9847-0d52ae6ab568	127.0.0.1	2
beafa71e-7cd8-4bad-85ec-2f3d039da64b	t	2	2024-05-22 10:33:39.974191+08	2	2024-05-22 10:33:39.974191+08	/pp_master/work_center/index/	127.0.0.1	2
f5067505-e932-403f-b5d4-dfc3be9bd32f	t	2	2024-05-22 10:33:41.081238+08	2	2024-05-22 10:33:41.081238+08	/pp_master/work_center/add/	127.0.0.1	2
58d8bb04-0875-4b22-aed7-638677242935	t	2	2024-05-22 10:33:43.488469+08	2	2024-05-22 10:33:43.488469+08	/pp_master/line/get/6c0fede4-5e42-43e4-bada-c60d790aff6b	127.0.0.1	2
3b6bcd03-1465-4267-8c30-9c261aefd5d4	t	2	2024-05-22 10:33:46.554466+08	2	2024-05-22 10:33:46.554466+08	/pp_master/work_center/get/line/c69be7d9-139d-4237-9847-0d52ae6ab568	127.0.0.1	2
90d033bb-577d-402a-8428-739744f3ccee	t	2	2024-05-22 10:33:52.230446+08	2	2024-05-22 10:33:52.230446+08	/pp_master/work_center/get/line/6849f995-3439-4289-9831-44e98a47b812	127.0.0.1	2
5ef9fc69-da5e-40dc-870c-57c2ee7f1c1c	t	2	2024-05-22 10:34:17.075784+08	2	2024-05-22 10:34:17.075784+08	/pp_master/work_center/index/	127.0.0.1	2
0079a7c0-ea36-4aa7-b48f-1092fa516afa	t	2	2024-05-22 10:34:18.26844+08	2	2024-05-22 10:34:18.26844+08	/pp_master/work_center/edit/c2be3466-f168-46e7-867d-f7f53fd89d13/	127.0.0.1	2
3045ef09-695c-4bd0-a9da-047355646e80	t	2	2024-05-22 10:34:30.53768+08	2	2024-05-22 10:34:30.53768+08	/pp_master/work_center/index/	127.0.0.1	2
ac9d5e16-1fb7-4586-8f6d-7dea9b3a82fc	t	2	2024-05-22 10:34:32.063799+08	2	2024-05-22 10:34:32.063799+08	/pp_master/work_center/edit/c2be3466-f168-46e7-867d-f7f53fd89d13/	127.0.0.1	2
e12332f4-6309-47af-8006-94accc2f0102	t	2	2024-05-22 10:34:48.927965+08	2	2024-05-22 10:34:48.927965+08	/pp_master/work_center/index/	127.0.0.1	2
d7ec9a15-ee7e-47ea-b2e7-cbd742519daa	t	2	2024-05-22 10:34:50.333492+08	2	2024-05-22 10:34:50.333492+08	/pp_master/work_center/edit/c2be3466-f168-46e7-867d-f7f53fd89d13/	127.0.0.1	2
46e7f364-b9d6-491c-89b8-68700594235f	t	2	2024-05-22 10:34:54.375034+08	2	2024-05-22 10:34:54.375034+08	/pp_master/work_center/get/line/c69be7d9-139d-4237-9847-0d52ae6ab568	127.0.0.1	2
27697b49-5a67-403f-b033-077d1d2a1525	t	2	2024-05-22 10:35:05.568402+08	2	2024-05-22 10:35:05.568402+08	/pp_master/work_center/index/	127.0.0.1	2
0e88389c-8f2d-47f2-a403-1bfb3f40fe51	t	2	2024-05-22 10:35:06.813748+08	2	2024-05-22 10:35:06.813748+08	/pp_master/work_center/edit/c2be3466-f168-46e7-867d-f7f53fd89d13/	127.0.0.1	2
9be978ee-d317-40b1-9e34-8de51d18243f	t	2	2024-05-22 10:35:10.255249+08	2	2024-05-22 10:35:10.255249+08	/pp_master/work_center/get/line/c69be7d9-139d-4237-9847-0d52ae6ab568	127.0.0.1	2
b427323d-acc9-45c6-9755-93c4140dfc7f	t	2	2024-05-22 10:35:26.047631+08	2	2024-05-22 10:35:26.047631+08	/pp_master/work_center/index/	127.0.0.1	2
c789f575-e951-488a-a5c6-ba0a63ff10c8	t	2	2024-05-22 10:35:27.058058+08	2	2024-05-22 10:35:27.058058+08	/pp_master/work_center/edit/c2be3466-f168-46e7-867d-f7f53fd89d13/	127.0.0.1	2
7a8a3d6a-bba7-44dc-a2ff-68b324af6fe9	t	2	2024-05-22 10:35:49.951636+08	2	2024-05-22 10:35:49.951636+08	/pp_master/work_center/index/	127.0.0.1	2
681b7b90-93c9-43f5-a07e-03faec82d4e7	t	2	2024-05-22 10:35:50.846178+08	2	2024-05-22 10:35:50.846178+08	/pp_master/work_center/edit/c2be3466-f168-46e7-867d-f7f53fd89d13/	127.0.0.1	2
095893e7-2144-46d4-bbfb-525b63eb90e7	t	2	2024-05-22 10:35:53.756887+08	2	2024-05-22 10:35:53.756887+08	/pp_master/work_center/get/line/c69be7d9-139d-4237-9847-0d52ae6ab568	127.0.0.1	2
82bc146e-f4bf-4dbd-8be6-8f431e1b5cff	t	2	2024-05-22 10:36:13.322812+08	2	2024-05-22 10:36:13.322812+08	/index/	127.0.0.1	2
064e2a9e-5f27-4a80-824c-3bc29ac74757	t	2	2024-05-22 10:36:13.635294+08	2	2024-05-22 10:36:13.635294+08	/home/	127.0.0.1	2
2f8c40da-f2f2-42c4-835b-3efeb61077fb	t	2	2024-05-22 10:36:15.879578+08	2	2024-05-22 10:36:15.879578+08	/pp_master/work_center/index/	127.0.0.1	2
74b1b5f7-ce65-461d-8738-a0a39ec7adc4	t	2	2024-05-22 10:36:17.029329+08	2	2024-05-22 10:36:17.029329+08	/pp_master/work_center/edit/c2be3466-f168-46e7-867d-f7f53fd89d13/	127.0.0.1	2
93276158-b682-4046-ba7c-51c6a7de1022	t	2	2024-05-22 10:36:32.999474+08	2	2024-05-22 10:36:32.999474+08	/index/	127.0.0.1	2
98222595-710b-4795-802e-036144d177a7	t	2	2024-05-22 10:36:33.255695+08	2	2024-05-22 10:36:33.255695+08	/home/	127.0.0.1	2
e9780e2c-cd1a-4b4a-82b2-6d837c5023d9	t	2	2024-05-22 10:36:34.644663+08	2	2024-05-22 10:36:34.644663+08	/pp_master/work_center/index/	127.0.0.1	2
7ac75cda-cf19-4e65-b3a1-3b946ec2078c	t	2	2024-05-22 10:36:36.053125+08	2	2024-05-22 10:36:36.053125+08	/pp_master/work_center/edit/c2be3466-f168-46e7-867d-f7f53fd89d13/	127.0.0.1	2
2662cbf3-d253-4c73-993f-ab6da61cd299	t	2	2024-05-22 10:36:43.174337+08	2	2024-05-22 10:36:43.174337+08	/pp_master/work_center/index/	127.0.0.1	2
d216104e-4d97-4a66-8d76-937b18ae8e09	t	2	2024-05-22 10:36:44.036054+08	2	2024-05-22 10:36:44.036054+08	/pp_master/work_center/add/	127.0.0.1	2
034a39d2-db00-4ddb-b51c-760d245a3233	t	2	2024-05-22 10:36:52.655919+08	2	2024-05-22 10:36:52.655919+08	/pp_master/work_center/index/	127.0.0.1	2
82a98d30-c49c-4601-bbf0-8df10d6b0f9f	t	2	2024-05-22 10:36:53.46191+08	2	2024-05-22 10:36:53.46191+08	/pp_master/work_center/add/	127.0.0.1	2
e3ce1e33-f1a5-4dcb-8ceb-bd62e2017645	t	2	2024-05-22 10:37:08.515568+08	2	2024-05-22 10:37:08.515568+08	/pp_master/work_center/index/	127.0.0.1	2
f2d9cd65-a07c-4711-a73b-967d0008f3e7	t	2	2024-05-22 10:37:10.529767+08	2	2024-05-22 10:37:10.529767+08	/pp_master/work_center/edit/c2be3466-f168-46e7-867d-f7f53fd89d13/	127.0.0.1	2
0fef834b-04ca-4a00-988e-9ef48b8e57ff	t	2	2024-05-22 10:38:07.487055+08	2	2024-05-22 10:38:07.487055+08	/pp_master/work_center/index/	127.0.0.1	2
3d389c97-b9cf-40e8-8e0d-b7f338e2a595	t	2	2024-05-22 10:38:08.267945+08	2	2024-05-22 10:38:08.267945+08	/pp_master/work_center/add/	127.0.0.1	2
2a3bc3dd-355f-4d8a-875a-5549bf01f905	t	2	2024-05-22 10:38:34.475719+08	2	2024-05-22 10:38:34.475719+08	/pp_master/work_center/index/	127.0.0.1	2
6e3bcfa2-5bed-440e-b828-0b0d07636c05	t	2	2024-05-22 10:38:35.546287+08	2	2024-05-22 10:38:35.546287+08	/pp_master/work_center/edit/c2be3466-f168-46e7-867d-f7f53fd89d13/	127.0.0.1	2
b8abd0de-a475-4762-8df6-51e8e82074c0	t	2	2024-05-22 10:38:39.832725+08	2	2024-05-22 10:38:39.832725+08	/pp_master/work_center/get/line/c69be7d9-139d-4237-9847-0d52ae6ab568	127.0.0.1	2
039ccc64-4571-45f4-8435-286ff939a7e8	t	2	2024-05-22 10:38:46.741385+08	2	2024-05-22 10:38:46.741385+08	/pp_master/line/get/000000000	127.0.0.1	2
f0a10744-505d-4c27-a873-d808ac6443e1	t	2	2024-05-22 10:40:51.137736+08	2	2024-05-22 10:40:51.137736+08	/pp_master/work_center/index/	127.0.0.1	2
0611928a-454b-41cf-a9d4-fa895e85f114	t	2	2024-05-22 10:40:51.931494+08	2	2024-05-22 10:40:51.931494+08	/pp_master/work_center/add/	127.0.0.1	2
2411b282-f729-491c-a9f3-51dad039f2bc	t	2	2024-05-22 10:40:54.178783+08	2	2024-05-22 10:40:54.178783+08	/pp_master/line/get/6c0fede4-5e42-43e4-bada-c60d790aff6b	127.0.0.1	2
f5badd5c-7cbc-4ebc-bd81-e8bf1519748b	t	2	2024-05-22 10:40:59.319638+08	2	2024-05-22 10:40:59.319638+08	/pp_master/work_center/get/line/c69be7d9-139d-4237-9847-0d52ae6ab568	127.0.0.1	2
a5881e3e-3114-4283-84ac-01c3b42d44ba	t	2	2024-05-22 10:41:04.981921+08	2	2024-05-22 10:41:04.981921+08	/pp_master/work_center/get/line/000000000	127.0.0.1	2
8c946514-15dd-4c3f-ab27-9855b283dbb5	t	2	2024-05-22 10:41:29.279066+08	2	2024-05-22 10:41:29.279066+08	/pp_master/work_center/index/	127.0.0.1	2
d839981a-9f08-451b-acd7-f27f09c602ec	t	2	2024-05-22 10:41:30.142145+08	2	2024-05-22 10:41:30.142145+08	/pp_master/work_center/add/	127.0.0.1	2
e265719d-54b4-491a-b5b0-11bd6817772f	t	2	2024-05-22 10:41:32.353748+08	2	2024-05-22 10:41:32.353748+08	/pp_master/line/get/6c0fede4-5e42-43e4-bada-c60d790aff6b	127.0.0.1	2
39e160f0-c16b-43d3-8f13-c415fe97cdf3	t	2	2024-05-22 10:41:34.645893+08	2	2024-05-22 10:41:34.645893+08	/pp_master/work_center/get/line/c69be7d9-139d-4237-9847-0d52ae6ab568	127.0.0.1	2
b41c188b-6672-461c-ba79-42f2fd287841	t	2	2024-05-22 10:41:37.021798+08	2	2024-05-22 10:41:37.021798+08	/pp_master/work_center/get/line/f43c03ba-96b9-4400-bada-6123e505e3df	127.0.0.1	2
55e6e231-7225-43fe-8633-bdf9a6ca7db8	t	2	2024-05-22 10:41:40.566083+08	2	2024-05-22 10:41:40.566083+08	/pp_master/work_center/get/line/000000000	127.0.0.1	2
f904a049-c883-42aa-b9ff-c5f6277b0007	t	2	2024-05-22 10:41:45.854769+08	2	2024-05-22 10:41:45.854769+08	/pp_master/work_center/index/	127.0.0.1	2
fcbb97cb-ab90-4483-b822-9c5d977b8be1	t	2	2024-05-22 10:41:46.858978+08	2	2024-05-22 10:41:46.858978+08	/pp_master/work_center/edit/c2be3466-f168-46e7-867d-f7f53fd89d13/	127.0.0.1	2
04602236-8ccd-4c4c-92fd-354fee1731c0	t	2	2024-05-22 10:41:49.382528+08	2	2024-05-22 10:41:49.382528+08	/pp_master/work_center/get/line/eb165764-fb80-46e4-957a-14e6ce9c930a	127.0.0.1	2
ed5fc935-6609-4d61-a2fb-e0b5e72fd76b	t	2	2024-05-22 10:41:52.884801+08	2	2024-05-22 10:41:52.884801+08	/pp_master/work_center/get/line/c69be7d9-139d-4237-9847-0d52ae6ab568	127.0.0.1	2
783f30fa-db36-4d22-a517-9d29c4d1376d	t	2	2024-05-22 10:42:03.548754+08	2	2024-05-22 10:42:03.548754+08	/pp_master/line/get/000000000	127.0.0.1	2
cb018ddc-fb42-4cb4-bea7-037fe6f7a008	t	2	2024-05-22 10:42:27.731017+08	2	2024-05-22 10:42:27.731017+08	/pp_master/work_center/index/	127.0.0.1	2
91d90705-7b30-408a-bc86-7c3a66d06789	t	2	2024-05-22 10:42:30.563488+08	2	2024-05-22 10:42:30.563488+08	/pp_master/work_center/add/	127.0.0.1	2
7fd9c00a-99c3-4007-90f9-c026c870466b	t	2	2024-05-22 10:42:32.551637+08	2	2024-05-22 10:42:32.551637+08	/pp_master/line/get/6c0fede4-5e42-43e4-bada-c60d790aff6b	127.0.0.1	2
415cda3f-cf0d-4654-ab33-dc70d12db05f	t	2	2024-05-22 10:42:32.745427+08	2	2024-05-22 10:42:32.745427+08	/pp_master/work_center/get/line/000000000	127.0.0.1	2
f5063bbb-5fe1-48b7-9450-3e1448ea71d4	t	2	2024-05-22 10:42:35.622641+08	2	2024-05-22 10:42:35.622641+08	/pp_master/work_center/get/line/c69be7d9-139d-4237-9847-0d52ae6ab568	127.0.0.1	2
ddfe5653-413c-42d8-a4c4-7fa34c544240	t	2	2024-05-22 10:42:39.837159+08	2	2024-05-22 10:42:39.837159+08	/pp_master/line/get/000000000	127.0.0.1	2
10c253ee-d780-427f-874a-e86ccd156d55	t	2	2024-05-22 10:42:40.031241+08	2	2024-05-22 10:42:40.031241+08	/pp_master/work_center/get/line/000000000	127.0.0.1	2
6a62b0b2-9435-4da2-af4e-ca53194598b1	t	2	2024-05-22 10:42:44.532733+08	2	2024-05-22 10:42:44.532733+08	/pp_master/work_center/index/	127.0.0.1	2
2a52bc97-eaf6-4456-b998-8251a041783e	t	2	2024-05-22 10:42:45.545651+08	2	2024-05-22 10:42:45.545651+08	/pp_master/work_center/edit/c2be3466-f168-46e7-867d-f7f53fd89d13/	127.0.0.1	2
b01f8191-8261-4a9f-a782-d4ae83376502	t	2	2024-05-22 10:42:50.312502+08	2	2024-05-22 10:42:50.312502+08	/pp_master/work_center/get/line/c69be7d9-139d-4237-9847-0d52ae6ab568	127.0.0.1	2
f7e8166d-daaa-4d45-8c67-47afbee13b17	t	2	2024-05-22 10:42:53.916697+08	2	2024-05-22 10:42:53.916697+08	/pp_master/line/get/000000000	127.0.0.1	2
58e3e90f-ad01-4a95-83f1-9ee5e2675235	t	2	2024-05-22 10:42:54.116413+08	2	2024-05-22 10:42:54.116413+08	/pp_master/work_center/get/line/000000000	127.0.0.1	2
147eebb1-23f6-49f0-8e4d-7152501a2f4d	t	2	2024-05-22 10:43:34.674854+08	2	2024-05-22 10:43:34.674854+08	/pp_master/line/get/6c0fede4-5e42-43e4-bada-c60d790aff6b	127.0.0.1	2
e17e25c7-4861-47b1-9e7b-ce188d8e8c1f	t	2	2024-05-22 10:43:34.86551+08	2	2024-05-22 10:43:34.86551+08	/pp_master/work_center/get/line/000000000	127.0.0.1	2
8d8e1fb8-6cda-4c5f-89e7-f55e5f12b057	t	2	2024-05-22 10:43:36.869634+08	2	2024-05-22 10:43:36.869634+08	/pp_master/work_center/get/line/f43c03ba-96b9-4400-bada-6123e505e3df	127.0.0.1	2
8b598ca8-61c5-482b-8641-330f237f0643	t	2	2024-05-22 10:43:40.692135+08	2	2024-05-22 10:43:40.692135+08	/pp_master/work_center/edit/c2be3466-f168-46e7-867d-f7f53fd89d13/	127.0.0.1	2
b8c3f6fb-e0d7-44cd-a242-d10dfb0a8544	t	2	2024-05-22 10:43:40.965509+08	2	2024-05-22 10:43:40.965509+08	/pp_master/work_center/index/	127.0.0.1	2
67ef5374-fbe5-4592-85a8-95bacc7f8c3f	t	2	2024-05-22 10:43:44.466725+08	2	2024-05-22 10:43:44.466725+08	/pp_master/work_center/edit/c2be3466-f168-46e7-867d-f7f53fd89d13/	127.0.0.1	2
54c7cda8-8852-40f0-9eef-4713834d8a58	t	2	2024-05-22 10:59:36.461734+08	2	2024-05-22 10:59:36.461734+08	/pp_master/line/index/	127.0.0.1	2
17aa0013-4499-4987-b62e-3ba73920738d	t	2	2024-05-22 10:59:42.551787+08	2	2024-05-22 10:59:42.551787+08	/pp_master/work_center/index/	127.0.0.1	2
b19691ae-0e74-49bc-a7f5-834d290767a6	t	2	2024-05-22 10:59:45.885054+08	2	2024-05-22 10:59:45.885054+08	/pp_master/work_center/edit/c2be3466-f168-46e7-867d-f7f53fd89d13/	127.0.0.1	2
1936e9fd-248f-4f48-8bd5-90615c874521	t	2	2024-05-22 10:59:50.492696+08	2	2024-05-22 10:59:50.492696+08	/pp_master/work_center/edit/c2be3466-f168-46e7-867d-f7f53fd89d13/	127.0.0.1	2
16d27218-78db-4f6a-be3e-8942193aa5bd	t	2	2024-05-22 10:59:50.796654+08	2	2024-05-22 10:59:50.796654+08	/pp_master/work_center/index/	127.0.0.1	2
6164e9fc-0e91-41a0-a5ec-9248f863ecd4	t	2	2024-05-22 10:59:54.410255+08	2	2024-05-22 10:59:54.410255+08	/pp_master/work_center/edit/c2be3466-f168-46e7-867d-f7f53fd89d13/	127.0.0.1	2
66c8ba85-a38f-4873-acdc-4e13d64c51a8	t	2	2024-05-22 10:59:59.643594+08	2	2024-05-22 10:59:59.643594+08	/pp_master/work_center/edit/c2be3466-f168-46e7-867d-f7f53fd89d13/	127.0.0.1	2
cf5ba1b3-67f9-4d8a-8da9-50e5527474e7	t	2	2024-05-22 10:59:59.939143+08	2	2024-05-22 10:59:59.939143+08	/pp_master/work_center/index/	127.0.0.1	2
4423b36d-c2d0-4eda-8437-dffcd5ce5ed3	t	2	2024-05-22 13:20:08.562728+08	2	2024-05-22 13:20:08.562728+08	/index/	127.0.0.1	2
7a52a78a-b65a-4d66-ab3d-f224faac7a0b	t	2	2024-05-22 13:20:08.945282+08	2	2024-05-22 13:20:08.945282+08	/home/	127.0.0.1	2
036f0909-d69b-4de9-9fa8-abd85a3cb1c5	t	2	2024-05-22 14:45:25.734232+08	2	2024-05-22 14:45:25.734232+08	/index/	127.0.0.1	2
7a4901a9-5741-4f8d-81c2-2df2eae47689	t	2	2024-05-22 14:45:26.102259+08	2	2024-05-22 14:45:26.102259+08	/home/	127.0.0.1	2
9a337a9e-e8d0-4cda-afa5-b45c1e830ff5	t	2	2024-05-22 14:45:29.153134+08	2	2024-05-22 14:45:29.153134+08	/pp_master/machine_code/index/	127.0.0.1	2
712a39a9-f8ac-499d-8630-b91e31db12ee	t	2	2024-05-22 14:45:30.653663+08	2	2024-05-22 14:45:30.653663+08	/pp_master/machine_code/add/	127.0.0.1	2
4aedbd54-089c-4912-8e87-b31249809911	t	2	2024-05-22 14:48:34.832767+08	2	2024-05-22 14:48:34.832767+08	/sys_dict/dict/index/	127.0.0.1	2
2978a87c-3f04-4ef5-be78-8c329647830a	t	2	2024-05-22 14:48:36.436431+08	2	2024-05-22 14:48:36.436431+08	/sys_dict/dict/add/	127.0.0.1	2
71f3964e-7797-42c2-a38d-a96440f400df	t	2	2024-05-22 14:48:47.446313+08	2	2024-05-22 14:48:47.446313+08	/sys_dict/dict/add/	127.0.0.1	2
ffc5b984-69da-484a-9eb0-da91995d96b9	t	2	2024-05-22 14:48:47.718586+08	2	2024-05-22 14:48:47.718586+08	/sys_dict/dict/index/	127.0.0.1	2
771d0b8a-e67d-4b75-803e-ec19633076e8	t	2	2024-05-22 14:48:49.789325+08	2	2024-05-22 14:48:49.789325+08	/sys_dict/enum/add/c3f019c8-68ab-4799-ad76-fb2c96467f3b	127.0.0.1	2
0ec429e2-07e3-46ef-aa1e-e627741ec3c2	t	2	2024-05-22 14:48:59.517968+08	2	2024-05-22 14:48:59.517968+08	/sys_dict/enum/add/c3f019c8-68ab-4799-ad76-fb2c96467f3b	127.0.0.1	2
3ba1c5ef-ec8a-4cd9-a9b2-ccbd32ad0ed5	t	2	2024-05-22 14:48:59.757329+08	2	2024-05-22 14:48:59.757329+08	/sys_dict/enum/add/c3f019c8-68ab-4799-ad76-fb2c96467f3b	127.0.0.1	2
62c5770f-398d-4951-8cee-9b52fe7f8465	t	2	2024-05-22 14:50:48.621524+08	2	2024-05-22 14:50:48.621524+08	/sys_dict/enum/add/c3f019c8-68ab-4799-ad76-fb2c96467f3b	127.0.0.1	2
8f816196-84b0-4737-bf21-f45bb4b662f9	t	2	2024-05-22 14:50:48.846104+08	2	2024-05-22 14:50:48.846104+08	/sys_dict/enum/add/c3f019c8-68ab-4799-ad76-fb2c96467f3b	127.0.0.1	2
0ca015e6-5ecd-4dcf-a770-cbda828b6998	t	2	2024-05-22 14:51:04.519958+08	2	2024-05-22 14:51:04.519958+08	/sys_dict/enum/add/c3f019c8-68ab-4799-ad76-fb2c96467f3b	127.0.0.1	2
073d4416-3d93-40aa-ae70-2d8eda2f6ad9	t	2	2024-05-22 14:51:04.786092+08	2	2024-05-22 14:51:04.786092+08	/sys_dict/enum/add/c3f019c8-68ab-4799-ad76-fb2c96467f3b	127.0.0.1	2
55fb2e53-708d-4a6a-bdca-4cd198051c5f	t	2	2024-05-22 14:51:18.304727+08	2	2024-05-22 14:51:18.304727+08	/sys_dict/enum/add/c3f019c8-68ab-4799-ad76-fb2c96467f3b	127.0.0.1	2
1e26e88b-b4d0-4b49-8bf4-a9eaf877e856	t	2	2024-05-22 14:51:18.532348+08	2	2024-05-22 14:51:18.532348+08	/sys_dict/enum/add/c3f019c8-68ab-4799-ad76-fb2c96467f3b	127.0.0.1	2
6bd33edf-5f06-4247-8e15-d2ed22137b3c	t	2	2024-05-22 14:51:36.354794+08	2	2024-05-22 14:51:36.354794+08	/sys_dict/enum/add/c3f019c8-68ab-4799-ad76-fb2c96467f3b	127.0.0.1	2
675660ae-4b50-4109-9a7a-a8ddb17e8b07	t	2	2024-05-22 14:51:36.581206+08	2	2024-05-22 14:51:36.581206+08	/sys_dict/enum/add/c3f019c8-68ab-4799-ad76-fb2c96467f3b	127.0.0.1	2
3867ae2f-64c2-4a9f-8d59-2a7055a79ee4	t	2	2024-05-22 14:51:49.283469+08	2	2024-05-22 14:51:49.283469+08	/sys_dict/enum/add/c3f019c8-68ab-4799-ad76-fb2c96467f3b	127.0.0.1	2
9359e402-8815-4186-ae13-35773160d8e2	t	2	2024-05-22 14:51:49.522868+08	2	2024-05-22 14:51:49.522868+08	/sys_dict/enum/add/c3f019c8-68ab-4799-ad76-fb2c96467f3b	127.0.0.1	2
65d265d1-7df7-427f-b189-e350393e3ef5	t	2	2024-05-22 14:52:01.439986+08	2	2024-05-22 14:52:01.439986+08	/sys_dict/enum/add/c3f019c8-68ab-4799-ad76-fb2c96467f3b	127.0.0.1	2
19bbf88e-6820-43e3-95c6-eb10f1650534	t	2	2024-05-22 14:52:01.670048+08	2	2024-05-22 14:52:01.670048+08	/sys_dict/enum/add/c3f019c8-68ab-4799-ad76-fb2c96467f3b	127.0.0.1	2
b4302186-dd78-4bfd-abe6-092a3ae035f0	t	2	2024-05-22 14:58:02.133267+08	2	2024-05-22 14:58:02.133267+08	/sys_dict/enum/edit/c3f019c8-68ab-4799-ad76-fb2c96467f3b/90ff08be-66bd-479d-8d2a-56d16f231a71	127.0.0.1	2
f7b67b42-a4ff-4a92-8770-221f1811d55e	t	2	2024-05-22 14:58:06.491169+08	2	2024-05-22 14:58:06.491169+08	/sys_dict/enum/edit/c3f019c8-68ab-4799-ad76-fb2c96467f3b/90ff08be-66bd-479d-8d2a-56d16f231a71	127.0.0.1	2
97c9478f-7421-49b7-98f9-2f04233f58d8	t	2	2024-05-22 14:58:06.757144+08	2	2024-05-22 14:58:06.757144+08	/sys_dict/enum/edit/c3f019c8-68ab-4799-ad76-fb2c96467f3b/90ff08be-66bd-479d-8d2a-56d16f231a71	127.0.0.1	2
b3e64dcb-ad98-46aa-a538-34fe4949ee6e	t	2	2024-05-22 14:58:17.234432+08	2	2024-05-22 14:58:17.234432+08	/sys_dict/enum/add/c3f019c8-68ab-4799-ad76-fb2c96467f3b	127.0.0.1	2
21d844d6-3d82-413f-a849-203a217272ac	t	2	2024-05-22 14:58:22.363076+08	2	2024-05-22 14:58:22.363076+08	/sys_dict/enum/add/c3f019c8-68ab-4799-ad76-fb2c96467f3b	127.0.0.1	2
fee8a395-42f8-4153-9c1b-d77715458369	t	2	2024-05-22 14:58:22.795941+08	2	2024-05-22 14:58:22.795941+08	/sys_dict/enum/add/c3f019c8-68ab-4799-ad76-fb2c96467f3b	127.0.0.1	2
adbafce5-8e93-45c1-bdc7-45498edb9d9a	t	2	2024-05-22 14:58:57.488267+08	2	2024-05-22 14:58:57.488267+08	/sys_dict/enum/add/c3f019c8-68ab-4799-ad76-fb2c96467f3b	127.0.0.1	2
72b4d355-9d65-4ad7-b57a-73c09dc8f572	t	2	2024-05-22 14:58:57.753604+08	2	2024-05-22 14:58:57.753604+08	/sys_dict/enum/add/c3f019c8-68ab-4799-ad76-fb2c96467f3b	127.0.0.1	2
bb561d24-c1fb-41ba-986b-eef791af356b	t	2	2024-05-22 14:59:00.964547+08	2	2024-05-22 14:59:00.964547+08	/pp_master/machine_code/index/	127.0.0.1	2
e3483ec1-23f9-4589-9bd3-90041cc298ed	t	2	2024-05-22 14:59:01.841709+08	2	2024-05-22 14:59:01.841709+08	/pp_master/machine_code/add/	127.0.0.1	2
77f1e567-2b7c-4869-9b1f-46d1036eb98e	t	2	2024-05-22 14:59:48.807633+08	2	2024-05-22 14:59:48.807633+08	/pp_master/machine_code/add/	127.0.0.1	2
b4af05b9-8a58-4a9e-87e6-892cc5c379d3	t	2	2024-05-22 14:59:49.086278+08	2	2024-05-22 14:59:49.086278+08	/pp_master/machine_code/index/	127.0.0.1	2
a1ab2142-1401-4afc-ae12-aa6ce1a8f47f	t	2	2024-05-22 15:00:12.894082+08	2	2024-05-22 15:00:12.894082+08	/pp_master/machine_code/add/	127.0.0.1	2
393ac752-4ead-4f86-96ec-daf08c96b9a7	t	2	2024-05-22 15:00:30.933616+08	2	2024-05-22 15:00:30.933616+08	/pp_master/machine_code/add/	127.0.0.1	2
fe031277-ad9a-490a-9910-e82713baa627	t	2	2024-05-22 15:00:31.21787+08	2	2024-05-22 15:00:31.21787+08	/pp_master/machine_code/index/	127.0.0.1	2
d02c10b1-0ad5-4b90-8ce8-2c31f707ad07	t	2	2024-05-22 15:00:41.370515+08	2	2024-05-22 15:00:41.370515+08	/sys_dict/enum/edit/c3f019c8-68ab-4799-ad76-fb2c96467f3b/9bff8a0f-9ec9-4978-8925-721590d8819a	127.0.0.1	2
afd84d27-d3d4-4920-8924-887b3067e711	t	2	2024-05-22 15:00:44.969702+08	2	2024-05-22 15:00:44.969702+08	/sys_dict/enum/edit/c3f019c8-68ab-4799-ad76-fb2c96467f3b/9bff8a0f-9ec9-4978-8925-721590d8819a	127.0.0.1	2
63fc1c25-07b9-4e7a-ac24-d9459c73f48f	t	2	2024-05-22 15:00:45.239467+08	2	2024-05-22 15:00:45.239467+08	/sys_dict/enum/edit/c3f019c8-68ab-4799-ad76-fb2c96467f3b/9bff8a0f-9ec9-4978-8925-721590d8819a	127.0.0.1	2
cea6d0dd-e92d-4468-9ae7-282a377488b0	t	2	2024-05-22 15:00:50.466607+08	2	2024-05-22 15:00:50.466607+08	/pp_master/machine_code/add/	127.0.0.1	2
1f5a1596-3fc7-4028-83b1-000e39242a3d	t	2	2024-05-22 15:00:51.587205+08	2	2024-05-22 15:00:51.587205+08	/pp_master/machine_code/index/	127.0.0.1	2
2bc75836-2a3a-4d57-9a1a-33c101d17520	t	2	2024-05-22 15:00:55.804917+08	2	2024-05-22 15:00:55.804917+08	/pp_master/machine_code/add/	127.0.0.1	2
66a2ce37-1858-4dbe-a61a-00e163ed3bc9	t	2	2024-05-22 15:01:21.037899+08	2	2024-05-22 15:01:21.037899+08	/sys_dict/enum/edit/c3f019c8-68ab-4799-ad76-fb2c96467f3b/de4ae2ea-8011-4f7b-b91e-34da61dd220e	127.0.0.1	2
8f2f0061-754a-43e6-9f60-ab0c13f1ceb7	t	2	2024-05-22 15:01:23.686143+08	2	2024-05-22 15:01:23.686143+08	/sys_dict/enum/edit/c3f019c8-68ab-4799-ad76-fb2c96467f3b/de4ae2ea-8011-4f7b-b91e-34da61dd220e	127.0.0.1	2
e43f755e-c678-4f4e-b2cf-2678e0e486ed	t	2	2024-05-22 15:01:23.945703+08	2	2024-05-22 15:01:23.945703+08	/sys_dict/enum/edit/c3f019c8-68ab-4799-ad76-fb2c96467f3b/de4ae2ea-8011-4f7b-b91e-34da61dd220e	127.0.0.1	2
8cafa775-671a-427e-a4b1-bb1cbb648402	t	2	2024-05-22 15:01:25.850949+08	2	2024-05-22 15:01:25.850949+08	/sys_dict/enum/edit/c3f019c8-68ab-4799-ad76-fb2c96467f3b/b8a25540-cc94-4c35-b591-4ca638efe37b	127.0.0.1	2
62e2ffb1-456a-4425-b85f-4482914ce61e	t	2	2024-05-22 15:01:28.509796+08	2	2024-05-22 15:01:28.509796+08	/sys_dict/enum/edit/c3f019c8-68ab-4799-ad76-fb2c96467f3b/b8a25540-cc94-4c35-b591-4ca638efe37b	127.0.0.1	2
88fab894-5827-459e-9af7-e1c73ff0181d	t	2	2024-05-22 15:01:28.773978+08	2	2024-05-22 15:01:28.773978+08	/sys_dict/enum/edit/c3f019c8-68ab-4799-ad76-fb2c96467f3b/b8a25540-cc94-4c35-b591-4ca638efe37b	127.0.0.1	2
a3ca67a4-2b8e-4111-a47a-07b60d132e61	t	2	2024-05-22 15:01:32.280737+08	2	2024-05-22 15:01:32.280737+08	/sys_dict/enum/edit/c3f019c8-68ab-4799-ad76-fb2c96467f3b/04d6100c-c9c7-4fbd-b60d-066684414730	127.0.0.1	2
95e45e31-fe68-49d4-b6e7-df54ba8a2174	t	2	2024-05-22 15:01:36.190601+08	2	2024-05-22 15:01:36.190601+08	/sys_dict/enum/edit/c3f019c8-68ab-4799-ad76-fb2c96467f3b/04d6100c-c9c7-4fbd-b60d-066684414730	127.0.0.1	2
c2dfc884-6ccf-4a08-99a0-e9dd9cd00a60	t	2	2024-05-22 15:01:36.460889+08	2	2024-05-22 15:01:36.460889+08	/sys_dict/enum/edit/c3f019c8-68ab-4799-ad76-fb2c96467f3b/04d6100c-c9c7-4fbd-b60d-066684414730	127.0.0.1	2
e81f5979-5443-4475-b763-78b624a214c2	t	2	2024-05-22 15:01:56.874472+08	2	2024-05-22 15:01:56.874472+08	/pp_master/machine_code/add/	127.0.0.1	2
da30a820-8db1-4ca5-ae9b-b40ecc356879	t	2	2024-05-22 15:01:57.175416+08	2	2024-05-22 15:01:57.175416+08	/pp_master/machine_code/index/	127.0.0.1	2
1fb058a8-dbb4-4e73-9fda-c076ab7b8f63	t	2	2024-05-22 15:01:59.427378+08	2	2024-05-22 15:01:59.427378+08	/pp_master/machine_code/add/	127.0.0.1	2
818e70b7-06f1-4925-aa61-e18375c023ed	t	2	2024-05-22 15:02:20.773334+08	2	2024-05-22 15:02:20.773334+08	/pp_master/machine_code/add/	127.0.0.1	2
9cbb5612-2497-44db-9010-da7df09ff97c	t	2	2024-05-22 15:02:21.081889+08	2	2024-05-22 15:02:21.081889+08	/pp_master/machine_code/index/	127.0.0.1	2
4f5bd4d4-457f-474a-a3d3-36fefaec3d36	t	2	2024-05-22 15:02:28.088446+08	2	2024-05-22 15:02:28.088446+08	/pp_master/machine_code/add/	127.0.0.1	2
c894a85a-11be-4723-9899-f61eceb9c755	t	2	2024-05-22 15:02:39.735512+08	2	2024-05-22 15:02:39.735512+08	/pp_master/machine_code/add/	127.0.0.1	2
192ee38b-e991-4a9b-a3af-ee3ef019f995	t	2	2024-05-22 15:02:40.034768+08	2	2024-05-22 15:02:40.034768+08	/pp_master/machine_code/index/	127.0.0.1	2
92b00af3-be13-42e7-bd0a-6aba772a2d58	t	2	2024-05-22 15:02:41.755762+08	2	2024-05-22 15:02:41.755762+08	/pp_master/machine_code/add/	127.0.0.1	2
7cc36ed7-0e76-4967-bd07-f0de07a22e71	t	2	2024-05-22 15:02:59.382908+08	2	2024-05-22 15:02:59.382908+08	/pp_master/machine_code/add/	127.0.0.1	2
6fc255a5-e847-47eb-82d6-0069706bcd48	t	2	2024-05-22 15:02:59.653429+08	2	2024-05-22 15:02:59.653429+08	/pp_master/machine_code/index/	127.0.0.1	2
9e958ef2-42f6-4bd8-b8bb-a7d79dc85a4a	t	2	2024-05-22 15:03:07.53297+08	2	2024-05-22 15:03:07.53297+08	/pp_master/machine_code/add/	127.0.0.1	2
3141c3ad-6426-498b-9f0e-b62b7b666e48	t	2	2024-05-22 15:03:30.693716+08	2	2024-05-22 15:03:30.693716+08	/pp_master/machine_code/add/	127.0.0.1	2
fd3ff53a-23f9-4c46-93bb-3b51ab67125a	t	2	2024-05-22 15:03:30.969733+08	2	2024-05-22 15:03:30.969733+08	/pp_master/machine_code/index/	127.0.0.1	2
527c6d33-6d68-4912-bc03-6843cd18549e	t	2	2024-05-22 15:10:16.369798+08	2	2024-05-22 15:10:16.369798+08	/pp_master/machine_code/add/	127.0.0.1	2
c5148a5a-67cd-44c2-82ac-52fecd5f2b65	t	2	2024-05-22 15:10:39.117791+08	2	2024-05-22 15:10:39.117791+08	/pp_master/machine_code/add/	127.0.0.1	2
213de468-f314-45ef-9897-ce0f5f725fec	t	2	2024-05-22 15:10:39.420196+08	2	2024-05-22 15:10:39.420196+08	/pp_master/machine_code/index/	127.0.0.1	2
2b59c733-760b-407d-8fc6-9a94ffc833f8	t	2	2024-05-22 15:10:49.864599+08	2	2024-05-22 15:10:49.864599+08	/pp_master/machine_code/add/	127.0.0.1	2
8fcb663e-8d1e-4c0b-99dd-1f85884e81e1	t	2	2024-05-22 15:11:01.024622+08	2	2024-05-22 15:11:01.024622+08	/pp_master/machine_code/add/	127.0.0.1	2
efc31a43-6b79-4f1f-9d1a-13008f2ad01e	t	2	2024-05-22 15:11:01.354252+08	2	2024-05-22 15:11:01.354252+08	/pp_master/machine_code/index/	127.0.0.1	2
7b5412c9-c64b-4dff-af09-b5fb1a3a5bd4	t	2	2024-05-22 15:11:08.04449+08	2	2024-05-22 15:11:08.04449+08	/pp_master/machine_code/add/	127.0.0.1	2
3a52739c-bc7d-446e-9347-741fe701a5c3	t	2	2024-05-22 15:11:19.207341+08	2	2024-05-22 15:11:19.207341+08	/pp_master/machine_code/add/	127.0.0.1	2
ae9a2939-4aa7-4942-830e-1bba4141db00	t	2	2024-05-22 15:11:19.532299+08	2	2024-05-22 15:11:19.532299+08	/pp_master/machine_code/index/	127.0.0.1	2
52c77411-4b56-44c4-8f5b-c4614e1bdaa8	t	2	2024-05-22 15:42:41.975968+08	2	2024-05-22 15:42:41.975968+08	/index/	127.0.0.1	2
564559bf-994e-4b63-94c8-66965d3347fe	t	2	2024-05-22 15:42:42.35274+08	2	2024-05-22 15:42:42.35274+08	/home/	127.0.0.1	2
088930da-84e7-4c70-98e2-fe0c9c254606	t	2	2024-05-22 15:42:44.553215+08	2	2024-05-22 15:42:44.553215+08	/pp_master/model_code/index/	127.0.0.1	2
27113f3c-8d12-4dc1-ae51-42f0b711881f	t	2	2024-05-22 15:42:48.123926+08	2	2024-05-22 15:42:48.123926+08	/pp_master/model_code/add/	127.0.0.1	2
61c791d7-a9cc-4f09-931a-5dc1e7b70530	t	2	2024-05-22 15:42:52.395277+08	2	2024-05-22 15:42:52.395277+08	/pp_master/machine_code/get/6c0fede4-5e42-43e4-bada-c60d790aff6b	127.0.0.1	2
8f292da3-1e29-4db1-a1f1-9ae790fab6c6	t	2	2024-05-22 15:43:06.989559+08	2	2024-05-22 15:43:06.989559+08	/pp_master/machine_code/get/000000000	127.0.0.1	2
8dfedf91-0930-4ef1-9d3c-c550f241b554	t	2	2024-05-22 15:44:03.490452+08	2	2024-05-22 15:44:03.490452+08	/sys_dict/dict/index/	127.0.0.1	2
4e28171c-5ac4-4751-ad96-f219574242c8	t	2	2024-05-22 15:44:04.683422+08	2	2024-05-22 15:44:04.683422+08	/sys_dict/dict/add/	127.0.0.1	2
54173c35-00f2-45af-9ae0-41dd22b5485f	t	2	2024-05-22 15:44:11.212688+08	2	2024-05-22 15:44:11.212688+08	/sys_dict/dict/add/	127.0.0.1	2
6f173744-0d18-410e-bb2e-8c1584ab2899	t	2	2024-05-22 15:44:11.460061+08	2	2024-05-22 15:44:11.460061+08	/sys_dict/dict/index/	127.0.0.1	2
3895dc48-03f2-4d97-b34e-d5eb127a5c71	t	2	2024-05-22 15:44:23.813861+08	2	2024-05-22 15:44:23.813861+08	/sys_dict/enum/add/65ae092b-8d39-4dcf-aaa0-1fff4fa5ad48	127.0.0.1	2
016080d7-03ec-4b8f-8169-7e62f1a7d842	t	2	2024-05-22 15:44:29.368123+08	2	2024-05-22 15:44:29.368123+08	/sys_dict/enum/add/65ae092b-8d39-4dcf-aaa0-1fff4fa5ad48	127.0.0.1	2
b8c9b96a-d84d-47e7-81cb-976a4d046884	t	2	2024-05-22 15:44:29.6015+08	2	2024-05-22 15:44:29.6015+08	/sys_dict/enum/add/65ae092b-8d39-4dcf-aaa0-1fff4fa5ad48	127.0.0.1	2
9e5b723f-7364-4909-a4c3-80313cd08d2a	t	2	2024-05-22 15:44:34.387727+08	2	2024-05-22 15:44:34.387727+08	/sys_dict/enum/add/65ae092b-8d39-4dcf-aaa0-1fff4fa5ad48	127.0.0.1	2
8086c6e5-c242-4b65-a9d0-ae485beb9890	t	2	2024-05-22 15:44:34.621103+08	2	2024-05-22 15:44:34.621103+08	/sys_dict/enum/add/65ae092b-8d39-4dcf-aaa0-1fff4fa5ad48	127.0.0.1	2
9f6d3dc0-0dae-471f-acf7-e2fb688582bd	t	2	2024-05-22 15:44:38.448924+08	2	2024-05-22 15:44:38.448924+08	/sys_dict/enum/edit/65ae092b-8d39-4dcf-aaa0-1fff4fa5ad48/582364c0-681d-43c2-8d5a-ec16e95fccbb	127.0.0.1	2
c3bd3312-2d64-4c4c-872c-644ee5c96319	t	2	2024-05-22 15:44:42.35067+08	2	2024-05-22 15:44:42.35067+08	/sys_dict/enum/edit/65ae092b-8d39-4dcf-aaa0-1fff4fa5ad48/582364c0-681d-43c2-8d5a-ec16e95fccbb	127.0.0.1	2
dd23bfc7-1722-41eb-bb50-f31aef4d32dd	t	2	2024-05-22 15:44:42.607771+08	2	2024-05-22 15:44:42.607771+08	/sys_dict/enum/edit/65ae092b-8d39-4dcf-aaa0-1fff4fa5ad48/582364c0-681d-43c2-8d5a-ec16e95fccbb	127.0.0.1	2
0df516f0-bd8b-4ce9-87e9-271c4c1d5192	t	2	2024-05-22 15:44:44.342213+08	2	2024-05-22 15:44:44.342213+08	/sys_dict/enum/add/65ae092b-8d39-4dcf-aaa0-1fff4fa5ad48	127.0.0.1	2
dfe9ddc5-64f3-491a-bd01-74f177bf220e	t	2	2024-05-22 15:44:53.084327+08	2	2024-05-22 15:44:53.084327+08	/sys_dict/enum/add/65ae092b-8d39-4dcf-aaa0-1fff4fa5ad48	127.0.0.1	2
33c16963-44a5-477d-bc65-5b08a9fe058e	t	2	2024-05-22 15:44:53.367568+08	2	2024-05-22 15:44:53.367568+08	/sys_dict/enum/add/65ae092b-8d39-4dcf-aaa0-1fff4fa5ad48	127.0.0.1	2
0c9d43cd-7f81-4412-b8d4-2fc1f73f1c61	t	2	2024-05-22 15:45:08.696117+08	2	2024-05-22 15:45:08.696117+08	/sys_dict/dict/index/	127.0.0.1	2
c0042958-55cb-4f08-99ab-9e443aa88e9d	t	2	2024-05-22 15:45:09.917222+08	2	2024-05-22 15:45:09.917222+08	/sys_dict/dict/add/	127.0.0.1	2
c4fb7399-c023-46c7-a434-68cbaa846f2c	t	2	2024-05-22 15:45:17.530933+08	2	2024-05-22 15:45:17.530933+08	/sys_dict/dict/add/	127.0.0.1	2
68d7c649-228c-416e-8c62-b29723fe83ce	t	2	2024-05-22 15:45:17.785257+08	2	2024-05-22 15:45:17.785257+08	/sys_dict/dict/index/	127.0.0.1	2
80b8c9df-11c7-4cc6-bcb7-dbfdace3eb1d	t	2	2024-05-22 15:45:23.252551+08	2	2024-05-22 15:45:23.252551+08	/sys_dict/dict/add/	127.0.0.1	2
8e51cf66-8724-42a3-b085-51816aba763a	t	2	2024-05-22 15:45:30.17936+08	2	2024-05-22 15:45:30.17936+08	/sys_dict/dict/add/	127.0.0.1	2
0e43bbfa-8e56-4f47-b1e8-6cdcf946faff	t	2	2024-05-22 15:45:30.453554+08	2	2024-05-22 15:45:30.453554+08	/sys_dict/dict/index/	127.0.0.1	2
53883500-2671-4a6a-935a-19d490444da6	t	2	2024-05-22 15:45:32.747948+08	2	2024-05-22 15:45:32.747948+08	/sys_dict/enum/add/ba205b44-2c5d-4e7b-967a-b2041d2de153	127.0.0.1	2
f9165d54-62d5-474c-b023-7242fee6117d	t	2	2024-05-22 15:45:51.15297+08	2	2024-05-22 15:45:51.15297+08	/sys_dict/enum/add/ba205b44-2c5d-4e7b-967a-b2041d2de153	127.0.0.1	2
2bf40fc8-0cac-485f-aa18-75ff3837e6e5	t	2	2024-05-22 15:45:51.433962+08	2	2024-05-22 15:45:51.433962+08	/sys_dict/enum/add/ba205b44-2c5d-4e7b-967a-b2041d2de153	127.0.0.1	2
82a3d7a7-20ed-4437-841d-ea87f655a88c	t	2	2024-05-22 15:45:59.880029+08	2	2024-05-22 15:45:59.880029+08	/sys_dict/enum/add/ba205b44-2c5d-4e7b-967a-b2041d2de153	127.0.0.1	2
cfb42077-7635-48ae-b801-fd01fd125a90	t	2	2024-05-22 15:46:00.13036+08	2	2024-05-22 15:46:00.13036+08	/sys_dict/enum/add/ba205b44-2c5d-4e7b-967a-b2041d2de153	127.0.0.1	2
932ab2dd-19ba-4a4b-952d-eeaf02d0ecea	t	2	2024-05-22 15:46:02.701833+08	2	2024-05-22 15:46:02.701833+08	/sys_dict/enum/edit/ba205b44-2c5d-4e7b-967a-b2041d2de153/13bcc570-b229-470b-9b81-a25b7ec0fb93	127.0.0.1	2
1b3b73d5-9619-4000-a761-f25742cd6ac7	t	2	2024-05-22 15:46:07.325669+08	2	2024-05-22 15:46:07.325669+08	/sys_dict/enum/edit/ba205b44-2c5d-4e7b-967a-b2041d2de153/13bcc570-b229-470b-9b81-a25b7ec0fb93	127.0.0.1	2
e957bad5-b740-44f6-8358-cebec969bf47	t	2	2024-05-22 15:46:07.59395+08	2	2024-05-22 15:46:07.59395+08	/sys_dict/enum/edit/ba205b44-2c5d-4e7b-967a-b2041d2de153/13bcc570-b229-470b-9b81-a25b7ec0fb93	127.0.0.1	2
0dbd6f5c-e065-4688-bf13-6b54af7f6d75	t	2	2024-05-22 15:46:10.187699+08	2	2024-05-22 15:46:10.187699+08	/sys_dict/enum/add/ba205b44-2c5d-4e7b-967a-b2041d2de153	127.0.0.1	2
db141317-514d-45d2-95f3-383738be8a9a	t	2	2024-05-22 15:46:22.257303+08	2	2024-05-22 15:46:22.257303+08	/sys_dict/enum/add/ba205b44-2c5d-4e7b-967a-b2041d2de153	127.0.0.1	2
71e03d58-b15d-4d72-be5f-a30072603de4	t	2	2024-05-22 15:46:22.517083+08	2	2024-05-22 15:46:22.517083+08	/sys_dict/enum/add/ba205b44-2c5d-4e7b-967a-b2041d2de153	127.0.0.1	2
f2442c81-b7a3-40e7-b178-1c1ea4ba6edf	t	2	2024-05-22 15:46:33.364216+08	2	2024-05-22 15:46:33.364216+08	/sys_dict/enum/add/ba205b44-2c5d-4e7b-967a-b2041d2de153	127.0.0.1	2
ac7dc957-0a3b-4461-98e2-559e3200f788	t	2	2024-05-22 15:46:33.616507+08	2	2024-05-22 15:46:33.616507+08	/sys_dict/enum/add/ba205b44-2c5d-4e7b-967a-b2041d2de153	127.0.0.1	2
7343351d-0582-4509-982f-b254f5f09961	t	2	2024-05-22 15:46:41.635355+08	2	2024-05-22 15:46:41.635355+08	/sys_dict/dict/index/	127.0.0.1	2
9c77bd47-c058-4fd8-911b-c9642d1bdfed	t	2	2024-05-22 15:46:43.456761+08	2	2024-05-22 15:46:43.456761+08	/sys_dict/enum/add/c3c818b5-9245-4819-8f7a-e2f18718da4f	127.0.0.1	2
68f6a183-99df-4861-adc0-0d450e8fe628	t	2	2024-05-22 15:46:49.422016+08	2	2024-05-22 15:46:49.422016+08	/sys_dict/enum/add/c3c818b5-9245-4819-8f7a-e2f18718da4f	127.0.0.1	2
f1b9e0b6-d4e3-4086-81f0-86455db3e606	t	2	2024-05-22 15:46:49.709283+08	2	2024-05-22 15:46:49.709283+08	/sys_dict/enum/add/c3c818b5-9245-4819-8f7a-e2f18718da4f	127.0.0.1	2
5ee8f803-f949-45cc-833c-104710720a07	t	2	2024-05-22 15:46:57.242138+08	2	2024-05-22 15:46:57.242138+08	/sys_dict/enum/add/c3c818b5-9245-4819-8f7a-e2f18718da4f	127.0.0.1	2
d340a6ca-4aea-490d-996d-1e3408c3d414	t	2	2024-05-22 15:46:57.497192+08	2	2024-05-22 15:46:57.497192+08	/sys_dict/enum/add/c3c818b5-9245-4819-8f7a-e2f18718da4f	127.0.0.1	2
fe22835d-339e-43dd-a9f0-9a01bdad4303	t	2	2024-05-22 15:47:08.839079+08	2	2024-05-22 15:47:08.839079+08	/sys_dict/enum/add/c3c818b5-9245-4819-8f7a-e2f18718da4f	127.0.0.1	2
2c5a93bc-f186-4455-8051-1b05d7f3d38b	t	2	2024-05-22 15:47:09.076447+08	2	2024-05-22 15:47:09.076447+08	/sys_dict/enum/add/c3c818b5-9245-4819-8f7a-e2f18718da4f	127.0.0.1	2
7b936e27-f153-4398-8add-fb22f8293dfe	t	2	2024-05-22 15:47:13.361558+08	2	2024-05-22 15:47:13.361558+08	/pp_master/model_code/index/	127.0.0.1	2
62226db2-3144-4533-8b8d-2347cbbf7d59	t	2	2024-05-22 15:47:15.368222+08	2	2024-05-22 15:47:15.368222+08	/pp_master/model_code/add/	127.0.0.1	2
194c9006-b0bc-4e99-b3f5-4711d78a7360	t	2	2024-05-22 15:48:11.44028+08	2	2024-05-22 15:48:11.44028+08	/pp_master/model_code/index/	127.0.0.1	2
78b483a5-2fc2-4126-a236-9048c5b8e149	t	2	2024-05-22 15:48:12.631304+08	2	2024-05-22 15:48:12.631304+08	/pp_master/model_code/add/	127.0.0.1	2
495c6ff4-72aa-4222-bd82-750eec987058	t	2	2024-05-22 15:48:23.990139+08	2	2024-05-22 15:48:23.990139+08	/pp_master/machine_code/get/6c0fede4-5e42-43e4-bada-c60d790aff6b	127.0.0.1	2
08b983b2-95d6-4928-b21a-425db5b7a025	t	2	2024-05-22 15:54:25.956851+08	2	2024-05-22 15:54:25.956851+08	/pp_master/model_code/add/	127.0.0.1	2
f3a2b833-79e0-4bac-830f-35c3ea10c7bd	t	2	2024-05-22 15:54:26.257619+08	2	2024-05-22 15:54:26.257619+08	/pp_master/model_code/index/	127.0.0.1	2
a845b7e8-7bb1-4dbe-815c-a902da078340	t	2	2024-05-22 15:54:39.947803+08	2	2024-05-22 15:54:39.947803+08	/pp_master/model_code/add/	127.0.0.1	2
6725c692-4aa9-4245-935d-8f0008b10bbe	t	2	2024-05-22 15:54:42.068612+08	2	2024-05-22 15:54:42.068612+08	/pp_master/machine_code/get/6c0fede4-5e42-43e4-bada-c60d790aff6b	127.0.0.1	2
04bed157-c608-4b15-90b9-7963969a373e	t	2	2024-05-22 15:54:55.957986+08	2	2024-05-22 15:54:55.957986+08	/pp_master/model_code/add/	127.0.0.1	2
a4cdbf8a-533f-451d-a274-a4884c6898d6	t	2	2024-05-22 15:54:56.253667+08	2	2024-05-22 15:54:56.253667+08	/pp_master/model_code/index/	127.0.0.1	2
50903335-e449-435a-b244-9220a06e3325	t	2	2024-05-22 15:55:08.911601+08	2	2024-05-22 15:55:08.911601+08	/pp_master/model_code/add/	127.0.0.1	2
072fbf0c-c15e-4393-89a4-48e6ad30933d	t	2	2024-05-24 16:15:31.729229+08	2	2024-05-24 16:15:31.729229+08	/index/	127.0.0.1	2
0edd9fa5-2d9a-4d25-8da3-9c74ef917dcf	t	2	2024-05-22 15:55:10.580792+08	2	2024-05-22 15:55:10.580792+08	/pp_master/machine_code/get/6c0fede4-5e42-43e4-bada-c60d790aff6b	127.0.0.1	2
c5284f4a-a1ca-4d30-8613-fef222879f6c	t	2	2024-05-22 15:55:21.756042+08	2	2024-05-22 15:55:21.756042+08	/pp_master/model_code/add/	127.0.0.1	2
01532753-45d2-4f7d-a00f-e40cd9598544	t	2	2024-05-22 15:55:22.120276+08	2	2024-05-22 15:55:22.120276+08	/pp_master/model_code/index/	127.0.0.1	2
47134982-c36d-4123-b987-8d0051ea839b	t	2	2024-05-22 15:55:23.374127+08	2	2024-05-22 15:55:23.374127+08	/pp_master/model_code/add/	127.0.0.1	2
20601eff-3c58-479d-8dbd-a8d00304a2b9	t	2	2024-05-22 15:55:33.899941+08	2	2024-05-22 15:55:33.899941+08	/pp_master/machine_code/get/6c0fede4-5e42-43e4-bada-c60d790aff6b	127.0.0.1	2
a4c2c6c3-6668-4141-9e55-492ddfbc420d	t	2	2024-05-22 15:55:44.936907+08	2	2024-05-22 15:55:44.936907+08	/pp_master/model_code/add/	127.0.0.1	2
4c7ae622-a200-4b34-bcb4-bfdea1a6f5aa	t	2	2024-05-22 15:55:45.26503+08	2	2024-05-22 15:55:45.26503+08	/pp_master/model_code/index/	127.0.0.1	2
5800d7f0-6d54-44e9-8b51-c11b0ed7253a	t	2	2024-05-22 15:56:53.084951+08	2	2024-05-22 15:56:53.084951+08	/pp_master/model_code/add/	127.0.0.1	2
638f0bdd-1576-4dad-9064-1df9f3a1ed58	t	2	2024-05-22 15:56:54.107389+08	2	2024-05-22 15:56:54.107389+08	/pp_master/model_code/index/	127.0.0.1	2
9dc9ee01-4930-421c-b1ce-3e8718a3b59b	t	2	2024-05-22 16:07:44.081699+08	2	2024-05-22 16:07:44.081699+08	/pp_master/model_code/add/	127.0.0.1	2
a5ec3ad4-d1da-4a39-96f2-950a082bbe91	t	2	2024-05-22 16:07:45.37779+08	2	2024-05-22 16:07:45.37779+08	/pp_master/model_code/index/	127.0.0.1	2
fff99011-40c9-44e8-bb70-7f57825bea0f	t	2	2024-05-22 16:08:33.674787+08	2	2024-05-22 16:08:33.674787+08	/pp_master/model_code/add/	127.0.0.1	2
6d12d6dc-a8de-4fc2-b85b-327cc159d9da	t	2	2024-05-22 16:08:35.037599+08	2	2024-05-22 16:08:35.037599+08	/pp_master/model_code/index/	127.0.0.1	2
ac66671a-36bd-438b-8b3b-41a054af3a2f	t	2	2024-05-22 16:08:56.779209+08	2	2024-05-22 16:08:56.779209+08	/pp_master/model_code/add/	127.0.0.1	2
80a921c4-ca85-49b7-9a11-ccb10ad68f22	t	2	2024-05-22 16:08:57.830523+08	2	2024-05-22 16:08:57.830523+08	/pp_master/model_code/index/	127.0.0.1	2
f82cc109-cb85-4890-9f02-c2a1e5bf4e25	t	2	2024-05-22 16:09:10.617579+08	2	2024-05-22 16:09:10.617579+08	/pp_master/model_code/add/	127.0.0.1	2
63c8996c-0b7b-4f3f-9f30-1b72771c3609	t	2	2024-05-22 16:09:12.013761+08	2	2024-05-22 16:09:12.013761+08	/pp_master/model_code/index/	127.0.0.1	2
63908060-4de9-4a44-8047-dce08b03719c	t	2	2024-05-22 16:28:44.093186+08	2	2024-05-22 16:28:44.093186+08	/org_com/company/index/	127.0.0.1	2
0a28c9f6-b538-439d-b690-46316f25437f	t	2	2024-05-23 10:56:39.870145+08	2	2024-05-23 10:56:39.870145+08	/index/	127.0.0.1	2
ffb09692-494b-43e8-961e-841feb5f906b	t	2	2024-05-23 10:56:40.163604+08	2	2024-05-23 10:56:40.163604+08	/home/	127.0.0.1	2
db8343bd-9e77-4c26-9f44-b01f12a51c3b	t	2	2024-05-23 10:56:47.755951+08	2	2024-05-23 10:56:47.755951+08	/pp_master/model_code/index/	127.0.0.1	2
27f3ad3a-3b9a-4af1-8c86-bc4b2c10e148	t	2	2024-05-23 10:57:29.103865+08	2	2024-05-23 10:57:29.103865+08	/pp_master/option/basic/index/	127.0.0.1	2
23ef7170-71de-4a31-b8c8-b73b267d4835	t	2	2024-05-23 10:57:41.717997+08	2	2024-05-23 10:57:41.717997+08	/pp_master/machine_code/index/	127.0.0.1	2
8d2dfd40-1afc-4eff-b602-95e09e4e8b28	t	2	2024-05-23 10:57:52.081816+08	2	2024-05-23 10:57:52.081816+08	/pp_master/line/index/	127.0.0.1	2
637b0b78-fd1b-473f-9bf7-5acbdb2cf6f2	t	2	2024-05-23 10:57:56.569808+08	2	2024-05-23 10:57:56.569808+08	/pp_master/work_center/index/	127.0.0.1	2
6d871cc3-2207-4fc1-941e-dc140933d3bc	t	2	2024-05-23 14:31:25.303824+08	2	2024-05-23 14:31:25.303824+08	/index/	127.0.0.1	2
eb92bf20-9d66-4a44-8655-9500320884b1	t	2	2024-05-23 14:31:25.614138+08	2	2024-05-23 14:31:25.614138+08	/home/	127.0.0.1	2
abbdd291-3e29-4928-9c52-9fbbd3020845	t	2	2024-05-23 14:31:28.161662+08	2	2024-05-23 14:31:28.161662+08	/sys_auth/menu/index/	127.0.0.1	2
2d9ad341-0d41-4118-896b-252396303281	t	2	2024-05-23 14:31:30.409387+08	2	2024-05-23 14:31:30.409387+08	/sys_auth/menu/add/	127.0.0.1	2
fd8ea7bc-10f1-4dde-8c0a-b32cad0d4ada	t	2	2024-05-23 14:34:44.070938+08	2	2024-05-23 14:34:44.070938+08	/sys_auth/menu/add/	127.0.0.1	2
98e7c378-16d1-4735-927b-9c4890b3103c	t	2	2024-05-23 14:34:44.28455+08	2	2024-05-23 14:34:44.28455+08	/sys_auth/menu/index/	127.0.0.1	2
c9358686-2ad7-4480-b199-30f53b451062	t	2	2024-05-23 14:34:49.342349+08	2	2024-05-23 14:34:49.342349+08	/sys_auth/menu/edit/37e84859-62dc-4af5-a4a7-426651d55133	127.0.0.1	2
a65c8e23-9930-47e1-9d7d-4fb55933ffcb	t	2	2024-05-23 14:35:48.401808+08	2	2024-05-23 14:35:48.401808+08	/sys_auth/menu/index/	127.0.0.1	2
85e4ea45-0f3a-4af6-addd-5d940d0bebb7	t	2	2024-05-23 14:35:50.835589+08	2	2024-05-23 14:35:50.835589+08	/sys_auth/menu/edit/91bc865c-7004-4d14-bd1e-740057c9eeb7	127.0.0.1	2
2ccb4286-df47-4566-979e-ca8045fb3610	t	2	2024-05-23 14:35:53.887054+08	2	2024-05-23 14:35:53.887054+08	/sys_auth/menu/edit/91bc865c-7004-4d14-bd1e-740057c9eeb7	127.0.0.1	2
ef81f7d6-355a-44a2-b1eb-9638f00bd13e	t	2	2024-05-23 14:35:54.079898+08	2	2024-05-23 14:35:54.079898+08	/sys_auth/menu/index/	127.0.0.1	2
feeeab2b-6847-4e42-8c5a-3dbcd7be7958	t	2	2024-05-23 14:35:59.842167+08	2	2024-05-23 14:35:59.842167+08	/sys_auth/menu/edit/37e84859-62dc-4af5-a4a7-426651d55133	127.0.0.1	2
ec5e8a07-3032-4e29-860e-7d83024efce7	t	2	2024-05-23 14:36:02.50759+08	2	2024-05-23 14:36:02.50759+08	/sys_auth/menu/edit/37e84859-62dc-4af5-a4a7-426651d55133	127.0.0.1	2
82e617b2-c9b4-4719-993f-5b12438236dc	t	2	2024-05-23 14:36:02.706417+08	2	2024-05-23 14:36:02.706417+08	/sys_auth/menu/index/	127.0.0.1	2
cba64958-ad93-4457-962f-c84aec7fbfd6	t	2	2024-05-23 14:36:05.826607+08	2	2024-05-23 14:36:05.826607+08	/index/	127.0.0.1	2
49c2c5dd-cc63-4452-ba20-c8e76cc4d9c5	t	2	2024-05-23 14:36:06.113953+08	2	2024-05-23 14:36:06.113953+08	/home/	127.0.0.1	2
d4eadb3c-7297-414b-87ce-1d5d45002511	t	1	2024-05-23 14:36:19.073618+08	1	2024-05-23 14:36:19.073618+08	/index/	127.0.0.1	1
6f84232c-de11-4f7d-9a9f-fa7bba61a8b7	t	1	2024-05-23 14:36:19.295825+08	1	2024-05-23 14:36:19.295825+08	/home/	127.0.0.1	1
a8082b03-20b4-41d1-8d07-10efea659b8a	t	1	2024-05-23 14:36:30.914787+08	1	2024-05-23 14:36:30.914787+08	/sys_auth/role/index/	127.0.0.1	1
0b00ae7e-f2b5-491f-9182-ece83652b1c4	t	1	2024-05-23 14:36:32.699317+08	1	2024-05-23 14:36:32.699317+08	/sys_auth/role/menus/f87bde32-ea25-419a-858d-d6d50dbc94cd	127.0.0.1	1
70c86975-bad5-428d-a420-4c1544944578	t	1	2024-05-23 14:36:35.740082+08	1	2024-05-23 14:36:35.740082+08	/sys_auth/role/auth/f87bde32-ea25-419a-858d-d6d50dbc94cd	127.0.0.1	1
f478e33c-f029-4e91-aee7-3acd228af8b0	t	2	2024-05-23 14:36:46.612907+08	2	2024-05-23 14:36:46.612907+08	/index/	127.0.0.1	2
0f4f9162-258d-4f0e-aafe-7e992c9291af	t	2	2024-05-23 14:36:46.8772+08	2	2024-05-23 14:36:46.8772+08	/home/	127.0.0.1	2
83488896-f5b5-432d-92c5-79e9f6f84ecf	t	2	2024-05-23 14:36:52.128899+08	2	2024-05-23 14:36:52.128899+08	/pp_master/option/code/index/	127.0.0.1	2
e114cd7b-aeac-4fea-9599-005ad16c5822	t	2	2024-05-23 14:37:46.477864+08	2	2024-05-23 14:37:46.477864+08	/index/	127.0.0.1	2
2d468fff-85b7-4cf3-876d-111bcd4a4125	t	2	2024-05-23 14:37:46.727538+08	2	2024-05-23 14:37:46.727538+08	/home/	127.0.0.1	2
1ad28e1a-9cc6-43ab-8a80-2751220b4eff	t	2	2024-05-23 14:37:49.307566+08	2	2024-05-23 14:37:49.307566+08	/pp_master/option/code/index/	127.0.0.1	2
a05a8c8c-3c50-4394-a319-5d89dbfa7cfc	t	2	2024-05-23 14:38:44.560793+08	2	2024-05-23 14:38:44.560793+08	/index/	127.0.0.1	2
27c868cd-af8f-48e0-9a53-7c2616f2382f	t	2	2024-05-23 14:38:44.851018+08	2	2024-05-23 14:38:44.851018+08	/home/	127.0.0.1	2
c028e8ec-40de-49db-8329-6c16d755f848	t	2	2024-05-23 14:38:45.864778+08	2	2024-05-23 14:38:45.864778+08	/pp_master/option/code/index/	127.0.0.1	2
cbb4cd48-7975-4d8d-8ee4-08ac9dd6d312	t	2	2024-05-23 14:38:59.755709+08	2	2024-05-23 14:38:59.755709+08	/index/	127.0.0.1	2
370abfaa-89eb-4578-8f1c-c4bece95238b	t	2	2024-05-23 14:39:00.02218+08	2	2024-05-23 14:39:00.02218+08	/home/	127.0.0.1	2
8eb16cf6-fce1-4151-855a-0d976c8b1979	t	2	2024-05-23 14:39:00.954099+08	2	2024-05-23 14:39:00.954099+08	/pp_master/option/code/index/	127.0.0.1	2
65b6ee97-e47a-40a4-9748-be330249f539	t	2	2024-05-23 14:39:22.017351+08	2	2024-05-23 14:39:22.017351+08	/index/	127.0.0.1	2
166cf5d6-7341-4956-986c-48b3f78b7259	t	2	2024-05-23 14:39:22.280211+08	2	2024-05-23 14:39:22.280211+08	/home/	127.0.0.1	2
962b4b55-7e51-4d8d-aebd-e86006148256	t	2	2024-05-23 14:39:23.473977+08	2	2024-05-23 14:39:23.473977+08	/pp_master/option/code/index/	127.0.0.1	2
78aadc9d-e591-418a-9de6-27eac664f0d0	t	2	2024-05-23 14:46:37.988522+08	2	2024-05-23 14:46:37.988522+08	/pp_master/option/basic/index/	127.0.0.1	2
8bf41631-7c47-4f7c-8828-5aa4b3ddee1f	t	2	2024-05-23 14:46:38.824292+08	2	2024-05-23 14:46:38.824292+08	/pp_master/option/basic/add/	127.0.0.1	2
86e952df-ba5d-486a-866d-c100b03d7772	t	2	2024-05-23 14:49:41.041467+08	2	2024-05-23 14:49:41.041467+08	/pp_master/option/basic/index/	127.0.0.1	2
9a4e5614-e46f-4187-a061-2cbf64f480f6	t	2	2024-05-23 14:49:56.2851+08	2	2024-05-23 14:49:56.286097+08	/pp_master/option/code/index/	127.0.0.1	2
565f73a4-e890-4431-8bb7-d13265d1e76b	t	2	2024-05-23 15:17:36.250657+08	2	2024-05-23 15:17:36.250657+08	/index/	127.0.0.1	2
37f1b4fe-62ea-4657-83bb-297095052802	t	2	2024-05-23 15:17:36.511967+08	2	2024-05-23 15:17:36.511967+08	/home/	127.0.0.1	2
09643da0-db88-4166-bd1f-af81832b897e	t	2	2024-05-23 15:17:38.938453+08	2	2024-05-23 15:17:38.938453+08	/pp_master/option/code/index/	127.0.0.1	2
2db8f8b5-2cc0-4349-ad0f-0a3bf66e38b3	t	2	2024-05-23 15:18:59.692887+08	2	2024-05-23 15:18:59.692887+08	/pp_master/option/basic/index/	127.0.0.1	2
ea13219a-0723-4fe0-8b00-cc7d8350b4d9	t	2	2024-05-23 15:19:05.066921+08	2	2024-05-23 15:19:05.066921+08	/pp_master/option/code/index/	127.0.0.1	2
6010e314-2a86-42ac-b560-2e4dd62e57a2	t	2	2024-05-23 15:19:05.963267+08	2	2024-05-23 15:19:05.963267+08	/pp_master/option/code/add/	127.0.0.1	2
3b8e37f7-e039-40d5-bff6-b2af5ad76964	t	2	2024-05-23 15:19:56.682238+08	2	2024-05-23 15:19:56.682238+08	/index/	127.0.0.1	2
8115936f-1e23-4170-ad14-8b1f59e604f6	t	2	2024-05-23 15:19:56.988275+08	2	2024-05-23 15:19:56.988275+08	/home/	127.0.0.1	2
7806e2b9-27e8-4a16-8692-7b52194a50cd	t	2	2024-05-23 15:19:58.195282+08	2	2024-05-23 15:19:58.195282+08	/pp_master/option/code/index/	127.0.0.1	2
42540325-474a-4c0e-b9c1-4b412b2eeff1	t	2	2024-05-23 15:19:59.802446+08	2	2024-05-23 15:19:59.802446+08	/pp_master/option/code/add/	127.0.0.1	2
6081a413-9972-45a5-9966-8917f3a110e9	t	2	2024-05-23 15:20:01.078568+08	2	2024-05-23 15:20:01.078568+08	/pp_master/option/code/index/	127.0.0.1	2
d3bf9fac-21cc-42e5-a6ca-2274020977d2	t	2	2024-05-23 15:20:01.844896+08	2	2024-05-23 15:20:01.844896+08	/pp_master/option/code/add/	127.0.0.1	2
3e6fed2a-1a60-4e74-80ee-05e3bb0e0d56	t	2	2024-05-23 15:20:17.075646+08	2	2024-05-23 15:20:17.075646+08	/index/	127.0.0.1	2
05ff0646-f906-439d-a6b9-697999bc37dd	t	2	2024-05-23 15:20:17.340462+08	2	2024-05-23 15:20:17.340462+08	/home/	127.0.0.1	2
d0da0916-6595-4a15-92ab-04565e57f1d7	t	2	2024-05-23 15:20:18.380335+08	2	2024-05-23 15:20:18.380335+08	/pp_master/option/code/index/	127.0.0.1	2
c9160ae9-eba6-49df-a5c6-eb1fa97a6ec5	t	2	2024-05-23 15:20:19.951926+08	2	2024-05-23 15:20:19.951926+08	/pp_master/option/code/add/	127.0.0.1	2
dd884941-ad7a-4586-be81-caf09e61a2b7	t	2	2024-05-23 15:20:39.65207+08	2	2024-05-23 15:20:39.65207+08	/index/	127.0.0.1	2
7a85d651-e61b-4be9-9488-e2f27d183dfd	t	2	2024-05-23 15:20:39.945129+08	2	2024-05-23 15:20:39.945129+08	/home/	127.0.0.1	2
1a096bfa-7312-457e-87f6-62ac28e3fc7c	t	2	2024-05-23 15:20:41.514013+08	2	2024-05-23 15:20:41.514013+08	/pp_master/option/code/index/	127.0.0.1	2
f313c121-5172-4c54-93a0-7d1e015d4d21	t	2	2024-05-23 15:20:42.962546+08	2	2024-05-23 15:20:42.962546+08	/pp_master/option/code/add/	127.0.0.1	2
812da564-6bd1-423e-8fa7-ee70d39ea87e	t	2	2024-05-23 15:20:46.329811+08	2	2024-05-23 15:20:46.329811+08	/pp_master/option/code/index/	127.0.0.1	2
dcfa2751-9029-46f6-a1c7-719463bb8dfa	t	2	2024-05-23 15:21:01.358147+08	2	2024-05-23 15:21:01.358147+08	/pp_master/option/code/add/	127.0.0.1	2
8f1eb220-44e6-45e8-847a-ff64b61b7e19	t	2	2024-05-23 15:21:18.950181+08	2	2024-05-23 15:21:18.950181+08	/pp_master/option/code/index/	127.0.0.1	2
c7fb8889-bc47-49d3-8dfb-bb2992be42c4	t	2	2024-05-23 15:21:19.69644+08	2	2024-05-23 15:21:19.69644+08	/pp_master/option/code/add/	127.0.0.1	2
6fc59ee5-32b2-43af-88af-6349755066d7	t	2	2024-05-23 15:21:46.628792+08	2	2024-05-23 15:21:46.628792+08	/pp_master/option/code/index/	127.0.0.1	2
0ea213d1-80bc-47ba-a54d-bb7f54783d71	t	2	2024-05-23 15:21:47.599089+08	2	2024-05-23 15:21:47.599089+08	/pp_master/option/code/add/	127.0.0.1	2
b5e8a82f-2b82-4702-8651-0885713a6010	t	2	2024-05-23 15:27:33.600069+08	2	2024-05-23 15:27:33.600069+08	/pp_master/option/code/index/	127.0.0.1	2
d2d7998c-3b0b-4b38-8884-7f4072e84bb2	t	2	2024-05-23 15:27:35.446844+08	2	2024-05-23 15:27:35.446844+08	/pp_master/option/code/add/	127.0.0.1	2
2259620c-63a5-4a54-9bb4-1abd10ef33d5	t	2	2024-05-23 15:30:09.351912+08	2	2024-05-23 15:30:09.351912+08	/pp_master/option/code/add/	127.0.0.1	2
c95f1130-a131-4807-893d-0603f5eb22f7	t	2	2024-05-23 15:30:15.436449+08	2	2024-05-23 15:30:15.436449+08	/pp_master/option/code/index/	127.0.0.1	2
976e22d5-ddaf-481e-a00f-59c5d0b13d8c	t	2	2024-05-23 15:30:51.796871+08	2	2024-05-23 15:30:51.796871+08	/pp_master/option/code/add/	127.0.0.1	2
8c1c69f3-9d83-4753-b374-60dac0a702df	t	2	2024-05-23 15:31:17.024182+08	2	2024-05-23 15:31:17.024182+08	/pp_master/option/code/add/	127.0.0.1	2
7fb9d0b0-f840-478a-8f2d-24e7576619b6	t	2	2024-05-23 15:36:21.16224+08	2	2024-05-23 15:36:21.16224+08	/index/	127.0.0.1	2
3a01f1ce-8628-4058-a324-606d15813e2d	t	2	2024-05-23 15:36:21.427209+08	2	2024-05-23 15:36:21.427209+08	/home/	127.0.0.1	2
a114961b-8c1c-4f35-84b6-6d4d57ef8347	t	2	2024-05-23 15:36:24.596553+08	2	2024-05-23 15:36:24.596553+08	/pp_master/option/code/index/	127.0.0.1	2
db270e79-e885-4408-8e11-330c593612a1	t	2	2024-05-23 15:36:25.384107+08	2	2024-05-23 15:36:25.384107+08	/pp_master/option/code/add/	127.0.0.1	2
ae7bea50-32f7-4bca-a788-6fa590ca8bc1	t	2	2024-05-23 15:36:55.65186+08	2	2024-05-23 15:36:55.65186+08	/pp_master/option/code/add/	127.0.0.1	2
15b73705-87cc-4294-b302-d74bd5e86a28	t	2	2024-05-23 15:39:24.927412+08	2	2024-05-23 15:39:24.927412+08	/pp_master/option/code/index/	127.0.0.1	2
c9b2deea-819a-4192-a8fe-4f9cff0210eb	t	2	2024-05-23 15:39:25.813798+08	2	2024-05-23 15:39:25.813798+08	/pp_master/option/code/add/	127.0.0.1	2
439fe776-1f5e-4aa2-9894-395f839078d5	t	2	2024-05-23 15:39:51.276441+08	2	2024-05-23 15:39:51.276441+08	/pp_master/option/code/add/	127.0.0.1	2
23f8874d-5069-4118-ba8c-c103fbedc38a	t	2	2024-05-23 15:41:39.31817+08	2	2024-05-23 15:41:39.31817+08	/pp_master/option/code/index/	127.0.0.1	2
97c7f655-3d66-4a45-a222-6ddc325edd5f	t	2	2024-05-23 15:41:40.708493+08	2	2024-05-23 15:41:40.708493+08	/pp_master/option/code/add/	127.0.0.1	2
5d5f2177-acf3-429e-a059-a4f82c80580e	t	2	2024-05-23 15:41:59.639636+08	2	2024-05-23 15:41:59.639636+08	/pp_master/option/code/add/	127.0.0.1	2
4c7c0458-001b-4380-a484-0d02a1b574e6	t	2	2024-05-23 15:43:47.640322+08	2	2024-05-23 15:43:47.640322+08	/pp_master/option/code/index/	127.0.0.1	2
dd6dac75-966d-4d90-8685-f2cbcc1ee92a	t	2	2024-05-23 15:43:49.148494+08	2	2024-05-23 15:43:49.148494+08	/pp_master/option/code/add/	127.0.0.1	2
fc6e6eff-b284-4b29-b3d6-7e64f75ff4dd	t	2	2024-05-23 15:44:06.619292+08	2	2024-05-23 15:44:06.619292+08	/pp_master/option/code/add/	127.0.0.1	2
08d44a22-2128-4b96-b52e-ef3b24af03ce	t	2	2024-05-23 15:44:51.055837+08	2	2024-05-23 15:44:51.055837+08	/pp_master/option/code/index/	127.0.0.1	2
074aeb3d-d5a5-4942-9ee4-c9727f90878f	t	2	2024-05-23 15:44:52.084169+08	2	2024-05-23 15:44:52.084169+08	/pp_master/option/code/add/	127.0.0.1	2
ec1335b4-7237-41d0-bb57-4f82a5e6a0de	t	2	2024-05-23 15:45:10.675495+08	2	2024-05-23 15:45:10.675495+08	/pp_master/option/code/add/	127.0.0.1	2
6c11f644-236c-438e-92d8-5b3116fc4b68	t	2	2024-05-23 15:48:01.816421+08	2	2024-05-23 15:48:01.816421+08	/pp_master/option/code/index/	127.0.0.1	2
569925e6-7c21-4a3b-a6fc-596ad9d261aa	t	2	2024-05-23 15:48:02.561451+08	2	2024-05-23 15:48:02.561451+08	/pp_master/option/code/add/	127.0.0.1	2
247d6898-7e4e-4177-b2d6-f3b71863abbf	t	2	2024-05-23 15:48:21.565837+08	2	2024-05-23 15:48:21.565837+08	/pp_master/option/code/add/	127.0.0.1	2
698dab69-ff91-4bf1-b4b0-90af007fb09a	t	2	2024-05-23 15:49:53.304906+08	2	2024-05-23 15:49:53.304906+08	/pp_master/option/code/add/	127.0.0.1	2
a093d95b-415a-4fd5-b0a2-7fa4905a3799	t	2	2024-05-23 15:49:56.373989+08	2	2024-05-23 15:49:56.373989+08	/favicon.ico	127.0.0.1	2
300177d0-61b5-48be-8540-87d758802096	t	2	2024-05-23 15:50:41.26804+08	2	2024-05-23 15:50:41.26804+08	/pp_master/option/code/add/	127.0.0.1	2
4bec0926-f6a7-48d0-81af-25ddfc214684	t	2	2024-05-23 15:51:09.586785+08	2	2024-05-23 15:51:09.586785+08	/pp_master/option/code/add/	127.0.0.1	2
ea3133da-69a0-400f-bc8a-624c81a3fcd3	t	2	2024-05-23 15:51:49.937909+08	2	2024-05-23 15:51:49.937909+08	/pp_master/option/code/add/	127.0.0.1	2
67aed54f-bfdc-413a-ad21-905c0ca0022c	t	2	2024-05-23 15:53:11.711657+08	2	2024-05-23 15:53:11.711657+08	/pp_master/option/code/add/	127.0.0.1	2
0bba489d-7c08-41bd-a89d-7f7d501c7cf4	t	2	2024-05-23 15:56:56.827919+08	2	2024-05-23 15:56:56.827919+08	/pp_master/option/code/add/	127.0.0.1	2
3e7656f5-2968-48f7-b349-2024f00465c6	t	2	2024-05-23 15:58:14.370127+08	2	2024-05-23 15:58:14.370127+08	/pp_master/option/code/add/	127.0.0.1	2
c436cf9e-7a53-4769-8891-7e2eb47bc6c9	t	2	2024-05-23 15:58:35.516651+08	2	2024-05-23 15:58:35.516651+08	/pp_master/option/code/add/	127.0.0.1	2
437c3b45-b5ef-44ad-b3b3-4678dbcf8ac4	t	2	2024-05-23 16:00:28.470107+08	2	2024-05-23 16:00:28.470107+08	/pp_master/option/code/add/	127.0.0.1	2
72a72856-cac1-4ee1-9d6c-362eaff694eb	t	2	2024-05-23 16:00:47.19377+08	2	2024-05-23 16:00:47.19377+08	/pp_master/option/code/add/	127.0.0.1	2
c0dc1399-c508-46cd-8054-55b4c5e77012	t	2	2024-05-23 16:00:47.841387+08	2	2024-05-23 16:00:47.841387+08	/pp_master/option/code/index/	127.0.0.1	2
ef4452ca-862e-4497-a1b2-ffe7ecfa37b2	t	2	2024-05-23 16:01:48.04218+08	2	2024-05-23 16:01:48.04218+08	/pp_master/option/code/index/	127.0.0.1	2
1885a947-6555-4614-8e1a-c3c798e94073	t	2	2024-05-23 16:05:24.797951+08	2	2024-05-23 16:05:24.797951+08	/index/	127.0.0.1	2
5350908e-a4d8-4be9-a95d-52297acc6fdd	t	2	2024-05-23 16:05:25.077888+08	2	2024-05-23 16:05:25.077888+08	/home/	127.0.0.1	2
f8b47c59-fe4d-4578-8b1c-ba9bb5baaac6	t	2	2024-05-23 16:05:26.27575+08	2	2024-05-23 16:05:26.27575+08	/pp_master/option/basic/index/	127.0.0.1	2
62952c9d-2e13-4149-a07b-2c54c890e47f	t	2	2024-05-23 16:05:31.885871+08	2	2024-05-23 16:05:31.885871+08	/pp_master/option/code/index/	127.0.0.1	2
1c675e32-dc3c-4d29-9257-e09d4ba826b6	t	2	2024-05-23 16:16:22.315991+08	2	2024-05-23 16:16:22.315991+08	/pp_master/option/code/add/	127.0.0.1	2
58173546-87bf-4604-a446-a126e3d93ad1	t	2	2024-05-24 16:15:32.020452+08	2	2024-05-24 16:15:32.020452+08	/home/	127.0.0.1	2
73601048-399d-47b0-998d-462db11d6c39	t	2	2024-05-23 16:16:36.83684+08	2	2024-05-23 16:16:36.837835+08	/pp_master/option/code/add/	127.0.0.1	2
6b84fdae-9099-4ade-ab35-8fef2ab9031a	t	2	2024-05-23 16:17:20.990341+08	2	2024-05-23 16:17:20.990341+08	/pp_master/option/code/index/	127.0.0.1	2
1b0b3993-7cb2-424e-8ba2-8504a1be780f	t	2	2024-05-23 16:17:21.705282+08	2	2024-05-23 16:17:21.705282+08	/pp_master/option/code/add/	127.0.0.1	2
591e0225-605b-4f72-8489-09d20d0e0168	t	2	2024-05-23 16:17:30.788684+08	2	2024-05-23 16:17:30.788684+08	/pp_master/option/code/add/	127.0.0.1	2
a4b17f1b-673d-4b98-a048-7e44a3ba3f69	t	2	2024-05-23 16:17:56.965266+08	2	2024-05-23 16:17:56.965266+08	/pp_master/option/code/add/	127.0.0.1	2
669166a6-499b-4bf7-9de3-63273b10023e	t	2	2024-05-23 16:17:57.178262+08	2	2024-05-23 16:17:57.178262+08	/pp_master/option/code/index/	127.0.0.1	2
389cffb9-7966-4698-a6ee-067d9ff5764c	t	2	2024-05-23 16:21:57.159051+08	2	2024-05-23 16:21:57.159051+08	/pp_master/option/code/index/	127.0.0.1	2
471501a6-af30-408d-9bfa-fffd337d6b08	t	2	2024-05-23 16:21:58.067414+08	2	2024-05-23 16:21:58.067414+08	/pp_master/option/code/edit/bbd16531-f16e-4dc7-a921-800bf0a88143/	127.0.0.1	2
064b8a13-99e3-40f4-8f71-7b9a1ccb2204	t	2	2024-05-23 16:22:04.724308+08	2	2024-05-23 16:22:04.724308+08	/pp_master/option/code/index/	127.0.0.1	2
44208887-df53-4554-b5e0-868ea7e5dd6f	t	2	2024-05-23 16:22:07.981419+08	2	2024-05-23 16:22:07.981419+08	/pp_master/option/code/edit/15398ca8-259b-4ef1-91d0-ba81e53749fa/	127.0.0.1	2
217a7a14-8893-4084-bb73-a6f1e45789da	t	2	2024-05-23 16:22:11.41413+08	2	2024-05-23 16:22:11.415096+08	/pp_master/option/code/index/	127.0.0.1	2
ab4d2739-b59c-4b09-945b-dc01d5a4e2bf	t	2	2024-05-23 16:26:45.818437+08	2	2024-05-23 16:26:45.818437+08	/pp_master/option/code/edit/15398ca8-259b-4ef1-91d0-ba81e53749fa/	127.0.0.1	2
bed686f1-68a2-4558-a0ca-5ad9c157cc55	t	2	2024-05-23 16:26:51.266671+08	2	2024-05-23 16:26:51.266671+08	/pp_master/option/code/edit/15398ca8-259b-4ef1-91d0-ba81e53749fa/	127.0.0.1	2
6ac6d118-b9ac-494c-bfd2-8b9f45f40a06	t	2	2024-05-23 16:26:51.532419+08	2	2024-05-23 16:26:51.532419+08	/pp_master/option/code/index/	127.0.0.1	2
02fa0225-e531-437d-98c6-2309c2bf352f	t	2	2024-05-23 16:26:53.357267+08	2	2024-05-23 16:26:53.357267+08	/pp_master/option/code/edit/15398ca8-259b-4ef1-91d0-ba81e53749fa/	127.0.0.1	2
88a3e1dc-00d8-4a4a-91d4-dca1f93a3465	t	2	2024-05-23 16:26:57.129501+08	2	2024-05-23 16:26:57.129501+08	/pp_master/option/code/index/	127.0.0.1	2
ddbdd65b-4222-486b-9dea-e6e0ce74783b	t	2	2024-05-23 16:27:02.205771+08	2	2024-05-23 16:27:02.205771+08	/pp_master/option/code/edit/15398ca8-259b-4ef1-91d0-ba81e53749fa/	127.0.0.1	2
c08c3ba5-e7be-4f75-90c1-7622ed88c8e3	t	2	2024-05-23 16:27:12.754723+08	2	2024-05-23 16:27:12.754723+08	/pp_master/option/code/edit/15398ca8-259b-4ef1-91d0-ba81e53749fa/	127.0.0.1	2
5d4030cd-6b99-4c2b-ae92-aa6a2aba8648	t	2	2024-05-23 16:27:12.966294+08	2	2024-05-23 16:27:12.966294+08	/pp_master/option/code/index/	127.0.0.1	2
0a2fc499-72d2-4ee9-86d3-036fd1d8b014	t	2	2024-05-23 16:27:25.839541+08	2	2024-05-23 16:27:25.839541+08	/pp_master/option/code/edit/15398ca8-259b-4ef1-91d0-ba81e53749fa/	127.0.0.1	2
e50bce6c-148e-4e31-b244-03f800e2dae4	t	2	2024-05-23 16:27:27.93055+08	2	2024-05-23 16:27:27.93055+08	/pp_master/option/code/edit/15398ca8-259b-4ef1-91d0-ba81e53749fa/	127.0.0.1	2
7c25e794-b51e-4160-bedc-5d6f11da75e6	t	2	2024-05-23 16:27:28.141156+08	2	2024-05-23 16:27:28.141156+08	/pp_master/option/code/index/	127.0.0.1	2
06a40ac8-632c-4771-9b2a-7769cb74c9bf	t	2	2024-05-23 16:28:26.627992+08	2	2024-05-23 16:28:26.627992+08	/pp_master/option/code/edit/bbd16531-f16e-4dc7-a921-800bf0a88143/	127.0.0.1	2
9ee8409c-8874-478d-afcd-7cff55075324	t	2	2024-05-23 16:28:30.954404+08	2	2024-05-23 16:28:30.954404+08	/pp_master/option/code/edit/bbd16531-f16e-4dc7-a921-800bf0a88143/	127.0.0.1	2
5ef04b5b-c476-4933-8041-403daea2f340	t	2	2024-05-23 16:28:42.869651+08	2	2024-05-23 16:28:42.869651+08	/pp_master/option/code/edit/bbd16531-f16e-4dc7-a921-800bf0a88143/	127.0.0.1	2
d4ec82a8-55a3-4997-bb44-286902e57697	t	2	2024-05-23 16:28:43.087355+08	2	2024-05-23 16:28:43.087355+08	/pp_master/option/code/index/	127.0.0.1	2
7907f48e-c614-4496-b8e9-0552861b76da	t	2	2024-05-23 16:29:33.859342+08	2	2024-05-23 16:29:33.859342+08	/index/	127.0.0.1	2
e3aff255-f32f-40a5-8b17-1a8b53130e82	t	2	2024-05-23 16:29:34.142827+08	2	2024-05-23 16:29:34.142827+08	/home/	127.0.0.1	2
5fdda9bc-bf89-4efd-b866-3d4d820d8912	t	2	2024-05-23 16:29:35.887617+08	2	2024-05-23 16:29:35.887617+08	/pp_master/option/code/index/	127.0.0.1	2
1a77b586-2c28-4a07-98d9-9575e67b06a7	t	2	2024-05-23 16:29:37.586485+08	2	2024-05-23 16:29:37.586485+08	/pp_master/option/code/add/	127.0.0.1	2
ce7b8e5d-4814-406f-85b2-c68d42bbbbf1	t	2	2024-05-23 16:30:16.734087+08	2	2024-05-23 16:30:16.734087+08	/pp_master/option/code/add/	127.0.0.1	2
48b7ca1b-5417-4235-ab24-71e264f6ea17	t	2	2024-05-23 16:30:16.94596+08	2	2024-05-23 16:30:16.94596+08	/pp_master/option/code/index/	127.0.0.1	2
d9a56ac9-c372-4f43-bfab-662e907d98d0	t	2	2024-05-23 16:30:22.111144+08	2	2024-05-23 16:30:22.111144+08	/pp_master/option/code/edit/ab4a32dd-58f0-4a9a-870a-89d5da89e88e/	127.0.0.1	2
e2c87c3e-99a4-486b-8bef-25eabf14c93a	t	2	2024-05-23 16:30:23.966131+08	2	2024-05-23 16:30:23.966131+08	/pp_master/option/code/edit/ab4a32dd-58f0-4a9a-870a-89d5da89e88e/	127.0.0.1	2
8dc85f66-6a36-4ec1-bc93-092b3fafaa4d	t	2	2024-05-23 16:30:24.17274+08	2	2024-05-23 16:30:24.17274+08	/pp_master/option/code/index/	127.0.0.1	2
95be3072-d6f1-436e-9c41-60ea27620df6	t	2	2024-05-23 16:30:27.163759+08	2	2024-05-23 16:30:27.163759+08	/pp_master/option/code/edit/ab4a32dd-58f0-4a9a-870a-89d5da89e88e/	127.0.0.1	2
0784105d-794a-4d22-98d6-6cbf6388f16e	t	2	2024-05-23 16:30:30.265713+08	2	2024-05-23 16:30:30.265713+08	/pp_master/option/code/edit/ab4a32dd-58f0-4a9a-870a-89d5da89e88e/	127.0.0.1	2
643c5420-ec1d-4d37-a3b8-9d357c0b24ef	t	2	2024-05-23 16:30:30.473163+08	2	2024-05-23 16:30:30.473163+08	/pp_master/option/code/index/	127.0.0.1	2
4483819c-8027-4c08-a9c6-69f9d5141eda	t	2	2024-05-23 16:30:37.373892+08	2	2024-05-23 16:30:37.373892+08	/pp_master/option/code/edit/bbd16531-f16e-4dc7-a921-800bf0a88143/	127.0.0.1	2
061b0f8a-87c1-44f8-a359-a3d4a550da88	t	2	2024-05-23 16:30:38.915603+08	2	2024-05-23 16:30:38.915603+08	/pp_master/option/code/index/	127.0.0.1	2
3497f458-564b-40f3-9b34-f7237349b55a	t	2	2024-05-23 16:30:40.613588+08	2	2024-05-23 16:30:40.613588+08	/pp_master/option/code/edit/ab4a32dd-58f0-4a9a-870a-89d5da89e88e/	127.0.0.1	2
50d8c54c-2f90-4946-bb9d-ab60d515c56f	t	2	2024-05-23 16:30:44.193083+08	2	2024-05-23 16:30:44.193083+08	/pp_master/option/code/edit/ab4a32dd-58f0-4a9a-870a-89d5da89e88e/	127.0.0.1	2
ebc9e27c-2988-46c5-9dbe-6e132940abf7	t	2	2024-05-23 16:30:44.406518+08	2	2024-05-23 16:30:44.406518+08	/pp_master/option/code/index/	127.0.0.1	2
c3e6a141-f765-40ec-aa4c-ee55d3ae1f59	t	2	2024-05-24 10:33:17.470159+08	2	2024-05-24 10:33:17.470159+08	/index/	127.0.0.1	2
25ae8fa0-b4db-43d7-923d-1d06a73e572d	t	2	2024-05-24 10:33:17.788097+08	2	2024-05-24 10:33:17.788097+08	/home/	127.0.0.1	2
b65660e3-14fa-4f32-a96e-87d6f497d0a8	t	2	2024-05-24 10:39:23.819621+08	2	2024-05-24 10:39:23.819621+08	/sys_auth/menu/index/	127.0.0.1	2
c87b4983-f96b-4b9f-b698-c312ffa0d9d2	t	2	2024-05-24 10:39:26.973268+08	2	2024-05-24 10:39:26.973268+08	/sys_auth/menu/edit/901a43bc-7fce-4a40-8370-94521659ebb9	127.0.0.1	2
081419ec-9dc4-4fc6-9bbc-2ee729dddbdb	t	2	2024-05-24 10:39:29.851866+08	2	2024-05-24 10:39:29.851866+08	/sys_auth/menu/edit/901a43bc-7fce-4a40-8370-94521659ebb9	127.0.0.1	2
c92c0e54-91db-44d0-9568-48a6a429e06c	t	2	2024-05-24 10:39:30.051729+08	2	2024-05-24 10:39:30.051729+08	/sys_auth/menu/index/	127.0.0.1	2
d58e7bdb-3da2-424a-bba7-c023d920d85c	t	2	2024-05-24 10:39:31.86872+08	2	2024-05-24 10:39:31.86872+08	/index/	127.0.0.1	2
d8197fb1-2439-4f30-8b00-e93f06921b25	t	2	2024-05-24 10:39:32.125941+08	2	2024-05-24 10:39:32.125941+08	/home/	127.0.0.1	2
936820fb-168c-4902-b11e-f87b6ad6e305	t	2	2024-05-24 13:29:25.986188+08	2	2024-05-24 13:29:25.986188+08	/index/	127.0.0.1	2
44d229ce-e9ca-45a8-a832-d169eeacc39d	t	2	2024-05-24 13:29:26.24131+08	2	2024-05-24 13:29:26.24131+08	/home/	127.0.0.1	2
c1402ffc-8cfe-451a-a5df-74cf6565737b	t	2	2024-05-24 14:09:01.267524+08	2	2024-05-24 14:09:01.267524+08	/index/	127.0.0.1	2
286eb7e2-c39a-4b7c-a642-77c3b25a063d	t	2	2024-05-24 14:09:01.566896+08	2	2024-05-24 14:09:01.566896+08	/home/	127.0.0.1	2
a544d274-0195-46bc-827f-7acd1aa52fe5	t	2	2024-05-24 14:09:30.075986+08	2	2024-05-24 14:09:30.075986+08	/org_emp/employee/index/	127.0.0.1	2
1ce56b2f-762a-4fae-b76f-17693448052c	t	2	2024-05-24 14:09:34.01138+08	2	2024-05-24 14:09:34.01138+08	/pp_master/work_center/index/	127.0.0.1	2
ec0ec260-98d8-4291-9a3a-f335ed36cbcd	t	2	2024-05-24 14:15:08.084154+08	2	2024-05-24 14:15:08.084154+08	/org_dep/department/index/	127.0.0.1	2
e9d7a4a7-afaa-4ad1-b025-5893375797a0	t	2	2024-05-24 14:18:57.741332+08	2	2024-05-24 14:18:57.741332+08	/index/	127.0.0.1	2
5ee49879-9d5a-43ad-9c52-b8361b6a28c3	t	2	2024-05-24 14:18:58.049672+08	2	2024-05-24 14:18:58.049672+08	/home/	127.0.0.1	2
427f77c6-3c9d-4a86-902b-a93b250ab69a	t	2	2024-05-24 14:18:59.807991+08	2	2024-05-24 14:18:59.807991+08	/pp_master/work_center/index/	127.0.0.1	2
d19d127e-156e-408e-8942-d262c2bf4589	t	2	2024-05-24 14:19:43.92878+08	2	2024-05-24 14:19:43.92878+08	/index/	127.0.0.1	2
84442310-0456-488e-adb7-e090de56dcba	t	2	2024-05-24 14:19:44.228301+08	2	2024-05-24 14:19:44.228301+08	/home/	127.0.0.1	2
bb9941a6-ce20-4315-88ad-cb7a55812bf6	t	2	2024-05-24 14:19:46.48721+08	2	2024-05-24 14:19:46.48721+08	/pp_master/work_center/index/	127.0.0.1	2
5e4f70ce-14db-478e-b8e6-463c3c37a2d9	t	2	2024-05-24 14:20:22.638671+08	2	2024-05-24 14:20:22.638671+08	/index/	127.0.0.1	2
21f22945-a972-4dd2-bd52-a74556ebb799	t	2	2024-05-24 14:20:22.929054+08	2	2024-05-24 14:20:22.929054+08	/home/	127.0.0.1	2
7106c396-8181-4f7f-b1b6-f3ba604dd1c3	t	2	2024-05-24 14:20:24.183309+08	2	2024-05-24 14:20:24.183309+08	/pp_master/work_center/index/	127.0.0.1	2
6469490b-7ec9-464f-8b35-3d1646d0fd71	t	2	2024-05-24 14:20:52.973231+08	2	2024-05-24 14:20:52.973231+08	/pp_master/work_center/index/	127.0.0.1	2
38c616cd-8569-4496-ac52-237da94913d1	t	2	2024-05-24 14:21:05.152303+08	2	2024-05-24 14:21:05.152303+08	/pp_master/work_center/index/	127.0.0.1	2
60d0c73a-7fd5-4073-90d3-12664c03cc3f	t	2	2024-05-24 14:21:09.987443+08	2	2024-05-24 14:21:09.987443+08	/index/	127.0.0.1	2
66e45283-4a5a-4307-8712-f7746d7ff83c	t	2	2024-05-24 14:21:10.254024+08	2	2024-05-24 14:21:10.254024+08	/home/	127.0.0.1	2
ed2c1da6-9bfd-4d38-aa32-32af84de2793	t	2	2024-05-24 14:21:11.4945+08	2	2024-05-24 14:21:11.4945+08	/pp_master/work_center/index/	127.0.0.1	2
035b3164-5f0f-44b1-aa01-518b26e3429c	t	2	2024-05-24 14:33:03.632423+08	2	2024-05-24 14:33:03.632423+08	/index/	127.0.0.1	2
92331342-1a01-4f3c-9a71-d8784b38de87	t	2	2024-05-24 14:33:03.916211+08	2	2024-05-24 14:33:03.916211+08	/home/	127.0.0.1	2
f0df0898-1f9d-468e-8e5a-7c1bfd6bfa8d	t	2	2024-05-24 14:33:06.199715+08	2	2024-05-24 14:33:06.199715+08	/pp_master/work_center/index/	127.0.0.1	2
3b350927-4910-49e0-b152-d053c6b5d8b4	t	2	2024-05-24 14:33:20.911552+08	2	2024-05-24 14:33:20.911552+08	/index/	127.0.0.1	2
3e56889f-f6bf-43f8-9022-accb304b8148	t	2	2024-05-24 14:33:21.192967+08	2	2024-05-24 14:33:21.192967+08	/home/	127.0.0.1	2
300041c6-29fe-4fef-a207-64f7d95a51b4	t	2	2024-05-24 14:33:22.317968+08	2	2024-05-24 14:33:22.317968+08	/pp_master/work_center/index/	127.0.0.1	2
0066deab-cbbf-4ed5-b2a0-10c37863848d	t	2	2024-05-24 14:45:31.834487+08	2	2024-05-24 14:45:31.834487+08	/index/	127.0.0.1	2
fce998ac-52ce-47b9-af2d-e3874fd4eb20	t	2	2024-05-24 14:45:32.103207+08	2	2024-05-24 14:45:32.104158+08	/home/	127.0.0.1	2
2f0dd158-3584-44dc-83de-2488cdce7445	t	2	2024-05-24 14:45:33.723204+08	2	2024-05-24 14:45:33.723204+08	/pp_master/work_center/index/	127.0.0.1	2
65dad366-07eb-4392-985e-80da235a4355	t	2	2024-05-24 14:47:43.019001+08	2	2024-05-24 14:47:43.019001+08	/index/	127.0.0.1	2
7ba2dfaf-b86b-45d0-9cb4-0f39915eabc8	t	2	2024-05-24 14:47:43.282699+08	2	2024-05-24 14:47:43.282699+08	/home/	127.0.0.1	2
426ac3d1-c5cf-448f-9cfe-c7a8960c8aa0	t	2	2024-05-24 14:47:44.499218+08	2	2024-05-24 14:47:44.499218+08	/pp_master/work_center/index/	127.0.0.1	2
ca73b29b-5df2-4e37-be92-9932421dde0c	t	2	2024-05-24 14:50:03.916045+08	2	2024-05-24 14:50:03.916045+08	/index/	127.0.0.1	2
40035ad3-f9ef-447b-a14c-bb2017aad934	t	2	2024-05-24 14:50:04.186356+08	2	2024-05-24 14:50:04.186356+08	/home/	127.0.0.1	2
20decaf4-2873-41ad-b75f-9e49b2db1afe	t	2	2024-05-24 14:50:05.243408+08	2	2024-05-24 14:50:05.243408+08	/pp_master/work_center/index/	127.0.0.1	2
7c53cab7-9717-4a21-83be-cb225059b110	t	2	2024-05-24 14:50:06.149544+08	2	2024-05-24 14:50:06.149544+08	/pp_master/work_center/index/work_center/get/employees/c2be3466-f168-46e7-867d-f7f53fd89d13	127.0.0.1	2
691f80ea-f3e5-4dbc-92fd-e34ab184fbc1	t	2	2024-05-24 14:50:52.475851+08	2	2024-05-24 14:50:52.475851+08	/index/	127.0.0.1	2
9c8579bd-2296-47fc-bb7d-315c11ab483c	t	2	2024-05-24 14:50:52.751706+08	2	2024-05-24 14:50:52.751706+08	/home/	127.0.0.1	2
848110e0-e65b-4921-8bbd-7e576176462a	t	2	2024-05-24 14:50:53.840991+08	2	2024-05-24 14:50:53.840991+08	/pp_master/work_center/index/	127.0.0.1	2
70aa724d-7975-4326-a883-e1c52bf2d100	t	2	2024-05-24 14:50:55.086624+08	2	2024-05-24 14:50:55.086624+08	/pp_master/work_center/index/work_center/get/employees/c2be3466-f168-46e7-867d-f7f53fd89d13	127.0.0.1	2
b53f043d-6634-4321-ac06-ace467bd1911	t	2	2024-05-24 14:51:40.701932+08	2	2024-05-24 14:51:40.701932+08	/index/	127.0.0.1	2
48426be3-876a-4271-82ea-3a9abc4a2255	t	2	2024-05-24 14:51:40.994142+08	2	2024-05-24 14:51:40.994142+08	/home/	127.0.0.1	2
c54f6315-535f-4f7a-8e09-6a672cf4557c	t	2	2024-05-24 14:51:42.20517+08	2	2024-05-24 14:51:42.20517+08	/pp_master/work_center/index/	127.0.0.1	2
e1dece61-9f37-496b-a0e9-e3207346975f	t	2	2024-05-24 14:51:43.856363+08	2	2024-05-24 14:51:43.856363+08	/pp_master/work_center/index/pp_master/work_center/get/employees/c2be3466-f168-46e7-867d-f7f53fd89d13	127.0.0.1	2
d416c6e2-2f8d-43c4-b145-7fa683a32822	t	2	2024-05-24 14:52:33.239464+08	2	2024-05-24 14:52:33.239464+08	/index/	127.0.0.1	2
89d42f39-b554-4c7c-966d-27f4e01ff8e7	t	2	2024-05-24 14:52:33.511359+08	2	2024-05-24 14:52:33.511359+08	/home/	127.0.0.1	2
8944f998-8764-4c9a-baa5-ee9a2ed14eae	t	2	2024-05-24 14:52:34.365295+08	2	2024-05-24 14:52:34.365295+08	/pp_master/work_center/index/	127.0.0.1	2
a5afd97c-b0b9-4ccb-b248-037ed755d61a	t	2	2024-05-24 14:52:36.000422+08	2	2024-05-24 14:52:36.000422+08	/pp_master/work_center/get/employees/c2be3466-f168-46e7-867d-f7f53fd89d13	127.0.0.1	2
b7084c31-2ca4-4eb8-8a0e-dd063daeda54	t	2	2024-05-24 14:57:43.311631+08	2	2024-05-24 14:57:43.311631+08	/index/	127.0.0.1	2
14e958f7-4251-46ed-966a-5f437c420deb	t	2	2024-05-24 14:57:43.581157+08	2	2024-05-24 14:57:43.581157+08	/home/	127.0.0.1	2
3f7723e7-4947-4232-b296-1bad50e240cd	t	2	2024-05-24 14:57:44.53175+08	2	2024-05-24 14:57:44.53175+08	/pp_master/work_center/index/	127.0.0.1	2
b8bfd97b-cf26-4bcd-918e-f3789a1b0f4e	t	2	2024-05-24 14:57:45.632329+08	2	2024-05-24 14:57:45.632329+08	/pp_master/work_center/get/employees/c2be3466-f168-46e7-867d-f7f53fd89d13	127.0.0.1	2
1a4cf979-be13-49a3-b51a-f6ad405c054d	t	2	2024-05-24 14:58:09.911459+08	2	2024-05-24 14:58:09.911459+08	/index/	127.0.0.1	2
878debb9-4768-4e74-a449-8ab4d4c08492	t	2	2024-05-24 14:58:10.181743+08	2	2024-05-24 14:58:10.181743+08	/home/	127.0.0.1	2
a60b0a3b-7000-4c0f-8fc6-bfd5619e833f	t	2	2024-05-24 14:58:11.038204+08	2	2024-05-24 14:58:11.038204+08	/pp_master/work_center/index/	127.0.0.1	2
9835439e-defe-4d3a-aac8-6543334d2dff	t	2	2024-05-24 14:58:12.415764+08	2	2024-05-24 14:58:12.415764+08	/pp_master/work_center/get/employees/c2be3466-f168-46e7-867d-f7f53fd89d13	127.0.0.1	2
0338db37-b572-4250-8592-95af4139aeac	t	2	2024-05-24 14:58:50.682648+08	2	2024-05-24 14:58:50.682648+08	/index/	127.0.0.1	2
6954543a-a89b-41e4-9afc-9e9cbeba8117	t	2	2024-05-24 14:58:50.995708+08	2	2024-05-24 14:58:50.995708+08	/home/	127.0.0.1	2
37cdc784-4ebf-4803-b822-671de2cee103	t	2	2024-05-24 14:58:51.903606+08	2	2024-05-24 14:58:51.903606+08	/pp_master/work_center/index/	127.0.0.1	2
5496c270-c072-4bf5-9e6d-2d6915348889	t	2	2024-05-24 14:58:52.814871+08	2	2024-05-24 14:58:52.814871+08	/pp_master/work_center/get/employees/c2be3466-f168-46e7-867d-f7f53fd89d13	127.0.0.1	2
625ad18c-ba70-4644-8e2f-1050a009802d	t	2	2024-05-24 15:00:19.65253+08	2	2024-05-24 15:00:19.65253+08	/index/	127.0.0.1	2
8a2f8c00-2265-48cb-ac3b-b5bcfe2b5fc3	t	2	2024-05-24 15:00:19.937772+08	2	2024-05-24 15:00:19.937772+08	/home/	127.0.0.1	2
5fa795a6-75b1-449a-9cca-2334a903a8f6	t	2	2024-05-24 15:00:20.811476+08	2	2024-05-24 15:00:20.811476+08	/pp_master/work_center/index/	127.0.0.1	2
496a01d4-8935-43a1-931d-678c05209f63	t	2	2024-05-24 15:00:21.87156+08	2	2024-05-24 15:00:21.87156+08	/pp_master/work_center/get/employees/c2be3466-f168-46e7-867d-f7f53fd89d13	127.0.0.1	2
e0e920bc-7e63-485f-b30c-ff9ee29b2ee0	t	2	2024-05-24 15:01:15.453528+08	2	2024-05-24 15:01:15.453528+08	/index/	127.0.0.1	2
09c2b6c5-38a0-4fd2-bf9f-f042dfddb27a	t	2	2024-05-24 15:01:15.734783+08	2	2024-05-24 15:01:15.734783+08	/home/	127.0.0.1	2
c8b91eb1-1ec3-45ff-8e43-d78bd861d33e	t	2	2024-05-24 15:01:16.597566+08	2	2024-05-24 15:01:16.597566+08	/pp_master/work_center/index/	127.0.0.1	2
a798e231-b417-4a98-9f18-4ed4a570208c	t	2	2024-05-24 15:01:17.387866+08	2	2024-05-24 15:01:17.387866+08	/pp_master/work_center/get/employees/c2be3466-f168-46e7-867d-f7f53fd89d13	127.0.0.1	2
4fac82f1-5a0c-4a9b-8001-d249bdf97ecc	t	2	2024-05-24 15:02:11.648099+08	2	2024-05-24 15:02:11.648099+08	/index/	127.0.0.1	2
580ab3cb-f35f-4c8b-8ef9-111a263758b2	t	2	2024-05-24 15:02:11.933737+08	2	2024-05-24 15:02:11.933737+08	/home/	127.0.0.1	2
139661bd-21d9-4702-b9ad-74ed29fe50dc	t	2	2024-05-24 15:02:13.558543+08	2	2024-05-24 15:02:13.558543+08	/pp_master/work_center/index/	127.0.0.1	2
4abca449-6c26-4bcb-ad69-47deddb0a86a	t	2	2024-05-24 15:02:14.486759+08	2	2024-05-24 15:02:14.486759+08	/pp_master/work_center/get/employees/c2be3466-f168-46e7-867d-f7f53fd89d13	127.0.0.1	2
945b717b-e5fc-4639-843f-284c2e82d898	t	2	2024-05-24 15:02:56.520623+08	2	2024-05-24 15:02:56.520623+08	/index/	127.0.0.1	2
fe4a66a9-51a5-4150-a440-e900fa0772fe	t	2	2024-05-24 15:02:56.794954+08	2	2024-05-24 15:02:56.794954+08	/home/	127.0.0.1	2
14d4ed86-f117-40b3-b49c-80f289f38f0d	t	2	2024-05-24 15:02:57.787437+08	2	2024-05-24 15:02:57.787437+08	/pp_master/work_center/index/	127.0.0.1	2
17f014f1-a9f6-4ccb-a06e-354b2b7e674b	t	2	2024-05-24 15:02:58.92667+08	2	2024-05-24 15:02:58.92667+08	/pp_master/work_center/get/employees/c2be3466-f168-46e7-867d-f7f53fd89d13	127.0.0.1	2
926b63b7-f946-4579-9d46-4f82d5d40bcb	t	2	2024-05-24 15:03:41.367183+08	2	2024-05-24 15:03:41.367183+08	/index/	127.0.0.1	2
6d52f176-b42d-4c83-87aa-399bb44ec1d5	t	2	2024-05-24 15:03:41.648429+08	2	2024-05-24 15:03:41.648429+08	/home/	127.0.0.1	2
6b91b11d-c014-4ae8-88b7-40caaf2da6e2	t	2	2024-05-24 15:03:42.717077+08	2	2024-05-24 15:03:42.717077+08	/pp_master/work_center/index/	127.0.0.1	2
7c3b4431-c0a6-42bc-a1ee-e993e2b0af8c	t	2	2024-05-24 15:03:43.536917+08	2	2024-05-24 15:03:43.536917+08	/pp_master/work_center/get/employees/c2be3466-f168-46e7-867d-f7f53fd89d13	127.0.0.1	2
819a0e72-0628-4a5d-8d4c-2f94e209829c	t	2	2024-05-24 15:04:39.08794+08	2	2024-05-24 15:04:39.08794+08	/index/	127.0.0.1	2
8a2b1129-ea08-4f01-9569-d32be9d57287	t	2	2024-05-24 15:04:39.361639+08	2	2024-05-24 15:04:39.361639+08	/home/	127.0.0.1	2
de3d6344-55b6-46af-b118-5d6b3747368a	t	2	2024-05-24 15:04:40.28241+08	2	2024-05-24 15:04:40.28241+08	/pp_master/work_center/index/	127.0.0.1	2
9c59ad54-d182-48da-808c-a49ba6beebba	t	2	2024-05-24 15:04:41.087862+08	2	2024-05-24 15:04:41.087862+08	/pp_master/work_center/get/employees/c2be3466-f168-46e7-867d-f7f53fd89d13	127.0.0.1	2
9af3d9fc-86ef-4048-a596-1c50f99f237f	t	2	2024-05-24 15:48:55.056513+08	2	2024-05-24 15:48:55.056513+08	/index/	127.0.0.1	2
b8597d7c-6185-4273-9529-126b35d20482	t	2	2024-05-24 15:48:55.362517+08	2	2024-05-24 15:48:55.362517+08	/home/	127.0.0.1	2
fd9f91e4-a332-4901-ad65-f9ebecf26cff	t	2	2024-05-24 15:48:56.946105+08	2	2024-05-24 15:48:56.946105+08	/pp_master/work_center/index/	127.0.0.1	2
6c018cb9-c5c8-45a2-8fc0-3f2747aa951c	t	2	2024-05-24 15:48:59.103462+08	2	2024-05-24 15:48:59.103462+08	/pp_master/work_center/get/employees/c2be3466-f168-46e7-867d-f7f53fd89d13	127.0.0.1	2
ed99d74e-4c9f-41a8-b37a-817e7e83bd69	t	2	2024-05-24 15:49:23.319549+08	2	2024-05-24 15:49:23.319549+08	/index/	127.0.0.1	2
1d7d0a26-058e-4c38-837b-53256cf60c1b	t	2	2024-05-24 15:49:23.590361+08	2	2024-05-24 15:49:23.590361+08	/home/	127.0.0.1	2
525c3d83-95fc-4cc2-93ae-3a8c7452e460	t	2	2024-05-24 15:49:24.311409+08	2	2024-05-24 15:49:24.311409+08	/org_dep/department/index/	127.0.0.1	2
0a0c1e8c-df84-45ea-98e2-5860a7b26dc2	t	2	2024-05-24 15:49:26.954233+08	2	2024-05-24 15:49:26.954233+08	/pp_master/work_center/index/	127.0.0.1	2
38f6cc4a-0b0b-4b1a-8a82-8bc8753df6bf	t	2	2024-05-24 15:49:27.896999+08	2	2024-05-24 15:49:27.896999+08	/pp_master/work_center/get/employees/c2be3466-f168-46e7-867d-f7f53fd89d13	127.0.0.1	2
0987981b-0f53-442f-bf68-e02abd878650	t	2	2024-05-24 15:52:10.500075+08	2	2024-05-24 15:52:10.500075+08	/index/	127.0.0.1	2
2241db05-6ec4-41d0-bc62-8b30f31ddb2b	t	2	2024-05-24 15:52:10.774238+08	2	2024-05-24 15:52:10.774238+08	/home/	127.0.0.1	2
d4af468b-0067-4acc-97b4-ceacc90e55c9	t	2	2024-05-24 15:52:16.879626+08	2	2024-05-24 15:52:16.879626+08	/pp_master/work_center/index/	127.0.0.1	2
19d0b3ce-0975-4d32-98c5-12d8a8e3b12f	t	2	2024-05-24 15:52:25.671491+08	2	2024-05-24 15:52:25.671491+08	/pp_master/work_center/index/	127.0.0.1	2
f0fbedf1-d9f3-4827-9bfd-a1c076d1b509	t	2	2024-05-24 15:52:28.436225+08	2	2024-05-24 15:52:28.436225+08	/pp_master/work_center/index/	127.0.0.1	2
f9965994-5cf5-4831-bb0c-835a5234dba5	t	2	2024-05-24 15:52:31.583641+08	2	2024-05-24 15:52:31.583641+08	/pp_master/work_center/get/employees/043b5de1-0d1a-4470-98e4-491d6782fa51	127.0.0.1	2
d664c218-2011-4afb-a401-ad442d78dd76	t	2	2024-05-24 15:53:16.545788+08	2	2024-05-24 15:53:16.545788+08	/pp_master/work_center/get/employees/fdaa0e2c-c572-46e4-b1cf-8ce1157e6b21	127.0.0.1	2
146a3987-895b-4fb8-ae53-b43d4caf0950	t	2	2024-05-24 15:56:42.263382+08	2	2024-05-24 15:56:42.263382+08	/pp_master/work_center/get/employees/043b5de1-0d1a-4470-98e4-491d6782fa51	127.0.0.1	2
d123164e-a95c-42af-a604-2f242a73b1c8	t	2	2024-05-24 16:02:51.864206+08	2	2024-05-24 16:02:51.864206+08	/index/	127.0.0.1	2
fe359f70-7b55-43c4-9c88-d71edf0db547	t	2	2024-05-24 16:02:52.122486+08	2	2024-05-24 16:02:52.122486+08	/home/	127.0.0.1	2
53ca0347-609d-4508-83f8-ab7d0e038809	t	2	2024-05-24 16:02:53.671864+08	2	2024-05-24 16:02:53.671864+08	/pp_master/work_center/index/	127.0.0.1	2
9db937ad-9832-4af9-acfe-08c4c8a73084	t	2	2024-05-24 16:02:54.758736+08	2	2024-05-24 16:02:54.758736+08	/pp_master/work_center/get/employees/c2be3466-f168-46e7-867d-f7f53fd89d13	127.0.0.1	2
f27228fd-fa94-47fc-8a32-09412230ed0c	t	2	2024-05-24 16:04:24.004809+08	2	2024-05-24 16:04:24.004809+08	/index/	127.0.0.1	2
90c3a4c7-c894-4de2-8143-5ff5e61d4801	t	2	2024-05-24 16:04:24.263117+08	2	2024-05-24 16:04:24.263117+08	/home/	127.0.0.1	2
e5881e30-65b1-4839-af05-c727a3df4786	t	2	2024-05-24 16:04:25.791826+08	2	2024-05-24 16:04:25.791826+08	/pp_master/work_center/index/	127.0.0.1	2
1699d8ca-5897-41d9-a291-9ee5312fb800	t	2	2024-05-24 16:04:26.756073+08	2	2024-05-24 16:04:26.756073+08	/pp_master/work_center/get/employees/c2be3466-f168-46e7-867d-f7f53fd89d13	127.0.0.1	2
fe1d2dbe-594b-410c-8769-d5abc7d26621	t	2	2024-05-24 16:04:42.863116+08	2	2024-05-24 16:04:42.863116+08	/index/	127.0.0.1	2
0313714a-2403-4c91-90c1-6005ab1d47ca	t	2	2024-05-24 16:04:43.12893+08	2	2024-05-24 16:04:43.12893+08	/home/	127.0.0.1	2
d4759a09-cec0-42f6-9e83-788b16bd3441	t	2	2024-05-24 16:04:44.932393+08	2	2024-05-24 16:04:44.932393+08	/pp_master/work_center/index/	127.0.0.1	2
1444c252-c48c-4ec9-9bf1-2807a6d84a32	t	2	2024-05-24 16:04:46.058444+08	2	2024-05-24 16:04:46.058444+08	/pp_master/work_center/get/employees/c2be3466-f168-46e7-867d-f7f53fd89d13	127.0.0.1	2
8a3c4fd6-4186-48fa-9e50-8ce2300b156c	t	2	2024-05-24 16:05:01.557067+08	2	2024-05-24 16:05:01.557067+08	/index/	127.0.0.1	2
384e30f8-8b6d-4646-9e2e-38e95ead61ce	t	2	2024-05-24 16:05:01.82037+08	2	2024-05-24 16:05:01.82037+08	/home/	127.0.0.1	2
3fa8f71a-6369-4e59-9394-d3510d7e8fdd	t	2	2024-05-24 16:05:06.79018+08	2	2024-05-24 16:05:06.79018+08	/pp_master/work_center/index/	127.0.0.1	2
52b0213c-72b2-4fe8-9025-23c378914d28	t	2	2024-05-24 16:05:07.934082+08	2	2024-05-24 16:05:07.934082+08	/pp_master/work_center/get/employees/c2be3466-f168-46e7-867d-f7f53fd89d13	127.0.0.1	2
6045e162-e0c0-4b00-bef0-72b775b33afc	t	2	2024-05-24 16:07:04.447764+08	2	2024-05-24 16:07:04.447764+08	/index/	127.0.0.1	2
1f69f54d-0536-4fa2-b176-34dd661396e3	t	2	2024-05-24 16:07:04.716147+08	2	2024-05-24 16:07:04.716147+08	/home/	127.0.0.1	2
f4d89a64-51a7-4a45-a5e7-df64129631a6	t	2	2024-05-24 16:07:07.499091+08	2	2024-05-24 16:07:07.499091+08	/pp_master/work_center/index/	127.0.0.1	2
040d043a-52d4-4ca3-96d6-fbfb465cc34e	t	2	2024-05-24 16:07:09.81971+08	2	2024-05-24 16:07:09.81971+08	/pp_master/work_center/index/	127.0.0.1	2
8f824d14-d56b-4c31-a801-1e55d2ce31aa	t	2	2024-05-24 16:07:11.583265+08	2	2024-05-24 16:07:11.583265+08	/pp_master/work_center/index/	127.0.0.1	2
f1317d62-8260-42d2-81d2-2ed2a84503b4	t	2	2024-05-24 16:07:13.718616+08	2	2024-05-24 16:07:13.718616+08	/pp_master/work_center/get/employees/043b5de1-0d1a-4470-98e4-491d6782fa51	127.0.0.1	2
a4f6f346-0c70-46ef-aeb8-45e122a47174	t	2	2024-05-24 16:10:09.63463+08	2	2024-05-24 16:10:09.63463+08	/index/	127.0.0.1	2
d360a2b6-bb0f-40d1-aa5b-f3ac47e2465f	t	2	2024-05-24 16:10:09.932546+08	2	2024-05-24 16:10:09.932546+08	/home/	127.0.0.1	2
775629b8-b119-4d8c-b725-40ce6a5202bd	t	2	2024-05-24 16:10:12.332209+08	2	2024-05-24 16:10:12.332209+08	/pp_master/work_center/index/	127.0.0.1	2
6e723b02-23bd-4e2e-af12-f8ae12a7557d	t	2	2024-05-24 16:10:13.367936+08	2	2024-05-24 16:10:13.367936+08	/pp_master/work_center/get/employees/c2be3466-f168-46e7-867d-f7f53fd89d13	127.0.0.1	2
b191874d-ccc7-4f69-965e-8206c768f432	t	2	2024-05-24 16:11:36.885048+08	2	2024-05-24 16:11:36.885048+08	/index/	127.0.0.1	2
42d13cd5-0773-453b-bf38-78d49352a73f	t	2	2024-05-24 16:11:37.159186+08	2	2024-05-24 16:11:37.159186+08	/home/	127.0.0.1	2
a3b0cd95-f3e1-4290-8aac-0f632ae66461	t	2	2024-05-24 16:11:38.499954+08	2	2024-05-24 16:11:38.499954+08	/pp_master/work_center/index/	127.0.0.1	2
1586b16a-4407-4aad-a13e-0ddcdafcd9cc	t	2	2024-05-24 16:11:39.421214+08	2	2024-05-24 16:11:39.421214+08	/pp_master/work_center/get/employees/c2be3466-f168-46e7-867d-f7f53fd89d13	127.0.0.1	2
bc2b82e0-c3c8-44f5-8a41-e0489a1367cc	t	2	2024-05-24 16:11:45.841639+08	2	2024-05-24 16:11:45.841639+08	/pp_master/work_center/get/employees/c2be3466-f168-46e7-867d-f7f53fd89d13	127.0.0.1	2
5bd099f9-5a0d-4b08-baf0-66d3bdbc4c43	t	2	2024-05-24 16:12:32.694862+08	2	2024-05-24 16:12:32.694862+08	/index/	127.0.0.1	2
a3bf35d2-9e0d-4b6d-8898-7dde290267b1	t	2	2024-05-24 16:12:32.952224+08	2	2024-05-24 16:12:32.952224+08	/home/	127.0.0.1	2
ffc2a124-cfcc-4bae-b848-fb27a2039e0d	t	2	2024-05-24 16:12:35.338866+08	2	2024-05-24 16:12:35.338866+08	/pp_master/work_center/index/	127.0.0.1	2
c2859028-a002-428c-9385-2c061e9594a4	t	2	2024-05-24 16:12:36.64646+08	2	2024-05-24 16:12:36.64646+08	/pp_master/work_center/get/employees/c2be3466-f168-46e7-867d-f7f53fd89d13	127.0.0.1	2
b65a1f02-df1f-43b3-90b6-693c91577438	t	2	2024-05-24 16:14:09.974919+08	2	2024-05-24 16:14:09.974919+08	/index/	127.0.0.1	2
14f2460a-b191-4689-9f45-a7fe52c7de4c	t	2	2024-05-24 16:14:10.237548+08	2	2024-05-24 16:14:10.237548+08	/home/	127.0.0.1	2
68e5a20f-2ced-4478-a52e-eaf218bfe321	t	2	2024-05-24 16:14:11.994828+08	2	2024-05-24 16:14:11.994828+08	/pp_master/work_center/index/	127.0.0.1	2
a35ee72f-abf6-4abf-807b-8aaaac95d40e	t	2	2024-05-24 16:14:13.058978+08	2	2024-05-24 16:14:13.058978+08	/pp_master/work_center/get/employees/c2be3466-f168-46e7-867d-f7f53fd89d13	127.0.0.1	2
cca333ea-e597-4541-9690-0bcbd4b1f11f	t	2	2024-05-24 16:15:11.09877+08	2	2024-05-24 16:15:11.09877+08	/index/	127.0.0.1	2
b39a0a58-f1a4-4486-8d96-04dd6d73510b	t	2	2024-05-24 16:15:11.366059+08	2	2024-05-24 16:15:11.366059+08	/home/	127.0.0.1	2
8bc61be7-0a31-4b05-93a7-56eec89bd7d2	t	2	2024-05-24 16:15:12.476469+08	2	2024-05-24 16:15:12.476469+08	/pp_master/work_center/index/	127.0.0.1	2
8003d884-81a5-483d-9fb4-784eba329cef	t	2	2024-05-24 16:15:13.214066+08	2	2024-05-24 16:15:13.214066+08	/pp_master/work_center/get/employees/c2be3466-f168-46e7-867d-f7f53fd89d13	127.0.0.1	2
de76c6ab-8a8c-45b3-be56-36b56b0ed46d	t	2	2024-05-24 16:15:33.102353+08	2	2024-05-24 16:15:33.102353+08	/pp_master/work_center/index/	127.0.0.1	2
f7c0e0f8-6b86-455d-acd8-32c76a28b16b	t	2	2024-05-24 16:15:34.090516+08	2	2024-05-24 16:15:34.090516+08	/pp_master/work_center/get/employees/c2be3466-f168-46e7-867d-f7f53fd89d13	127.0.0.1	2
a16ae02c-a9d7-4ff0-a939-2294412997c7	t	2	2024-05-24 16:15:44.627337+08	2	2024-05-24 16:15:44.627337+08	/pp_master/work_center/get/employees/c2be3466-f168-46e7-867d-f7f53fd89d13	127.0.0.1	2
e73627ef-35ca-43c4-9995-e2ee40ca6a8b	t	2	2024-05-24 16:15:48.386141+08	2	2024-05-24 16:15:48.386141+08	/pp_master/work_center/get/employees/c2be3466-f168-46e7-867d-f7f53fd89d13	127.0.0.1	2
19e60d14-0cf1-41af-be4f-5c12a97cd56d	t	2	2024-05-24 16:15:49.760446+08	2	2024-05-24 16:15:49.760446+08	/pp_master/work_center/get/employees/c2be3466-f168-46e7-867d-f7f53fd89d13	127.0.0.1	2
be9e97d7-e514-45ad-84f4-1019755ae3bc	t	2	2024-05-24 16:15:50.396097+08	2	2024-05-24 16:15:50.396097+08	/pp_master/work_center/get/employees/c2be3466-f168-46e7-867d-f7f53fd89d13	127.0.0.1	2
a4d437ad-45fb-4b60-a3f3-56bdbf31f7b6	t	2	2024-05-24 16:15:50.793728+08	2	2024-05-24 16:15:50.793728+08	/pp_master/work_center/get/employees/c2be3466-f168-46e7-867d-f7f53fd89d13	127.0.0.1	2
ba8d905c-1872-44bb-8408-21086df32e30	t	2	2024-05-24 16:15:50.980951+08	2	2024-05-24 16:15:50.980951+08	/pp_master/work_center/get/employees/c2be3466-f168-46e7-867d-f7f53fd89d13	127.0.0.1	2
69ff92fd-1142-450b-bf0a-89829bb7cdb1	t	2	2024-05-24 16:15:52.814328+08	2	2024-05-24 16:15:52.814328+08	/pp_master/work_center/get/employees/c2be3466-f168-46e7-867d-f7f53fd89d13	127.0.0.1	2
272f132f-0ade-4450-9c07-65419df96cc2	t	2	2024-05-24 16:16:53.612526+08	2	2024-05-24 16:16:53.612526+08	/pp_master/work_center/get/employees/c2be3466-f168-46e7-867d-f7f53fd89d13	127.0.0.1	2
10bbdf9d-b7c7-4d66-9cf2-6283a5a5f721	t	2	2024-05-24 16:16:57.717162+08	2	2024-05-24 16:16:57.717162+08	/pp_master/work_center/get/employees/c2be3466-f168-46e7-867d-f7f53fd89d13	127.0.0.1	2
37dce4b2-a69d-40ff-a699-af25083b0c3a	t	2	2024-05-24 16:16:58.406165+08	2	2024-05-24 16:16:58.406165+08	/pp_master/work_center/get/employees/c2be3466-f168-46e7-867d-f7f53fd89d13	127.0.0.1	2
7b308c12-f344-444e-b19e-dd5e4a38fd09	t	2	2024-05-24 16:16:58.596999+08	2	2024-05-24 16:16:58.596999+08	/pp_master/work_center/get/employees/c2be3466-f168-46e7-867d-f7f53fd89d13	127.0.0.1	2
2b291b8e-1077-420c-8d3c-632386088931	t	2	2024-05-24 16:16:58.813055+08	2	2024-05-24 16:16:58.813055+08	/pp_master/work_center/get/employees/c2be3466-f168-46e7-867d-f7f53fd89d13	127.0.0.1	2
b361cd11-f0e6-44bb-95db-4dde7ce2011b	t	2	2024-05-24 16:18:31.600892+08	2	2024-05-24 16:18:31.600892+08	/sys_auth/user/index/	127.0.0.1	2
b4c40bba-b5ac-48cc-9da3-126d31ccddba	t	2	2024-05-24 16:18:34.249658+08	2	2024-05-24 16:18:34.249658+08	/sys_auth/user/add/	127.0.0.1	2
f74cdd38-3323-46e3-a05a-4987393f644d	t	2	2024-05-24 16:18:39.06759+08	2	2024-05-24 16:18:39.06759+08	/org_emp/employee/search/	127.0.0.1	2
7487b10e-1862-43bc-ae32-c6cbf09f0438	t	2	2024-05-24 16:18:54.401668+08	2	2024-05-24 16:18:54.401668+08	/index/	127.0.0.1	2
017d04a0-2a48-4134-9102-8659ba73f7c6	t	2	2024-05-24 16:18:54.660174+08	2	2024-05-24 16:18:54.660174+08	/home/	127.0.0.1	2
9127e3ea-b770-45bd-9ac8-95d4696b9b36	t	2	2024-05-24 16:18:56.399769+08	2	2024-05-24 16:18:56.399769+08	/pp_master/work_center/index/	127.0.0.1	2
399cc895-eca1-402a-a33d-0bed1336204d	t	2	2024-05-24 16:18:58.152064+08	2	2024-05-24 16:18:58.152064+08	/pp_master/work_center/get/employees/c2be3466-f168-46e7-867d-f7f53fd89d13	127.0.0.1	2
88845efe-166a-46b0-a183-e93f54939a16	t	2	2024-05-24 16:19:04.858172+08	2	2024-05-24 16:19:04.858172+08	/pp_master/work_center/get/employees/c2be3466-f168-46e7-867d-f7f53fd89d13	127.0.0.1	2
b37d7126-6692-4177-8a24-0e500b63e496	t	2	2024-05-24 16:19:05.434687+08	2	2024-05-24 16:19:05.434687+08	/pp_master/work_center/get/employees/c2be3466-f168-46e7-867d-f7f53fd89d13	127.0.0.1	2
0609b50b-ffc4-41ae-bc65-621a186f310c	t	2	2024-05-24 16:19:05.618463+08	2	2024-05-24 16:19:05.618463+08	/pp_master/work_center/get/employees/c2be3466-f168-46e7-867d-f7f53fd89d13	127.0.0.1	2
bf7f519a-7e5a-4939-b3f9-a767379c8dcf	t	2	2024-05-24 16:19:05.793285+08	2	2024-05-24 16:19:05.793285+08	/pp_master/work_center/get/employees/c2be3466-f168-46e7-867d-f7f53fd89d13	127.0.0.1	2
e20f9b1d-071a-4bc7-9b29-ab8ab92a4471	t	2	2024-05-24 16:19:05.957314+08	2	2024-05-24 16:19:05.957314+08	/pp_master/work_center/get/employees/c2be3466-f168-46e7-867d-f7f53fd89d13	127.0.0.1	2
fdc6c9c2-e2c6-4cfb-8c34-3af5223db5c3	t	2	2024-05-24 16:19:06.1308+08	2	2024-05-24 16:19:06.1308+08	/pp_master/work_center/get/employees/c2be3466-f168-46e7-867d-f7f53fd89d13	127.0.0.1	2
b0d4df4a-efc9-4654-a150-e9461fb5d82a	t	2	2024-05-24 16:19:06.313116+08	2	2024-05-24 16:19:06.313116+08	/pp_master/work_center/get/employees/c2be3466-f168-46e7-867d-f7f53fd89d13	127.0.0.1	2
c5982891-68a4-414d-99fa-e81bbdaa3185	t	2	2024-05-24 16:19:07.082821+08	2	2024-05-24 16:19:07.082821+08	/pp_master/work_center/get/employees/c2be3466-f168-46e7-867d-f7f53fd89d13	127.0.0.1	2
3ff869a5-dd42-4557-929d-25643dbbee80	t	2	2024-05-24 16:19:07.768918+08	2	2024-05-24 16:19:07.768918+08	/pp_master/work_center/get/employees/c2be3466-f168-46e7-867d-f7f53fd89d13	127.0.0.1	2
f3dcfe8f-7025-486f-bb63-298a073b031c	t	2	2024-05-24 16:19:08.331712+08	2	2024-05-24 16:19:08.331712+08	/pp_master/work_center/get/employees/c2be3466-f168-46e7-867d-f7f53fd89d13	127.0.0.1	2
d80d39cf-36f2-457f-bd1f-3e31a543c550	t	2	2024-05-24 16:19:56.000297+08	2	2024-05-24 16:19:56.000297+08	/index/	127.0.0.1	2
4678c3ea-9298-4517-b058-5ea9c394e749	t	2	2024-05-24 16:19:56.259076+08	2	2024-05-24 16:19:56.259076+08	/home/	127.0.0.1	2
ea30bba0-954c-423d-9f84-450c50af152f	t	2	2024-05-24 16:20:02.947387+08	2	2024-05-24 16:20:02.947387+08	/pp_master/work_center/index/	127.0.0.1	2
b7c7c16d-6dc1-4bb2-8dbf-9d144aa90b8f	t	2	2024-05-24 16:20:04.712942+08	2	2024-05-24 16:20:04.712942+08	/pp_master/work_center/get/employees/610ea5e2-b254-4cf4-b2ca-b7398cbd075a	127.0.0.1	2
f6653a2b-92ba-47cf-85f6-c8cb95be9ce4	t	2	2024-05-24 16:20:11.35587+08	2	2024-05-24 16:20:11.35587+08	/pp_master/work_center/get/employees/610ea5e2-b254-4cf4-b2ca-b7398cbd075a	127.0.0.1	2
a240b7ca-462f-420e-bb36-48fb1dc0ce98	t	2	2024-05-24 16:20:11.680747+08	2	2024-05-24 16:20:11.680747+08	/pp_master/work_center/get/employees/610ea5e2-b254-4cf4-b2ca-b7398cbd075a	127.0.0.1	2
792fb348-2fb3-4738-8997-4fb751030066	t	2	2024-05-24 16:20:11.88408+08	2	2024-05-24 16:20:11.88408+08	/pp_master/work_center/get/employees/610ea5e2-b254-4cf4-b2ca-b7398cbd075a	127.0.0.1	2
f9c9e3c2-8900-4bc0-a15f-f6ef208d4ee5	t	2	2024-05-24 16:20:12.05407+08	2	2024-05-24 16:20:12.05407+08	/pp_master/work_center/get/employees/610ea5e2-b254-4cf4-b2ca-b7398cbd075a	127.0.0.1	2
255407de-4d87-4874-b990-09ed16c506aa	t	2	2024-05-24 16:20:12.256758+08	2	2024-05-24 16:20:12.256758+08	/pp_master/work_center/get/employees/610ea5e2-b254-4cf4-b2ca-b7398cbd075a	127.0.0.1	2
3db90cc3-6ea1-4240-9ef9-234f13374dac	t	2	2024-05-24 16:20:12.415958+08	2	2024-05-24 16:20:12.415958+08	/pp_master/work_center/get/employees/610ea5e2-b254-4cf4-b2ca-b7398cbd075a	127.0.0.1	2
74f12a0b-c67f-4b52-8986-6d042fa05cc4	t	2	2024-05-24 16:20:12.562567+08	2	2024-05-24 16:20:12.562567+08	/pp_master/work_center/get/employees/610ea5e2-b254-4cf4-b2ca-b7398cbd075a	127.0.0.1	2
fb354849-5dfd-4c79-b26b-ffa1a1396d72	t	2	2024-05-24 16:22:48.396107+08	2	2024-05-24 16:22:48.396107+08	/pp_master/work_center/get/employees/610ea5e2-b254-4cf4-b2ca-b7398cbd075a	127.0.0.1	2
752f9326-bb45-42f2-b02f-e409d520959f	t	2	2024-05-24 16:23:26.276765+08	2	2024-05-24 16:23:26.276765+08	/index/	127.0.0.1	2
c1a9eb89-c590-4866-9a0b-b29d29d4a3c9	t	2	2024-05-24 16:23:26.548105+08	2	2024-05-24 16:23:26.548105+08	/home/	127.0.0.1	2
c6989284-aded-493a-bc34-5fa6add8e1ed	t	2	2024-05-24 16:23:29.851235+08	2	2024-05-24 16:23:29.851235+08	/sys_auth/user/index/	127.0.0.1	2
ff8f9336-fc6b-4629-a125-d3af5c426e39	t	2	2024-05-24 16:23:31.548125+08	2	2024-05-24 16:23:31.548125+08	/sys_auth/user/add/	127.0.0.1	2
0093ed87-a75b-4acb-be56-e6e1161be482	t	2	2024-05-24 16:23:35.039225+08	2	2024-05-24 16:23:35.039225+08	/org_emp/employee/search/	127.0.0.1	2
2d65867f-1de2-4406-b7c5-c960e4c02f90	t	2	2024-05-24 16:23:42.629596+08	2	2024-05-24 16:23:42.629596+08	/pp_master/work_center/index/	127.0.0.1	2
67eab4f2-d502-4a98-993f-85c23045cb47	t	2	2024-05-24 16:23:44.127141+08	2	2024-05-24 16:23:44.127141+08	/pp_master/work_center/get/employees/c2be3466-f168-46e7-867d-f7f53fd89d13	127.0.0.1	2
27073c9d-6be0-46b0-b90b-f600a37dbf02	t	2	2024-05-24 16:23:46.465617+08	2	2024-05-24 16:23:46.465617+08	/pp_master/work_center/get/employees/c2be3466-f168-46e7-867d-f7f53fd89d13	127.0.0.1	2
f29e1b4d-c72b-4181-b8e3-37b0c16db4e1	t	2	2024-05-24 16:23:47.175762+08	2	2024-05-24 16:23:47.175762+08	/pp_master/work_center/get/employees/c2be3466-f168-46e7-867d-f7f53fd89d13	127.0.0.1	2
a047405c-ab51-444c-8edd-42e3b838d015	t	2	2024-05-24 16:23:47.360036+08	2	2024-05-24 16:23:47.360036+08	/pp_master/work_center/get/employees/c2be3466-f168-46e7-867d-f7f53fd89d13	127.0.0.1	2
73a37611-3f05-4a4b-8c34-02fb6bd3fb5d	t	2	2024-05-24 16:23:47.547469+08	2	2024-05-24 16:23:47.547469+08	/pp_master/work_center/get/employees/c2be3466-f168-46e7-867d-f7f53fd89d13	127.0.0.1	2
c983aacb-2ebc-480c-8698-c33660469aa2	t	2	2024-05-24 16:25:06.018235+08	2	2024-05-24 16:25:06.018235+08	/pp_master/work_center/index/	127.0.0.1	2
7ba34b5e-3de7-4813-a862-a0e6e1e56751	t	2	2024-05-24 16:23:47.713862+08	2	2024-05-24 16:23:47.713862+08	/pp_master/work_center/get/employees/c2be3466-f168-46e7-867d-f7f53fd89d13	127.0.0.1	2
54a6ece0-1236-4e48-a977-8a1d656c5245	t	2	2024-05-24 16:23:49.233891+08	2	2024-05-24 16:23:49.233891+08	/pp_master/work_center/get/employees/c2be3466-f168-46e7-867d-f7f53fd89d13	127.0.0.1	2
535eb88e-534d-4bba-b208-02bff7d6a28e	t	2	2024-05-24 16:23:50.564343+08	2	2024-05-24 16:23:50.564343+08	/pp_master/work_center/get/employees/c2be3466-f168-46e7-867d-f7f53fd89d13	127.0.0.1	2
90a37021-fe2f-4d46-b557-85227bdf506e	t	2	2024-05-24 16:25:07.072178+08	2	2024-05-24 16:25:07.072178+08	/pp_master/work_center/get/employees/c2be3466-f168-46e7-867d-f7f53fd89d13	127.0.0.1	2
15a41b92-1310-4101-b218-459804c45433	t	2	2024-05-24 16:25:09.17376+08	2	2024-05-24 16:25:09.17376+08	/org_emp/employee/search/	127.0.0.1	2
1d32b321-1516-4baf-a412-61979b58c843	t	2	2024-05-24 16:25:43.281313+08	2	2024-05-24 16:25:43.281313+08	/index/	127.0.0.1	2
280eee5c-a516-487b-82e5-0e26a93e63ed	t	2	2024-05-24 16:25:43.572487+08	2	2024-05-24 16:25:43.572487+08	/home/	127.0.0.1	2
7cfca653-2515-4acc-a0ed-270af41711d2	t	2	2024-05-24 16:25:46.509386+08	2	2024-05-24 16:25:46.509386+08	/pp_master/work_center/index/	127.0.0.1	2
410140ad-7528-4d5c-a5eb-f628ac3ecbaa	t	2	2024-05-24 16:25:47.466648+08	2	2024-05-24 16:25:47.466648+08	/pp_master/work_center/get/employees/c2be3466-f168-46e7-867d-f7f53fd89d13	127.0.0.1	2
58d3793d-d585-4796-8cc6-a9bf8f8358c6	t	2	2024-05-24 16:25:52.772321+08	2	2024-05-24 16:25:52.772321+08	/org_emp/employee/search/	127.0.0.1	2
0573c85d-3d86-4ea7-8e6f-f4d125cdde20	t	2	2024-05-24 16:38:57.479247+08	2	2024-05-24 16:38:57.479247+08	/index/	127.0.0.1	2
1c7dd9ae-42ba-4eb5-b488-2a8ce83610fc	t	2	2024-05-24 16:38:57.798064+08	2	2024-05-24 16:38:57.798064+08	/home/	127.0.0.1	2
2aa225b0-9d3e-4830-8feb-f9e4e1c8db17	t	2	2024-05-24 16:39:01.751968+08	2	2024-05-24 16:39:01.751968+08	/pp_master/work_center/index/	127.0.0.1	2
34d908b8-d557-41fe-81d8-854ef6eb183f	t	2	2024-05-24 16:39:02.618998+08	2	2024-05-24 16:39:02.618998+08	/pp_master/work_center/get/employees/c2be3466-f168-46e7-867d-f7f53fd89d13	127.0.0.1	2
3d81b4a3-d777-42bd-b6f8-c0b06a2bc71d	t	2	2024-05-24 16:39:07.849526+08	2	2024-05-24 16:39:07.849526+08	/org_emp/employee/search/	127.0.0.1	2
48a3b9c9-e460-423a-97d6-8edb64e04f4b	t	2	2024-05-24 16:39:12.856988+08	2	2024-05-24 16:39:12.856988+08	/pp_master/work_center/add/employee/c2be3466-f168-46e7-867d-f7f53fd89d13/2f682a9c-08c2-47ae-8222-f64be0214e1b	127.0.0.1	2
2a4f680c-f1b0-4a7a-aef3-bdadc99293b6	t	2	2024-05-24 16:39:28.776685+08	2	2024-05-24 16:39:28.776685+08	/pp_master/work_center/get/employees/c2be3466-f168-46e7-867d-f7f53fd89d13	127.0.0.1	2
95dec175-1e0b-4520-99e6-e79501acdf0b	t	2	2024-05-24 16:41:38.440014+08	2	2024-05-24 16:41:38.440014+08	/index/	127.0.0.1	2
a778f9ba-08e4-4cf0-9a9f-535a7814c1ae	t	2	2024-05-24 16:41:38.699443+08	2	2024-05-24 16:41:38.699443+08	/home/	127.0.0.1	2
e79f2fd2-d17b-4a06-ba35-2bd27ddc1f0f	t	2	2024-05-24 16:41:39.917275+08	2	2024-05-24 16:41:39.917275+08	/pp_master/work_center/index/	127.0.0.1	2
0dc5d9bc-3861-49d1-afa5-65e7ae61e6a5	t	2	2024-05-24 16:41:40.839115+08	2	2024-05-24 16:41:40.839115+08	/pp_master/work_center/get/employees/c2be3466-f168-46e7-867d-f7f53fd89d13	127.0.0.1	2
3fec9630-a1f8-4c4e-97d7-d6107e08bed2	t	2	2024-05-24 16:41:46.173953+08	2	2024-05-24 16:41:46.173953+08	/org_emp/employee/search/	127.0.0.1	2
53460f10-1d73-436a-9c9e-3f8b4d002a9d	t	2	2024-05-24 16:41:49.99065+08	2	2024-05-24 16:41:49.99065+08	/pp_master/work_center/add/employee/c2be3466-f168-46e7-867d-f7f53fd89d13/dccb2528-55b1-46a4-9032-2d9db363e70a	127.0.0.1	2
c7db484f-a81e-46b0-85f1-7c3f66701a56	t	2	2024-05-24 16:41:50.205583+08	2	2024-05-24 16:41:50.205583+08	/pp_master/work_center/get/employees/c2be3466-f168-46e7-867d-f7f53fd89d13	127.0.0.1	2
83ea999a-5e39-4b16-a1df-c6cf2629728d	t	2	2024-05-24 16:42:06.016939+08	2	2024-05-24 16:42:06.016939+08	/index/	127.0.0.1	2
95f16765-9593-4b25-93bc-6fdfd7676e59	t	2	2024-05-24 16:42:06.274965+08	2	2024-05-24 16:42:06.274965+08	/home/	127.0.0.1	2
19280e05-f4e3-49fd-8a47-64291626ce2a	t	2	2024-05-24 16:42:07.3221+08	2	2024-05-24 16:42:07.3221+08	/pp_master/work_center/index/	127.0.0.1	2
61cb9d42-9ded-4df3-b7e5-e07f4460b5ea	t	2	2024-05-24 16:42:08.371753+08	2	2024-05-24 16:42:08.371753+08	/pp_master/work_center/get/employees/c2be3466-f168-46e7-867d-f7f53fd89d13	127.0.0.1	2
f6419c95-6749-40ef-afa0-98486ecd480a	t	2	2024-05-24 16:42:12.897046+08	2	2024-05-24 16:42:12.897046+08	/org_emp/employee/search/	127.0.0.1	2
d6345afe-f9ad-4ea1-b0f0-42bea9aeb021	t	2	2024-05-24 16:42:15.357412+08	2	2024-05-24 16:42:15.357412+08	/pp_master/work_center/add/employee/c2be3466-f168-46e7-867d-f7f53fd89d13/2f682a9c-08c2-47ae-8222-f64be0214e1b	127.0.0.1	2
12019093-9a98-45b0-ab35-46f377fcccef	t	2	2024-05-24 16:42:23.281016+08	2	2024-05-24 16:42:23.281016+08	/org_emp/employee/search/	127.0.0.1	2
dd1ce5d2-1de9-4bff-9776-0582d833efc9	t	2	2024-05-24 16:42:25.14619+08	2	2024-05-24 16:42:25.14619+08	/pp_master/work_center/add/employee/c2be3466-f168-46e7-867d-f7f53fd89d13/4e6f38b4-9ae1-494c-8eda-49ccb9ff1f7b	127.0.0.1	2
c39de8df-eb95-4346-845f-176c1be69ca5	t	2	2024-05-24 16:42:25.342064+08	2	2024-05-24 16:42:25.342064+08	/pp_master/work_center/get/employees/c2be3466-f168-46e7-867d-f7f53fd89d13	127.0.0.1	2
9e13ad9e-99eb-468d-979c-ad9014254d42	t	2	2024-05-24 16:44:05.873281+08	2	2024-05-24 16:44:05.873281+08	/pp_master/work_center/get/employees/c2be3466-f168-46e7-867d-f7f53fd89d13	127.0.0.1	2
c6e081a8-c5fa-4d72-b181-7028813427f0	t	2	2024-05-24 16:44:11.223457+08	2	2024-05-24 16:44:11.223457+08	/org_emp/employee/search/	127.0.0.1	2
e4928b91-36aa-4dd7-9c17-e0b342a3e498	t	2	2024-05-24 16:44:12.636668+08	2	2024-05-24 16:44:12.636668+08	/pp_master/work_center/add/employee/c2be3466-f168-46e7-867d-f7f53fd89d13/062a6cf1-ae70-46c0-a528-6e2685310d27	127.0.0.1	2
fd691bb4-3d4e-41fe-a7e6-81a0d2e053b3	t	2	2024-05-24 16:44:12.83663+08	2	2024-05-24 16:44:12.83663+08	/pp_master/work_center/get/employees/c2be3466-f168-46e7-867d-f7f53fd89d13	127.0.0.1	2
b0f4ad88-347f-47fb-b861-adf436315aba	t	2	2024-05-24 16:44:40.778393+08	2	2024-05-24 16:44:40.778393+08	/index/	127.0.0.1	2
df43c4af-9dbb-4ab2-8cfa-4c5ae0d7bd3d	t	2	2024-05-24 16:44:41.051092+08	2	2024-05-24 16:44:41.051092+08	/home/	127.0.0.1	2
a34b6dc4-76c1-4ba5-ab1e-faba85b6e102	t	2	2024-05-24 16:44:42.173909+08	2	2024-05-24 16:44:42.173909+08	/pp_master/work_center/index/	127.0.0.1	2
4203679f-69ab-4bbd-bfee-f65228694721	t	2	2024-05-24 16:44:43.194864+08	2	2024-05-24 16:44:43.194864+08	/pp_master/work_center/get/employees/c2be3466-f168-46e7-867d-f7f53fd89d13	127.0.0.1	2
2c40fd6e-30c0-4708-8999-f771c789f431	t	2	2024-05-24 16:44:58.409046+08	2	2024-05-24 16:44:58.409046+08	/index/	127.0.0.1	2
55f8aaea-8c4c-458b-8e39-1c26b5dc2b75	t	2	2024-05-24 16:44:58.667649+08	2	2024-05-24 16:44:58.667649+08	/home/	127.0.0.1	2
9ab464ea-8840-499f-afb6-9d798ab77b74	t	2	2024-05-24 16:44:59.629522+08	2	2024-05-24 16:44:59.629522+08	/pp_master/work_center/index/	127.0.0.1	2
c2c0893c-dbf7-4422-8113-378747131c18	t	2	2024-05-24 16:45:00.589314+08	2	2024-05-24 16:45:00.589314+08	/pp_master/work_center/get/employees/c2be3466-f168-46e7-867d-f7f53fd89d13	127.0.0.1	2
ab9e881d-e205-45f4-90a8-7277f5e6ff6d	t	2	2024-05-24 16:45:09.709637+08	2	2024-05-24 16:45:09.709637+08	/index/	127.0.0.1	2
fe04395d-fadc-49aa-9ea4-7eaa767a2097	t	2	2024-05-24 16:45:10.000268+08	2	2024-05-24 16:45:10.000268+08	/home/	127.0.0.1	2
3e67a220-2b72-41f3-bba8-c16bb9223c75	t	2	2024-05-24 16:45:11.019375+08	2	2024-05-24 16:45:11.019375+08	/pp_master/work_center/index/	127.0.0.1	2
b366bd84-c741-4d31-8162-6929a0eef691	t	2	2024-05-24 16:45:12.057497+08	2	2024-05-24 16:45:12.057497+08	/pp_master/work_center/get/employees/c2be3466-f168-46e7-867d-f7f53fd89d13	127.0.0.1	2
0dcad783-0d1d-435b-8f74-3afd50dda8fb	t	2	2024-05-27 10:02:54.795598+08	2	2024-05-27 10:02:54.795598+08	/index/	127.0.0.1	2
5d136cdb-f90d-4c8e-8226-b942528b1dfd	t	2	2024-05-27 10:02:55.113766+08	2	2024-05-27 10:02:55.113766+08	/home/	127.0.0.1	2
eb44edb2-5e53-432a-ac71-f43ddac1e0d2	t	2	2024-05-27 10:02:57.462194+08	2	2024-05-27 10:02:57.462194+08	/pp_master/work_center/index/	127.0.0.1	2
d4f4aa43-eeee-4864-97b0-8aeb2f13eaa2	t	2	2024-05-27 10:02:59.062762+08	2	2024-05-27 10:02:59.062762+08	/pp_master/work_center/get/employees/c2be3466-f168-46e7-867d-f7f53fd89d13	127.0.0.1	2
ae84f302-de6b-4168-a357-6a6443bc7ef0	t	2	2024-05-27 10:03:47.253209+08	2	2024-05-27 10:03:47.253209+08	/index/	127.0.0.1	2
639aa6d1-8468-49ab-b589-1a45eb04857a	t	2	2024-05-27 10:03:47.536336+08	2	2024-05-27 10:03:47.536336+08	/home/	127.0.0.1	2
fa0806cd-e0e7-4496-a7fc-59d82831b88d	t	2	2024-05-27 10:03:49.122595+08	2	2024-05-27 10:03:49.122595+08	/pp_master/work_center/index/	127.0.0.1	2
45c4196a-8628-4187-bf88-b622abe3f1a9	t	2	2024-05-27 10:03:50.002401+08	2	2024-05-27 10:03:50.002401+08	/pp_master/work_center/get/employees/c2be3466-f168-46e7-867d-f7f53fd89d13	127.0.0.1	2
25d5515c-ba4b-4466-9f66-08447f258391	t	2	2024-05-27 10:04:18.083496+08	2	2024-05-27 10:04:18.083496+08	/index/	127.0.0.1	2
dc297597-7428-4c85-a894-465c40bbedf8	t	2	2024-05-27 10:04:18.367621+08	2	2024-05-27 10:04:18.367621+08	/home/	127.0.0.1	2
12db6c5b-675a-4d7b-8c2c-8800d1de4276	t	2	2024-05-27 10:04:19.342867+08	2	2024-05-27 10:04:19.342867+08	/pp_master/work_center/index/	127.0.0.1	2
de56f95f-6ddd-406d-9729-c29ba07555b2	t	2	2024-05-27 10:04:31.437959+08	2	2024-05-27 10:04:31.437959+08	/index/	127.0.0.1	2
021bf2bf-e94c-43dd-9e87-3160e1374fb3	t	2	2024-05-27 10:04:20.395008+08	2	2024-05-27 10:04:20.395008+08	/pp_master/work_center/get/employees/c2be3466-f168-46e7-867d-f7f53fd89d13	127.0.0.1	2
aafdc521-6548-4736-be7e-1b2d4e354f2b	t	2	2024-05-27 10:04:31.714735+08	2	2024-05-27 10:04:31.714735+08	/home/	127.0.0.1	2
f19e02d7-c11f-4d2d-981e-51398f289653	t	2	2024-05-27 10:04:32.681235+08	2	2024-05-27 10:04:32.681235+08	/pp_master/work_center/index/	127.0.0.1	2
2de1e085-740c-4aaa-9587-b160d952eedf	t	2	2024-05-27 10:04:33.70926+08	2	2024-05-27 10:04:33.70926+08	/pp_master/work_center/get/employees/c2be3466-f168-46e7-867d-f7f53fd89d13	127.0.0.1	2
8ec0a336-b773-4774-a1a1-a14adb7eb671	t	2	2024-05-27 10:04:51.171766+08	2	2024-05-27 10:04:51.171766+08	/index/	127.0.0.1	2
386fef3a-faa7-4b14-9720-ec11f74fa331	t	2	2024-05-27 10:04:51.44346+08	2	2024-05-27 10:04:51.44346+08	/home/	127.0.0.1	2
8f828822-3b87-46f3-b26e-488f29a86fa2	t	2	2024-05-27 10:04:52.517043+08	2	2024-05-27 10:04:52.517043+08	/pp_master/work_center/index/	127.0.0.1	2
7eda2b06-55a4-46d0-b0ac-cf4eaa773575	t	2	2024-05-27 10:04:53.345291+08	2	2024-05-27 10:04:53.345291+08	/pp_master/work_center/get/employees/c2be3466-f168-46e7-867d-f7f53fd89d13	127.0.0.1	2
5c0315df-39b0-49a1-a98b-9bf08019b6c8	t	2	2024-05-27 10:05:03.744312+08	2	2024-05-27 10:05:03.744312+08	/index/	127.0.0.1	2
b8887a74-4515-42bf-bc6f-83f85cdde5ea	t	2	2024-05-27 10:05:04.017015+08	2	2024-05-27 10:05:04.017015+08	/home/	127.0.0.1	2
2536ac0d-28ba-4d88-a937-75f2f66e191b	t	2	2024-05-27 10:05:05.143629+08	2	2024-05-27 10:05:05.143629+08	/pp_master/work_center/index/	127.0.0.1	2
33284f13-ca85-4a6c-9297-8f5a152888e2	t	2	2024-05-27 10:05:06.307911+08	2	2024-05-27 10:05:06.307911+08	/pp_master/work_center/get/employees/c2be3466-f168-46e7-867d-f7f53fd89d13	127.0.0.1	2
e3abd058-80c7-4468-a9b8-f742f7b6c78a	t	2	2024-05-27 10:06:29.148867+08	2	2024-05-27 10:06:29.148867+08	/index/	127.0.0.1	2
4cd0db51-7d0f-4438-8e63-3fdbb6328223	t	2	2024-05-27 10:06:29.415654+08	2	2024-05-27 10:06:29.415654+08	/home/	127.0.0.1	2
78434c4e-311d-4fe6-9a10-cefb107134bd	t	2	2024-05-27 10:06:30.293424+08	2	2024-05-27 10:06:30.293424+08	/pp_master/work_center/index/	127.0.0.1	2
71ff28c9-8519-4fba-88f3-32cd777be54f	t	2	2024-05-27 10:06:31.155618+08	2	2024-05-27 10:06:31.155618+08	/pp_master/work_center/get/employees/c2be3466-f168-46e7-867d-f7f53fd89d13	127.0.0.1	2
02737894-9a5d-4053-8d66-3f5a28927584	t	2	2024-05-27 10:17:17.648141+08	2	2024-05-27 10:17:17.648141+08	/index/	127.0.0.1	2
bf7680c9-ce29-4315-ba96-2fb923c4eb61	t	2	2024-05-27 10:17:17.94176+08	2	2024-05-27 10:17:17.94176+08	/home/	127.0.0.1	2
eaac76a6-7dfc-42a2-80ae-57be0523e57d	t	2	2024-05-27 10:17:18.903965+08	2	2024-05-27 10:17:18.903965+08	/pp_master/work_center/index/	127.0.0.1	2
402bfdee-9edb-4e1e-ab83-6ccac3da67e0	t	2	2024-05-27 10:17:19.831637+08	2	2024-05-27 10:17:19.831637+08	/pp_master/work_center/get/employees/c2be3466-f168-46e7-867d-f7f53fd89d13	127.0.0.1	2
729b4e1a-ff33-4320-9e53-589867fbca48	t	2	2024-05-27 10:18:03.77132+08	2	2024-05-27 10:18:03.77132+08	/index/	127.0.0.1	2
0653fa12-0b70-4851-906f-c5eeca9923d2	t	2	2024-05-27 10:18:04.044877+08	2	2024-05-27 10:18:04.044877+08	/home/	127.0.0.1	2
d0ea652e-ff29-461d-a17e-c539b9ddc716	t	2	2024-05-27 10:18:05.036338+08	2	2024-05-27 10:18:05.036338+08	/pp_master/work_center/index/	127.0.0.1	2
92b6291f-106c-4a2a-8cf5-edc95ca8b46e	t	2	2024-05-27 10:18:05.722739+08	2	2024-05-27 10:18:05.722739+08	/pp_master/work_center/get/employees/c2be3466-f168-46e7-867d-f7f53fd89d13	127.0.0.1	2
362272b3-754a-4258-ace2-bbf614f28617	t	2	2024-05-27 10:18:35.986356+08	2	2024-05-27 10:18:35.986356+08	/index/	127.0.0.1	2
ed44c3cf-2621-480d-acdb-2bff2ccb9ee3	t	2	2024-05-27 10:18:36.264617+08	2	2024-05-27 10:18:36.264617+08	/home/	127.0.0.1	2
9d69ad92-2ac9-4d89-b0ef-9359642d75e3	t	2	2024-05-27 10:18:37.291972+08	2	2024-05-27 10:18:37.291972+08	/pp_master/work_center/index/	127.0.0.1	2
d220cf30-5b18-4a0e-aac1-1950f5c19d8f	t	2	2024-05-27 10:18:38.127227+08	2	2024-05-27 10:18:38.127227+08	/pp_master/work_center/get/employees/c2be3466-f168-46e7-867d-f7f53fd89d13	127.0.0.1	2
36f0d675-4556-42a9-a612-9765b5300b84	t	2	2024-05-27 10:18:51.907111+08	2	2024-05-27 10:18:51.907111+08	/index/	127.0.0.1	2
c43f870d-d8f9-4206-a63e-7f5af6783fe7	t	2	2024-05-27 10:18:52.217395+08	2	2024-05-27 10:18:52.217395+08	/home/	127.0.0.1	2
58d26717-0162-4461-8785-9d7cde85de40	t	2	2024-05-27 10:18:53.146977+08	2	2024-05-27 10:18:53.146977+08	/pp_master/work_center/index/	127.0.0.1	2
2ca43396-9216-4507-8fb5-709b2f3030a5	t	2	2024-05-27 10:18:54.40511+08	2	2024-05-27 10:18:54.40511+08	/pp_master/work_center/get/employees/c2be3466-f168-46e7-867d-f7f53fd89d13	127.0.0.1	2
b7353c63-b903-41ed-aba8-703deac559ec	t	2	2024-05-27 10:20:44.433761+08	2	2024-05-27 10:20:44.433761+08	/index/	127.0.0.1	2
8218fdcc-4d40-4246-b367-dd6012b025ba	t	2	2024-05-27 10:20:44.71218+08	2	2024-05-27 10:20:44.71218+08	/home/	127.0.0.1	2
094f186d-77e9-417e-b674-d9c6ce9eb2c8	t	2	2024-05-27 10:20:45.774739+08	2	2024-05-27 10:20:45.774739+08	/pp_master/work_center/index/	127.0.0.1	2
03ea88c8-7af7-4658-be84-76870b6ff1b8	t	2	2024-05-27 10:20:46.46495+08	2	2024-05-27 10:20:46.46495+08	/pp_master/work_center/get/employees/c2be3466-f168-46e7-867d-f7f53fd89d13	127.0.0.1	2
484f1431-d624-43ed-b0c6-53151ecdd5c5	t	2	2024-05-27 10:23:48.775417+08	2	2024-05-27 10:23:48.775417+08	/index/	127.0.0.1	2
e05a1f75-2fd5-4374-9e2e-61e8e5a0be13	t	2	2024-05-27 10:23:49.106958+08	2	2024-05-27 10:23:49.106958+08	/home/	127.0.0.1	2
8d586d75-3860-4e9f-b8de-597323725752	t	2	2024-05-27 10:23:50.057664+08	2	2024-05-27 10:23:50.057664+08	/pp_master/work_center/index/	127.0.0.1	2
7c3087ea-4391-4699-9bbb-dd2e9ebc1e21	t	2	2024-05-27 10:23:50.859681+08	2	2024-05-27 10:23:50.859681+08	/pp_master/work_center/get/employees/c2be3466-f168-46e7-867d-f7f53fd89d13	127.0.0.1	2
b1c3999c-bfd6-4a67-b4c3-1daaf805b596	t	2	2024-05-27 10:24:02.534728+08	2	2024-05-27 10:24:02.534728+08	/index/	127.0.0.1	2
1c09d2c5-0545-422a-853e-385aa6084e0b	t	2	2024-05-27 10:24:02.808216+08	2	2024-05-27 10:24:02.808216+08	/home/	127.0.0.1	2
cb0df461-35f5-49fe-8d43-c095cbe83b29	t	2	2024-05-27 10:24:04.68062+08	2	2024-05-27 10:24:04.68062+08	/pp_master/work_center/index/	127.0.0.1	2
171b6ccd-5681-494f-8fa1-fe85bbfe0c49	t	2	2024-05-27 10:24:05.670634+08	2	2024-05-27 10:24:05.670634+08	/pp_master/work_center/get/employees/c2be3466-f168-46e7-867d-f7f53fd89d13	127.0.0.1	2
da4a00d9-0c63-4e1f-81b1-7e488225372c	t	2	2024-05-27 10:26:05.556526+08	2	2024-05-27 10:26:05.556526+08	/index/	127.0.0.1	2
9a0607a7-8b6c-41e6-8845-b0266c14db36	t	2	2024-05-27 10:26:05.868954+08	2	2024-05-27 10:26:05.868954+08	/home/	127.0.0.1	2
4e34f39c-a72f-4a37-8861-5e6e4fffce1c	t	2	2024-05-27 10:26:06.755614+08	2	2024-05-27 10:26:06.755614+08	/pp_master/work_center/index/	127.0.0.1	2
3a3de7b4-afcc-4662-91cb-46da38e2825d	t	2	2024-05-27 10:26:08.344854+08	2	2024-05-27 10:26:08.344854+08	/pp_master/work_center/get/employees/c2be3466-f168-46e7-867d-f7f53fd89d13	127.0.0.1	2
5ebb0048-2af3-4aa2-83c3-964baa87e393	t	2	2024-05-27 10:30:16.238739+08	2	2024-05-27 10:30:16.238739+08	/index/	127.0.0.1	2
b9d447a6-b8d7-411c-9242-d1adf7076853	t	2	2024-05-27 10:30:16.533259+08	2	2024-05-27 10:30:16.533259+08	/home/	127.0.0.1	2
0a46034a-53b9-4983-888e-4790ff0cf6fd	t	2	2024-05-27 10:30:17.736951+08	2	2024-05-27 10:30:17.736951+08	/pp_master/work_center/index/	127.0.0.1	2
bcf2c1d9-085b-4ce0-87d2-c712f4792734	t	2	2024-05-27 10:30:18.609079+08	2	2024-05-27 10:30:18.609079+08	/pp_master/work_center/get/employees/c2be3466-f168-46e7-867d-f7f53fd89d13	127.0.0.1	2
16a9fdb9-8896-4acc-aa93-fa557b9be607	t	2	2024-05-27 10:30:22.420065+08	2	2024-05-27 10:30:22.420065+08	/pp_master/work_center/remove/employee/c2be3466-f168-46e7-867d-f7f53fd89d13/2f682a9c-08c2-47ae-8222-f64be0214e1b	127.0.0.1	2
a5713524-d5ee-4081-947d-de6adf2c2f98	t	2	2024-05-27 10:30:22.619878+08	2	2024-05-27 10:30:22.619878+08	/pp_master/work_center/get/employees/c2be3466-f168-46e7-867d-f7f53fd89d13	127.0.0.1	2
e81fd589-6754-42b9-86cb-dc0a0513b11c	t	2	2024-05-27 10:34:37.051342+08	2	2024-05-27 10:34:37.051342+08	/pp_master/work_center/remove/employee/c2be3466-f168-46e7-867d-f7f53fd89d13/062a6cf1-ae70-46c0-a528-6e2685310d27	127.0.0.1	2
17051249-c3b4-471c-8d44-12acc0119970	t	2	2024-05-27 10:34:37.258185+08	2	2024-05-27 10:34:37.258185+08	/pp_master/work_center/get/employees/c2be3466-f168-46e7-867d-f7f53fd89d13	127.0.0.1	2
0fd39776-648a-4a0b-b21d-3996dacbcea6	t	2	2024-05-27 10:58:41.574697+08	2	2024-05-27 10:58:41.574697+08	/sys_auth/role/index/	127.0.0.1	2
b0fe0420-b640-4246-b683-8492bca4d613	t	2	2024-05-27 10:58:44.903946+08	2	2024-05-27 10:58:44.903946+08	/index/	127.0.0.1	2
111b4cfd-ecdc-4c11-b488-a2eba72b0552	t	2	2024-05-27 10:58:45.181775+08	2	2024-05-27 10:58:45.181775+08	/home/	127.0.0.1	2
906a2863-3124-4c3d-9808-624fc82e92e7	t	2	2024-05-29 15:02:28.817538+08	2	2024-05-29 15:02:28.817538+08	/index/	127.0.0.1	2
545f6b2c-8819-42a0-86dd-bc72569c3af1	t	2	2024-05-29 15:02:29.209475+08	2	2024-05-29 15:02:29.209475+08	/home/	127.0.0.1	2
fd59d950-e29e-4dc6-a02b-093a1ccd80cb	t	2	2024-05-29 15:21:01.246458+08	2	2024-05-29 15:21:01.246458+08	/index/	127.0.0.1	2
722a65cd-2220-44a2-b4d7-c71f420dfbf0	t	2	2024-05-29 15:21:01.61249+08	2	2024-05-29 15:21:01.61249+08	/home/	127.0.0.1	2
f8b4d174-ce66-4b64-81cd-a8112bfe2889	t	2	2024-05-29 15:22:07.873291+08	2	2024-05-29 15:22:07.873291+08	/sys_auth/menu/index/	127.0.0.1	2
467782ce-543e-4ed1-bfed-469622e492ff	t	2	2024-05-29 15:23:03.796506+08	2	2024-05-29 15:23:03.796506+08	/index/	127.0.0.1	2
d7b3e7fd-b0fb-42cf-82d9-715409cea089	t	2	2024-05-29 15:23:04.146572+08	2	2024-05-29 15:23:04.146572+08	/home/	127.0.0.1	2
514341c8-7ffa-4ee4-8b61-7983360b0251	t	2	2024-05-29 15:44:13.039204+08	2	2024-05-29 15:44:13.039204+08	/sys_auth/user/index/	127.0.0.1	2
1f453d63-ab4f-47fa-9e9b-98d9bf5f6822	t	2	2024-05-29 15:44:14.16711+08	2	2024-05-29 15:44:14.16711+08	/sys_auth/user/add/	127.0.0.1	2
e6c30fec-0336-4602-8700-11675af7d608	t	2	2024-05-29 15:44:22.032471+08	2	2024-05-29 15:44:22.032471+08	/org_emp/employee/search/	127.0.0.1	2
ee98b6f8-d62f-4d47-83a6-1748030d8039	t	2	2024-05-29 15:44:43.058675+08	2	2024-05-29 15:44:43.058675+08	/sys_auth/user/add/	127.0.0.1	2
665c3ae6-c756-47e9-bef2-295fb9a4cdb9	t	2	2024-05-29 15:45:01.897934+08	2	2024-05-29 15:45:01.897934+08	/org_emp/employee/search/	127.0.0.1	2
929ea273-b7c2-4429-bfa0-5959deb5c18e	t	2	2024-05-29 15:45:19.825246+08	2	2024-05-29 15:45:19.825246+08	/sys_auth/user/add/	127.0.0.1	2
d2465d10-c88d-4d97-ac1c-04aa8315207b	t	2	2024-05-29 15:45:20.039692+08	2	2024-05-29 15:45:20.039692+08	/sys_auth/user/index/	127.0.0.1	2
eb040cea-3c52-40cf-baaa-1b9605a21ac5	t	2	2024-05-29 15:45:35.837768+08	2	2024-05-29 15:45:35.837768+08	/sys_auth/user/edit/3	127.0.0.1	2
21977030-b3a0-4d29-a9c2-f4b278ab948d	t	2	2024-05-29 15:45:40.760802+08	2	2024-05-29 15:45:40.760802+08	/sys_auth/user/index/	127.0.0.1	2
\.


--
-- Data for Name: sys_login; Type: TABLE DATA; Schema: public; Owner: mes
--

COPY public.sys_login (id, active, created_by, created_on, updated_by, updated_on, ip, user_id) FROM stdin;
a454cc90-d72a-46b3-a42c-25d5c3fcbd04	t	1	2024-05-21 15:01:54.923107+08	1	2024-05-21 15:01:54.923107+08	127.0.0.1	1
503afb39-2c60-4cf5-b3ac-97b0512d99fc	t	2	2024-05-21 15:19:05.260262+08	2	2024-05-21 15:19:05.260262+08	127.0.0.1	2
f50484f9-f515-450c-b422-8e71495faabe	t	2	2024-05-22 09:13:13.542463+08	2	2024-05-22 09:13:13.542463+08	127.0.0.1	2
4aa78164-772b-4f33-b6fe-1013319c2349	t	2	2024-05-22 10:36:32.823958+08	2	2024-05-22 10:36:32.823958+08	127.0.0.1	2
f6176eec-5e27-4fbb-91a0-e66d9dda0dbb	t	2	2024-05-22 13:20:08.294445+08	2	2024-05-22 13:20:08.294445+08	127.0.0.1	2
8746de59-2acf-4bff-88fb-8772037416e7	t	2	2024-05-22 14:45:25.46948+08	2	2024-05-22 14:45:25.46948+08	127.0.0.1	2
89a739fa-81fb-4811-b087-20b2f87800dd	t	2	2024-05-22 15:42:41.742187+08	2	2024-05-22 15:42:41.742187+08	127.0.0.1	2
eacd46d8-1120-43d1-8f54-62a2a9639657	t	2	2024-05-23 10:56:39.677312+08	2	2024-05-23 10:56:39.677312+08	127.0.0.1	2
885ef477-043f-47a4-85b9-13a4958f7dfc	t	2	2024-05-23 14:31:25.11015+08	2	2024-05-23 14:31:25.11015+08	127.0.0.1	2
1663ca80-c8bb-4a89-b027-abe51c941535	t	1	2024-05-23 14:36:18.901615+08	1	2024-05-23 14:36:18.901615+08	127.0.0.1	1
79ab7af9-c15d-4805-9c18-14dd9654d93e	t	2	2024-05-23 14:36:46.4414+08	2	2024-05-23 14:36:46.4414+08	127.0.0.1	2
09f9b4cd-947c-486c-8f9e-d84f8673624b	t	2	2024-05-23 15:36:20.990821+08	2	2024-05-23 15:36:20.990821+08	127.0.0.1	2
9355a316-39cb-4527-afa0-7a076d1d01d3	t	2	2024-05-23 16:05:24.606476+08	2	2024-05-23 16:05:24.606476+08	127.0.0.1	2
9ef3e896-70ed-43b8-af21-95c70601c224	t	2	2024-05-23 16:29:33.66687+08	2	2024-05-23 16:29:33.66687+08	127.0.0.1	2
73a80944-064b-47d0-bcc1-901b93dae7fa	t	2	2024-05-24 10:33:17.269042+08	2	2024-05-24 10:33:17.269042+08	127.0.0.1	2
8dd02591-a15f-4c82-9f4d-d56c5a5fa84c	t	2	2024-05-24 13:29:25.795696+08	2	2024-05-24 13:29:25.795696+08	127.0.0.1	2
35af2fb4-cc50-4e77-9133-c13a9949fb15	t	2	2024-05-24 14:09:01.081129+08	2	2024-05-24 14:09:01.081129+08	127.0.0.1	2
6a32ce3d-561d-414d-9093-61dac1b929dd	t	2	2024-05-24 15:48:54.8576+08	2	2024-05-24 15:48:54.8576+08	127.0.0.1	2
72d37721-2c45-48a5-a10f-a58818e9b101	t	2	2024-05-27 10:02:54.592972+08	2	2024-05-27 10:02:54.592972+08	127.0.0.1	2
a6386205-ef84-4539-94ec-9926cbe3a8a9	t	2	2024-05-29 15:02:28.582766+08	2	2024-05-29 15:02:28.582766+08	127.0.0.1	2
\.


--
-- Data for Name: sys_menu; Type: TABLE DATA; Schema: public; Owner: mes
--

COPY public.sys_menu (id, active, created_by, created_on, updated_by, updated_on, name, code, url, icon, remark) FROM stdin;
6d91a3a3-e4f9-4a4a-83b5-4e16b0b1e740	t	1	2024-05-21 15:06:28.084521+08	\N	2024-05-21 15:06:28.084521+08	工厂管理	OR001	org_com:index	bi bi-buildings	公司信息维护
51bda1b6-d738-44c4-b1e7-80ff8441c89d	t	1	2024-05-21 15:06:58.03356+08	\N	2024-05-21 15:06:58.03356+08	部门管理	OR002	org_dep:index	bi bi-diagram-3	部门信息管理
94002f0c-50cf-4415-9a75-f33d197c83da	t	1	2024-05-21 15:07:24.645224+08	\N	2024-05-21 15:07:24.645224+08	雇员管理	OR003	org_emp:index	bi bi-people	雇员管理
bfe651c4-75e3-44a0-bf7b-489b054305ff	t	1	2024-05-21 15:08:21.221305+08	\N	2024-05-21 15:08:21.221305+08	作业场管理	PP002	pp_master:workcenters	bi bi-hdd-network	作业场管理
1cc0b988-5138-4ec7-b488-71cab81106a4	t	1	2024-05-21 15:09:12.583752+08	\N	2024-05-21 15:09:12.583752+08	代表式样	PP004	pp_master:modelcodes	bi bi-gear-wide-connected	代表式样管理
b0143c31-b65b-4425-a03e-cf2258e42cdb	t	1	2024-05-21 15:11:27.12371+08	\N	2024-05-21 15:11:27.12371+08	系统角色	SY001	sys_auth:role_index	bi bi-mortarboard	系统角色管理
e3cce14f-8b6e-41c4-a604-649489badf9b	t	1	2024-05-21 15:11:54.66909+08	\N	2024-05-21 15:11:54.66909+08	系统菜单	SY002	sys_auth:menu_index	bi bi-menu-button	系统菜单管理
4e74c25d-b6d5-4664-aeeb-6748e76be621	t	1	2024-05-21 15:12:21.66063+08	\N	2024-05-21 15:12:21.66063+08	用户管理	SY003	sys_auth:user_index	bi bi-person	用户管理
7d42d8b8-816b-4d99-afc6-8554ab0d415a	t	1	2024-05-21 15:12:46.289654+08	\N	2024-05-21 15:12:46.289654+08	字典管理	SY004	sys_dict:dict_index	bi bi-book	系统字典管理
13fc4528-4c99-4ac2-a7a2-6d8683ada499	t	1	2024-05-21 15:07:56.75979+08	2	2024-05-21 15:19:46.312936+08	产线基准	PP001	pp_master:lines	bi bi-shuffle	生产线基准信息管理
91bc865c-7004-4d14-bd1e-740057c9eeb7	t	2	2024-05-23 14:34:44.049002+08	2	2024-05-23 14:35:53.881901+08	Option代码	PP006	pp_master:option_codes	bi bi-ui-checks	Option代码管理
37e84859-62dc-4af5-a4a7-426651d55133	t	1	2024-05-21 15:10:27.428077+08	2	2024-05-23 14:36:02.500608+08	Option基本	PP005	pp_master:option_basics	bi bi-ui-checks-grid	Option基本信息
901a43bc-7fce-4a40-8370-94521659ebb9	t	1	2024-05-21 15:08:48.301789+08	2	2024-05-24 10:39:29.847096+08	机种信息	PP003	pp_master:machinecodes	bi bi-gear-wide	机种信息
\.


--
-- Data for Name: sys_rencent_used_menu; Type: TABLE DATA; Schema: public; Owner: mes
--

COPY public.sys_rencent_used_menu (id, active, created_by, created_on, updated_by, updated_on, menu_id, role_id, user_id) FROM stdin;
30a9c6da-bae0-4ba3-8c1e-79994e26e1a8	t	\N	2024-05-21 15:19:13.795893+08	\N	2024-05-24 15:49:24.255558+08	51bda1b6-d738-44c4-b1e7-80ff8441c89d	f87bde32-ea25-419a-858d-d6d50dbc94cd	2
65304b08-52ea-41d3-ac76-113e6e936bc6	t	\N	2024-05-21 15:39:53.022277+08	\N	2024-05-29 15:45:40.741713+08	4e74c25d-b6d5-4664-aeeb-6748e76be621	f87bde32-ea25-419a-858d-d6d50dbc94cd	2
af98bdd5-98a1-4e8a-b0fd-318dcb606791	t	\N	2024-05-21 15:19:59.323211+08	\N	2024-05-23 16:05:26.246829+08	37e84859-62dc-4af5-a4a7-426651d55133	f87bde32-ea25-419a-858d-d6d50dbc94cd	2
d4b20137-e26b-4ac6-9030-dcf354bd3698	t	\N	2024-05-22 09:24:02.732905+08	\N	2024-05-22 15:46:41.619395+08	7d42d8b8-816b-4d99-afc6-8554ab0d415a	f87bde32-ea25-419a-858d-d6d50dbc94cd	2
56d0419b-aa6a-4ca5-90b5-e2b748b9c9c4	t	\N	2024-05-21 15:19:11.301053+08	\N	2024-05-22 16:28:44.079187+08	6d91a3a3-e4f9-4a4a-83b5-4e16b0b1e740	f87bde32-ea25-419a-858d-d6d50dbc94cd	2
58b6e419-8f76-427b-85ee-b137b30cd497	t	\N	2024-05-21 15:40:19.860457+08	\N	2024-05-23 10:56:47.692183+08	1cc0b988-5138-4ec7-b488-71cab81106a4	f87bde32-ea25-419a-858d-d6d50dbc94cd	2
6bd51317-cdb3-4afc-9bff-af766715fa85	t	\N	2024-05-21 15:40:22.908069+08	\N	2024-05-23 10:57:41.672118+08	901a43bc-7fce-4a40-8370-94521659ebb9	f87bde32-ea25-419a-858d-d6d50dbc94cd	2
1f477ffb-351d-4ea9-a94a-6311c10d840f	t	\N	2024-05-21 15:40:28.424282+08	\N	2024-05-23 10:57:52.033948+08	13fc4528-4c99-4ac2-a7a2-6d8683ada499	f87bde32-ea25-419a-858d-d6d50dbc94cd	2
6ca89cf2-afd6-4bc9-834f-7fb73ce46972	t	\N	2024-05-23 14:36:52.111234+08	\N	2024-05-23 16:30:44.383356+08	91bc865c-7004-4d14-bd1e-740057c9eeb7	f87bde32-ea25-419a-858d-d6d50dbc94cd	2
b6f540ff-4a29-40be-a51b-23c916489f8a	t	\N	2024-05-21 15:19:15.872636+08	\N	2024-05-24 14:09:29.997195+08	94002f0c-50cf-4415-9a75-f33d197c83da	f87bde32-ea25-419a-858d-d6d50dbc94cd	2
8726a39c-0633-45e7-a8cd-d27a9eb76813	t	\N	2024-05-21 15:40:25.877388+08	\N	2024-05-27 10:30:17.628242+08	bfe651c4-75e3-44a0-bf7b-489b054305ff	f87bde32-ea25-419a-858d-d6d50dbc94cd	2
64de89d0-a4b4-45f3-8213-ccfb642f338d	t	\N	2024-05-27 10:58:41.537821+08	\N	2024-05-27 10:58:41.537821+08	b0143c31-b65b-4425-a03e-cf2258e42cdb	f87bde32-ea25-419a-858d-d6d50dbc94cd	2
86e9986d-5a83-487d-8569-e685ac691ddb	t	\N	2024-05-21 15:19:26.828315+08	\N	2024-05-29 15:22:07.850348+08	e3cce14f-8b6e-41c4-a604-649489badf9b	f87bde32-ea25-419a-858d-d6d50dbc94cd	2
\.


--
-- Data for Name: sys_role; Type: TABLE DATA; Schema: public; Owner: mes
--

COPY public.sys_role (id, active, created_by, created_on, updated_by, updated_on, name, code, company_id) FROM stdin;
f87bde32-ea25-419a-858d-d6d50dbc94cd	t	1	2024-05-21 15:14:13.493966+08	\N	2024-05-21 15:14:13.493966+08	HDICC管理员	000	6c0fede4-5e42-43e4-bada-c60d790aff6b
\.


--
-- Data for Name: sys_role_menus; Type: TABLE DATA; Schema: public; Owner: mes
--

COPY public.sys_role_menus (id, role_id, menu_id) FROM stdin;
13	f87bde32-ea25-419a-858d-d6d50dbc94cd	6d91a3a3-e4f9-4a4a-83b5-4e16b0b1e740
14	f87bde32-ea25-419a-858d-d6d50dbc94cd	51bda1b6-d738-44c4-b1e7-80ff8441c89d
15	f87bde32-ea25-419a-858d-d6d50dbc94cd	94002f0c-50cf-4415-9a75-f33d197c83da
16	f87bde32-ea25-419a-858d-d6d50dbc94cd	bfe651c4-75e3-44a0-bf7b-489b054305ff
17	f87bde32-ea25-419a-858d-d6d50dbc94cd	901a43bc-7fce-4a40-8370-94521659ebb9
18	f87bde32-ea25-419a-858d-d6d50dbc94cd	1cc0b988-5138-4ec7-b488-71cab81106a4
19	f87bde32-ea25-419a-858d-d6d50dbc94cd	b0143c31-b65b-4425-a03e-cf2258e42cdb
20	f87bde32-ea25-419a-858d-d6d50dbc94cd	e3cce14f-8b6e-41c4-a604-649489badf9b
21	f87bde32-ea25-419a-858d-d6d50dbc94cd	4e74c25d-b6d5-4664-aeeb-6748e76be621
22	f87bde32-ea25-419a-858d-d6d50dbc94cd	7d42d8b8-816b-4d99-afc6-8554ab0d415a
23	f87bde32-ea25-419a-858d-d6d50dbc94cd	13fc4528-4c99-4ac2-a7a2-6d8683ada499
24	f87bde32-ea25-419a-858d-d6d50dbc94cd	91bc865c-7004-4d14-bd1e-740057c9eeb7
25	f87bde32-ea25-419a-858d-d6d50dbc94cd	37e84859-62dc-4af5-a4a7-426651d55133
\.


--
-- Data for Name: sys_role_users; Type: TABLE DATA; Schema: public; Owner: mes
--

COPY public.sys_role_users (id, role_id, user_id) FROM stdin;
1	f87bde32-ea25-419a-858d-d6d50dbc94cd	2
\.


--
-- Name: auth_group_id_seq; Type: SEQUENCE SET; Schema: public; Owner: mes
--

SELECT pg_catalog.setval('public.auth_group_id_seq', 1, false);


--
-- Name: auth_group_permissions_id_seq; Type: SEQUENCE SET; Schema: public; Owner: mes
--

SELECT pg_catalog.setval('public.auth_group_permissions_id_seq', 1, false);


--
-- Name: auth_permission_id_seq; Type: SEQUENCE SET; Schema: public; Owner: mes
--

SELECT pg_catalog.setval('public.auth_permission_id_seq', 120, true);


--
-- Name: auth_user_groups_id_seq; Type: SEQUENCE SET; Schema: public; Owner: mes
--

SELECT pg_catalog.setval('public.auth_user_groups_id_seq', 1, false);


--
-- Name: auth_user_id_seq; Type: SEQUENCE SET; Schema: public; Owner: mes
--

SELECT pg_catalog.setval('public.auth_user_id_seq', 3, true);


--
-- Name: auth_user_user_permissions_id_seq; Type: SEQUENCE SET; Schema: public; Owner: mes
--

SELECT pg_catalog.setval('public.auth_user_user_permissions_id_seq', 1, false);


--
-- Name: django_admin_log_id_seq; Type: SEQUENCE SET; Schema: public; Owner: mes
--

SELECT pg_catalog.setval('public.django_admin_log_id_seq', 1, false);


--
-- Name: django_apscheduler_djangojobexecution_id_seq; Type: SEQUENCE SET; Schema: public; Owner: mes
--

SELECT pg_catalog.setval('public.django_apscheduler_djangojobexecution_id_seq', 1, false);


--
-- Name: django_content_type_id_seq; Type: SEQUENCE SET; Schema: public; Owner: mes
--

SELECT pg_catalog.setval('public.django_content_type_id_seq', 30, true);


--
-- Name: django_migrations_id_seq; Type: SEQUENCE SET; Schema: public; Owner: mes
--

SELECT pg_catalog.setval('public.django_migrations_id_seq', 40, true);


--
-- Name: pp_machine_code_lines_id_seq; Type: SEQUENCE SET; Schema: public; Owner: mes
--

SELECT pg_catalog.setval('public.pp_machine_code_lines_id_seq', 1, false);


--
-- Name: pp_option_code_model_styles_id_seq; Type: SEQUENCE SET; Schema: public; Owner: mes
--

SELECT pg_catalog.setval('public.pp_option_code_model_styles_id_seq', 1, false);


--
-- Name: sys_role_menus_id_seq; Type: SEQUENCE SET; Schema: public; Owner: mes
--

SELECT pg_catalog.setval('public.sys_role_menus_id_seq', 25, true);


--
-- Name: sys_role_users_id_seq; Type: SEQUENCE SET; Schema: public; Owner: mes
--

SELECT pg_catalog.setval('public.sys_role_users_id_seq', 1, true);


--
-- Name: auth_group auth_group_name_key; Type: CONSTRAINT; Schema: public; Owner: mes
--

ALTER TABLE ONLY public.auth_group
    ADD CONSTRAINT auth_group_name_key UNIQUE (name);


--
-- Name: auth_group_permissions auth_group_permissions_group_id_permission_id_0cd325b0_uniq; Type: CONSTRAINT; Schema: public; Owner: mes
--

ALTER TABLE ONLY public.auth_group_permissions
    ADD CONSTRAINT auth_group_permissions_group_id_permission_id_0cd325b0_uniq UNIQUE (group_id, permission_id);


--
-- Name: auth_group_permissions auth_group_permissions_pkey; Type: CONSTRAINT; Schema: public; Owner: mes
--

ALTER TABLE ONLY public.auth_group_permissions
    ADD CONSTRAINT auth_group_permissions_pkey PRIMARY KEY (id);


--
-- Name: auth_group auth_group_pkey; Type: CONSTRAINT; Schema: public; Owner: mes
--

ALTER TABLE ONLY public.auth_group
    ADD CONSTRAINT auth_group_pkey PRIMARY KEY (id);


--
-- Name: auth_permission auth_permission_content_type_id_codename_01ab375a_uniq; Type: CONSTRAINT; Schema: public; Owner: mes
--

ALTER TABLE ONLY public.auth_permission
    ADD CONSTRAINT auth_permission_content_type_id_codename_01ab375a_uniq UNIQUE (content_type_id, codename);


--
-- Name: auth_permission auth_permission_pkey; Type: CONSTRAINT; Schema: public; Owner: mes
--

ALTER TABLE ONLY public.auth_permission
    ADD CONSTRAINT auth_permission_pkey PRIMARY KEY (id);


--
-- Name: auth_user_groups auth_user_groups_pkey; Type: CONSTRAINT; Schema: public; Owner: mes
--

ALTER TABLE ONLY public.auth_user_groups
    ADD CONSTRAINT auth_user_groups_pkey PRIMARY KEY (id);


--
-- Name: auth_user_groups auth_user_groups_user_id_group_id_94350c0c_uniq; Type: CONSTRAINT; Schema: public; Owner: mes
--

ALTER TABLE ONLY public.auth_user_groups
    ADD CONSTRAINT auth_user_groups_user_id_group_id_94350c0c_uniq UNIQUE (user_id, group_id);


--
-- Name: auth_user auth_user_pkey; Type: CONSTRAINT; Schema: public; Owner: mes
--

ALTER TABLE ONLY public.auth_user
    ADD CONSTRAINT auth_user_pkey PRIMARY KEY (id);


--
-- Name: auth_user_user_permissions auth_user_user_permissions_pkey; Type: CONSTRAINT; Schema: public; Owner: mes
--

ALTER TABLE ONLY public.auth_user_user_permissions
    ADD CONSTRAINT auth_user_user_permissions_pkey PRIMARY KEY (id);


--
-- Name: auth_user_user_permissions auth_user_user_permissions_user_id_permission_id_14a6b632_uniq; Type: CONSTRAINT; Schema: public; Owner: mes
--

ALTER TABLE ONLY public.auth_user_user_permissions
    ADD CONSTRAINT auth_user_user_permissions_user_id_permission_id_14a6b632_uniq UNIQUE (user_id, permission_id);


--
-- Name: auth_user auth_user_username_key; Type: CONSTRAINT; Schema: public; Owner: mes
--

ALTER TABLE ONLY public.auth_user
    ADD CONSTRAINT auth_user_username_key UNIQUE (username);


--
-- Name: django_admin_log django_admin_log_pkey; Type: CONSTRAINT; Schema: public; Owner: mes
--

ALTER TABLE ONLY public.django_admin_log
    ADD CONSTRAINT django_admin_log_pkey PRIMARY KEY (id);


--
-- Name: django_apscheduler_djangojob django_apscheduler_djangojob_pkey; Type: CONSTRAINT; Schema: public; Owner: mes
--

ALTER TABLE ONLY public.django_apscheduler_djangojob
    ADD CONSTRAINT django_apscheduler_djangojob_pkey PRIMARY KEY (id);


--
-- Name: django_apscheduler_djangojobexecution django_apscheduler_djangojobexecution_pkey; Type: CONSTRAINT; Schema: public; Owner: mes
--

ALTER TABLE ONLY public.django_apscheduler_djangojobexecution
    ADD CONSTRAINT django_apscheduler_djangojobexecution_pkey PRIMARY KEY (id);


--
-- Name: django_content_type django_content_type_app_label_model_76bd3d3b_uniq; Type: CONSTRAINT; Schema: public; Owner: mes
--

ALTER TABLE ONLY public.django_content_type
    ADD CONSTRAINT django_content_type_app_label_model_76bd3d3b_uniq UNIQUE (app_label, model);


--
-- Name: django_content_type django_content_type_pkey; Type: CONSTRAINT; Schema: public; Owner: mes
--

ALTER TABLE ONLY public.django_content_type
    ADD CONSTRAINT django_content_type_pkey PRIMARY KEY (id);


--
-- Name: django_migrations django_migrations_pkey; Type: CONSTRAINT; Schema: public; Owner: mes
--

ALTER TABLE ONLY public.django_migrations
    ADD CONSTRAINT django_migrations_pkey PRIMARY KEY (id);


--
-- Name: django_session django_session_pkey; Type: CONSTRAINT; Schema: public; Owner: mes
--

ALTER TABLE ONLY public.django_session
    ADD CONSTRAINT django_session_pkey PRIMARY KEY (session_key);


--
-- Name: employee_work_center_change_list employee_work_center_change_list_pkey; Type: CONSTRAINT; Schema: public; Owner: mes
--

ALTER TABLE ONLY public.employee_work_center_change_list
    ADD CONSTRAINT employee_work_center_change_list_pkey PRIMARY KEY (id);


--
-- Name: org_company org_company_pkey; Type: CONSTRAINT; Schema: public; Owner: mes
--

ALTER TABLE ONLY public.org_company
    ADD CONSTRAINT org_company_pkey PRIMARY KEY (id);


--
-- Name: org_department org_department_pkey; Type: CONSTRAINT; Schema: public; Owner: mes
--

ALTER TABLE ONLY public.org_department
    ADD CONSTRAINT org_department_pkey PRIMARY KEY (id);


--
-- Name: org_employee org_employee_pkey; Type: CONSTRAINT; Schema: public; Owner: mes
--

ALTER TABLE ONLY public.org_employee
    ADD CONSTRAINT org_employee_pkey PRIMARY KEY (id);


--
-- Name: org_employee org_employee_user_id_key; Type: CONSTRAINT; Schema: public; Owner: mes
--

ALTER TABLE ONLY public.org_employee
    ADD CONSTRAINT org_employee_user_id_key UNIQUE (user_id);


--
-- Name: pp_component_amount pp_component_amount_pkey; Type: CONSTRAINT; Schema: public; Owner: mes
--

ALTER TABLE ONLY public.pp_component_amount
    ADD CONSTRAINT pp_component_amount_pkey PRIMARY KEY (id);


--
-- Name: pp_component_inout_list pp_component_inout_list_pkey; Type: CONSTRAINT; Schema: public; Owner: mes
--

ALTER TABLE ONLY public.pp_component_inout_list
    ADD CONSTRAINT pp_component_inout_list_pkey PRIMARY KEY (id);


--
-- Name: pp_component pp_component_pkey; Type: CONSTRAINT; Schema: public; Owner: mes
--

ALTER TABLE ONLY public.pp_component
    ADD CONSTRAINT pp_component_pkey PRIMARY KEY (id);


--
-- Name: pp_location pp_location_pkey; Type: CONSTRAINT; Schema: public; Owner: mes
--

ALTER TABLE ONLY public.pp_location
    ADD CONSTRAINT pp_location_pkey PRIMARY KEY (id);


--
-- Name: pp_machine_code_lines pp_machine_code_lines_machinecode_id_productli_d47c5ea8_uniq; Type: CONSTRAINT; Schema: public; Owner: mes
--

ALTER TABLE ONLY public.pp_machine_code_lines
    ADD CONSTRAINT pp_machine_code_lines_machinecode_id_productli_d47c5ea8_uniq UNIQUE (machinecode_id, productline_id);


--
-- Name: pp_machine_code_lines pp_machine_code_lines_pkey; Type: CONSTRAINT; Schema: public; Owner: mes
--

ALTER TABLE ONLY public.pp_machine_code_lines
    ADD CONSTRAINT pp_machine_code_lines_pkey PRIMARY KEY (id);


--
-- Name: pp_machine_code pp_machine_code_pkey; Type: CONSTRAINT; Schema: public; Owner: mes
--

ALTER TABLE ONLY public.pp_machine_code
    ADD CONSTRAINT pp_machine_code_pkey PRIMARY KEY (id);


--
-- Name: pp_model_code pp_model_code_pkey; Type: CONSTRAINT; Schema: public; Owner: mes
--

ALTER TABLE ONLY public.pp_model_code
    ADD CONSTRAINT pp_model_code_pkey PRIMARY KEY (id);


--
-- Name: pp_option_basic pp_option_basic_pkey; Type: CONSTRAINT; Schema: public; Owner: mes
--

ALTER TABLE ONLY public.pp_option_basic
    ADD CONSTRAINT pp_option_basic_pkey PRIMARY KEY (id);


--
-- Name: pp_option_code_model_styles pp_option_code_model_sty_optioncode_id_modelcode__4e6c3114_uniq; Type: CONSTRAINT; Schema: public; Owner: mes
--

ALTER TABLE ONLY public.pp_option_code_model_styles
    ADD CONSTRAINT pp_option_code_model_sty_optioncode_id_modelcode__4e6c3114_uniq UNIQUE (optioncode_id, modelcode_id);


--
-- Name: pp_option_code_model_styles pp_option_code_model_styles_pkey; Type: CONSTRAINT; Schema: public; Owner: mes
--

ALTER TABLE ONLY public.pp_option_code_model_styles
    ADD CONSTRAINT pp_option_code_model_styles_pkey PRIMARY KEY (id);


--
-- Name: pp_option_code pp_option_code_pkey; Type: CONSTRAINT; Schema: public; Owner: mes
--

ALTER TABLE ONLY public.pp_option_code
    ADD CONSTRAINT pp_option_code_pkey PRIMARY KEY (id);


--
-- Name: pp_product_line pp_product_line_pkey; Type: CONSTRAINT; Schema: public; Owner: mes
--

ALTER TABLE ONLY public.pp_product_line
    ADD CONSTRAINT pp_product_line_pkey PRIMARY KEY (id);


--
-- Name: pp_warehouse pp_warehouse_pkey; Type: CONSTRAINT; Schema: public; Owner: mes
--

ALTER TABLE ONLY public.pp_warehouse
    ADD CONSTRAINT pp_warehouse_pkey PRIMARY KEY (id);


--
-- Name: pp_work_center pp_work_center_pkey; Type: CONSTRAINT; Schema: public; Owner: mes
--

ALTER TABLE ONLY public.pp_work_center
    ADD CONSTRAINT pp_work_center_pkey PRIMARY KEY (id);


--
-- Name: sys_dict sys_dict_code_key; Type: CONSTRAINT; Schema: public; Owner: mes
--

ALTER TABLE ONLY public.sys_dict
    ADD CONSTRAINT sys_dict_code_key UNIQUE (code);


--
-- Name: sys_dict sys_dict_pkey; Type: CONSTRAINT; Schema: public; Owner: mes
--

ALTER TABLE ONLY public.sys_dict
    ADD CONSTRAINT sys_dict_pkey PRIMARY KEY (id);


--
-- Name: sys_enum sys_enum_pkey; Type: CONSTRAINT; Schema: public; Owner: mes
--

ALTER TABLE ONLY public.sys_enum
    ADD CONSTRAINT sys_enum_pkey PRIMARY KEY (id);


--
-- Name: sys_log sys_log_pkey; Type: CONSTRAINT; Schema: public; Owner: mes
--

ALTER TABLE ONLY public.sys_log
    ADD CONSTRAINT sys_log_pkey PRIMARY KEY (id);


--
-- Name: sys_login sys_login_pkey; Type: CONSTRAINT; Schema: public; Owner: mes
--

ALTER TABLE ONLY public.sys_login
    ADD CONSTRAINT sys_login_pkey PRIMARY KEY (id);


--
-- Name: sys_menu sys_menu_pkey; Type: CONSTRAINT; Schema: public; Owner: mes
--

ALTER TABLE ONLY public.sys_menu
    ADD CONSTRAINT sys_menu_pkey PRIMARY KEY (id);


--
-- Name: sys_rencent_used_menu sys_rencent_used_menu_pkey; Type: CONSTRAINT; Schema: public; Owner: mes
--

ALTER TABLE ONLY public.sys_rencent_used_menu
    ADD CONSTRAINT sys_rencent_used_menu_pkey PRIMARY KEY (id);


--
-- Name: sys_role_menus sys_role_menus_pkey; Type: CONSTRAINT; Schema: public; Owner: mes
--

ALTER TABLE ONLY public.sys_role_menus
    ADD CONSTRAINT sys_role_menus_pkey PRIMARY KEY (id);


--
-- Name: sys_role_menus sys_role_menus_role_id_menu_id_224c866f_uniq; Type: CONSTRAINT; Schema: public; Owner: mes
--

ALTER TABLE ONLY public.sys_role_menus
    ADD CONSTRAINT sys_role_menus_role_id_menu_id_224c866f_uniq UNIQUE (role_id, menu_id);


--
-- Name: sys_role sys_role_pkey; Type: CONSTRAINT; Schema: public; Owner: mes
--

ALTER TABLE ONLY public.sys_role
    ADD CONSTRAINT sys_role_pkey PRIMARY KEY (id);


--
-- Name: sys_role_users sys_role_users_pkey; Type: CONSTRAINT; Schema: public; Owner: mes
--

ALTER TABLE ONLY public.sys_role_users
    ADD CONSTRAINT sys_role_users_pkey PRIMARY KEY (id);


--
-- Name: sys_role_users sys_role_users_role_id_user_id_75a8ffee_uniq; Type: CONSTRAINT; Schema: public; Owner: mes
--

ALTER TABLE ONLY public.sys_role_users
    ADD CONSTRAINT sys_role_users_role_id_user_id_75a8ffee_uniq UNIQUE (role_id, user_id);


--
-- Name: django_apscheduler_djangojobexecution unique_job_executions; Type: CONSTRAINT; Schema: public; Owner: mes
--

ALTER TABLE ONLY public.django_apscheduler_djangojobexecution
    ADD CONSTRAINT unique_job_executions UNIQUE (job_id, run_time);


--
-- Name: auth_group_name_a6ea08ec_like; Type: INDEX; Schema: public; Owner: mes
--

CREATE INDEX auth_group_name_a6ea08ec_like ON public.auth_group USING btree (name varchar_pattern_ops);


--
-- Name: auth_group_permissions_group_id_b120cbf9; Type: INDEX; Schema: public; Owner: mes
--

CREATE INDEX auth_group_permissions_group_id_b120cbf9 ON public.auth_group_permissions USING btree (group_id);


--
-- Name: auth_group_permissions_permission_id_84c5c92e; Type: INDEX; Schema: public; Owner: mes
--

CREATE INDEX auth_group_permissions_permission_id_84c5c92e ON public.auth_group_permissions USING btree (permission_id);


--
-- Name: auth_permission_content_type_id_2f476e4b; Type: INDEX; Schema: public; Owner: mes
--

CREATE INDEX auth_permission_content_type_id_2f476e4b ON public.auth_permission USING btree (content_type_id);


--
-- Name: auth_user_groups_group_id_97559544; Type: INDEX; Schema: public; Owner: mes
--

CREATE INDEX auth_user_groups_group_id_97559544 ON public.auth_user_groups USING btree (group_id);


--
-- Name: auth_user_groups_user_id_6a12ed8b; Type: INDEX; Schema: public; Owner: mes
--

CREATE INDEX auth_user_groups_user_id_6a12ed8b ON public.auth_user_groups USING btree (user_id);


--
-- Name: auth_user_user_permissions_permission_id_1fbb5f2c; Type: INDEX; Schema: public; Owner: mes
--

CREATE INDEX auth_user_user_permissions_permission_id_1fbb5f2c ON public.auth_user_user_permissions USING btree (permission_id);


--
-- Name: auth_user_user_permissions_user_id_a95ead1b; Type: INDEX; Schema: public; Owner: mes
--

CREATE INDEX auth_user_user_permissions_user_id_a95ead1b ON public.auth_user_user_permissions USING btree (user_id);


--
-- Name: auth_user_username_6821ab7c_like; Type: INDEX; Schema: public; Owner: mes
--

CREATE INDEX auth_user_username_6821ab7c_like ON public.auth_user USING btree (username varchar_pattern_ops);


--
-- Name: django_admin_log_content_type_id_c4bce8eb; Type: INDEX; Schema: public; Owner: mes
--

CREATE INDEX django_admin_log_content_type_id_c4bce8eb ON public.django_admin_log USING btree (content_type_id);


--
-- Name: django_admin_log_user_id_c564eba6; Type: INDEX; Schema: public; Owner: mes
--

CREATE INDEX django_admin_log_user_id_c564eba6 ON public.django_admin_log USING btree (user_id);


--
-- Name: django_apscheduler_djangojob_next_run_time_2f022619; Type: INDEX; Schema: public; Owner: mes
--

CREATE INDEX django_apscheduler_djangojob_next_run_time_2f022619 ON public.django_apscheduler_djangojob USING btree (next_run_time);


--
-- Name: django_apscheduler_djangojobexecution_job_id_daf5090a; Type: INDEX; Schema: public; Owner: mes
--

CREATE INDEX django_apscheduler_djangojobexecution_job_id_daf5090a ON public.django_apscheduler_djangojobexecution USING btree (job_id);


--
-- Name: django_apscheduler_djangojobexecution_run_time_16edd96b; Type: INDEX; Schema: public; Owner: mes
--

CREATE INDEX django_apscheduler_djangojobexecution_run_time_16edd96b ON public.django_apscheduler_djangojobexecution USING btree (run_time);


--
-- Name: django_session_expire_date_a5c62663; Type: INDEX; Schema: public; Owner: mes
--

CREATE INDEX django_session_expire_date_a5c62663 ON public.django_session USING btree (expire_date);


--
-- Name: django_session_session_key_c0390e0f_like; Type: INDEX; Schema: public; Owner: mes
--

CREATE INDEX django_session_session_key_c0390e0f_like ON public.django_session USING btree (session_key varchar_pattern_ops);


--
-- Name: employee_work_center_change_list_employee_id_c05da51e; Type: INDEX; Schema: public; Owner: mes
--

CREATE INDEX employee_work_center_change_list_employee_id_c05da51e ON public.employee_work_center_change_list USING btree (employee_id);


--
-- Name: employee_work_center_change_list_work_center_id_3781da26; Type: INDEX; Schema: public; Owner: mes
--

CREATE INDEX employee_work_center_change_list_work_center_id_3781da26 ON public.employee_work_center_change_list USING btree (work_center_id);


--
-- Name: org_department_company_id_e338bc8b; Type: INDEX; Schema: public; Owner: mes
--

CREATE INDEX org_department_company_id_e338bc8b ON public.org_department USING btree (company_id);


--
-- Name: org_department_parent_id_5e2c3d46; Type: INDEX; Schema: public; Owner: mes
--

CREATE INDEX org_department_parent_id_5e2c3d46 ON public.org_department USING btree (parent_id);


--
-- Name: org_employee_department_id_64f0392e; Type: INDEX; Schema: public; Owner: mes
--

CREATE INDEX org_employee_department_id_64f0392e ON public.org_employee USING btree (department_id);


--
-- Name: org_employee_work_center_id_1ffbfae7; Type: INDEX; Schema: public; Owner: mes
--

CREATE INDEX org_employee_work_center_id_1ffbfae7 ON public.org_employee USING btree (work_center_id);


--
-- Name: pp_component_amount_component_id_6da07546; Type: INDEX; Schema: public; Owner: mes
--

CREATE INDEX pp_component_amount_component_id_6da07546 ON public.pp_component_amount USING btree (component_id);


--
-- Name: pp_component_amount_location_id_1560ce4f; Type: INDEX; Schema: public; Owner: mes
--

CREATE INDEX pp_component_amount_location_id_1560ce4f ON public.pp_component_amount USING btree (location_id);


--
-- Name: pp_component_amount_warehouse_id_73061964; Type: INDEX; Schema: public; Owner: mes
--

CREATE INDEX pp_component_amount_warehouse_id_73061964 ON public.pp_component_amount USING btree (warehouse_id);


--
-- Name: pp_component_facility_id_7de90813; Type: INDEX; Schema: public; Owner: mes
--

CREATE INDEX pp_component_facility_id_7de90813 ON public.pp_component USING btree (facility_id);


--
-- Name: pp_component_inout_list_component_id_3a1a071b; Type: INDEX; Schema: public; Owner: mes
--

CREATE INDEX pp_component_inout_list_component_id_3a1a071b ON public.pp_component_inout_list USING btree (component_id);


--
-- Name: pp_component_inout_list_inout_type_id_2517909d; Type: INDEX; Schema: public; Owner: mes
--

CREATE INDEX pp_component_inout_list_inout_type_id_2517909d ON public.pp_component_inout_list USING btree (inout_type_id);


--
-- Name: pp_component_inout_list_location_id_dce8afb7; Type: INDEX; Schema: public; Owner: mes
--

CREATE INDEX pp_component_inout_list_location_id_dce8afb7 ON public.pp_component_inout_list USING btree (location_id);


--
-- Name: pp_component_inout_list_warehouse_id_5dd982d5; Type: INDEX; Schema: public; Owner: mes
--

CREATE INDEX pp_component_inout_list_warehouse_id_5dd982d5 ON public.pp_component_inout_list USING btree (warehouse_id);


--
-- Name: pp_location_warehouse_id_6d933e86; Type: INDEX; Schema: public; Owner: mes
--

CREATE INDEX pp_location_warehouse_id_6d933e86 ON public.pp_location USING btree (warehouse_id);


--
-- Name: pp_machine_code_facility_id_a943b7e1; Type: INDEX; Schema: public; Owner: mes
--

CREATE INDEX pp_machine_code_facility_id_a943b7e1 ON public.pp_machine_code USING btree (facility_id);


--
-- Name: pp_machine_code_lines_machinecode_id_6e887419; Type: INDEX; Schema: public; Owner: mes
--

CREATE INDEX pp_machine_code_lines_machinecode_id_6e887419 ON public.pp_machine_code_lines USING btree (machinecode_id);


--
-- Name: pp_machine_code_lines_productline_id_8327d2a0; Type: INDEX; Schema: public; Owner: mes
--

CREATE INDEX pp_machine_code_lines_productline_id_8327d2a0 ON public.pp_machine_code_lines USING btree (productline_id);


--
-- Name: pp_machine_code_pro_quality_id_a5e4706e; Type: INDEX; Schema: public; Owner: mes
--

CREATE INDEX pp_machine_code_pro_quality_id_a5e4706e ON public.pp_machine_code USING btree (pro_quality_id);


--
-- Name: pp_model_code_cup_id_31f301d9; Type: INDEX; Schema: public; Owner: mes
--

CREATE INDEX pp_model_code_cup_id_31f301d9 ON public.pp_model_code USING btree (cup_id);


--
-- Name: pp_model_code_facility_id_edf33a55; Type: INDEX; Schema: public; Owner: mes
--

CREATE INDEX pp_model_code_facility_id_edf33a55 ON public.pp_model_code USING btree (facility_id);


--
-- Name: pp_model_code_machine_code_id_e76d5709; Type: INDEX; Schema: public; Owner: mes
--

CREATE INDEX pp_model_code_machine_code_id_e76d5709 ON public.pp_model_code USING btree (machine_code_id);


--
-- Name: pp_model_code_machine_type_id_66d8fa24; Type: INDEX; Schema: public; Owner: mes
--

CREATE INDEX pp_model_code_machine_type_id_66d8fa24 ON public.pp_model_code USING btree (machine_type_id);


--
-- Name: pp_model_code_sale_type_id_b49ecea4; Type: INDEX; Schema: public; Owner: mes
--

CREATE INDEX pp_model_code_sale_type_id_b49ecea4 ON public.pp_model_code USING btree (sale_type_id);


--
-- Name: pp_option_basic_facility_id_520084ce; Type: INDEX; Schema: public; Owner: mes
--

CREATE INDEX pp_option_basic_facility_id_520084ce ON public.pp_option_basic USING btree (facility_id);


--
-- Name: pp_option_code_facility_id_41aed450; Type: INDEX; Schema: public; Owner: mes
--

CREATE INDEX pp_option_code_facility_id_41aed450 ON public.pp_option_code USING btree (facility_id);


--
-- Name: pp_option_code_model_styles_modelcode_id_7ccba958; Type: INDEX; Schema: public; Owner: mes
--

CREATE INDEX pp_option_code_model_styles_modelcode_id_7ccba958 ON public.pp_option_code_model_styles USING btree (modelcode_id);


--
-- Name: pp_option_code_model_styles_optioncode_id_59d42c05; Type: INDEX; Schema: public; Owner: mes
--

CREATE INDEX pp_option_code_model_styles_optioncode_id_59d42c05 ON public.pp_option_code_model_styles USING btree (optioncode_id);


--
-- Name: pp_option_code_option_id_66faa812; Type: INDEX; Schema: public; Owner: mes
--

CREATE INDEX pp_option_code_option_id_66faa812 ON public.pp_option_code USING btree (option_id);


--
-- Name: pp_product_line_company_id_1188ce12; Type: INDEX; Schema: public; Owner: mes
--

CREATE INDEX pp_product_line_company_id_1188ce12 ON public.pp_product_line USING btree (company_id);


--
-- Name: pp_warehouse_facility_id_624b2a6a; Type: INDEX; Schema: public; Owner: mes
--

CREATE INDEX pp_warehouse_facility_id_624b2a6a ON public.pp_warehouse USING btree (facility_id);


--
-- Name: pp_work_center_category_id_6e695f5c; Type: INDEX; Schema: public; Owner: mes
--

CREATE INDEX pp_work_center_category_id_6e695f5c ON public.pp_work_center USING btree (category_id);


--
-- Name: pp_work_center_end_wc_id_835bf1dd; Type: INDEX; Schema: public; Owner: mes
--

CREATE INDEX pp_work_center_end_wc_id_835bf1dd ON public.pp_work_center USING btree (end_wc_id);


--
-- Name: pp_work_center_facility_id_521a3077; Type: INDEX; Schema: public; Owner: mes
--

CREATE INDEX pp_work_center_facility_id_521a3077 ON public.pp_work_center USING btree (facility_id);


--
-- Name: pp_work_center_line_id_19d2a40d; Type: INDEX; Schema: public; Owner: mes
--

CREATE INDEX pp_work_center_line_id_19d2a40d ON public.pp_work_center USING btree (line_id);


--
-- Name: pp_work_center_start_wc_id_f4322cfa; Type: INDEX; Schema: public; Owner: mes
--

CREATE INDEX pp_work_center_start_wc_id_f4322cfa ON public.pp_work_center USING btree (start_wc_id);


--
-- Name: sys_dict_code_8f0936e4_like; Type: INDEX; Schema: public; Owner: mes
--

CREATE INDEX sys_dict_code_8f0936e4_like ON public.sys_dict USING btree (code varchar_pattern_ops);


--
-- Name: sys_enum_sys_dict_id_e020f755; Type: INDEX; Schema: public; Owner: mes
--

CREATE INDEX sys_enum_sys_dict_id_e020f755 ON public.sys_enum USING btree (sys_dict_id);


--
-- Name: sys_log_user_id_4b944456; Type: INDEX; Schema: public; Owner: mes
--

CREATE INDEX sys_log_user_id_4b944456 ON public.sys_log USING btree (user_id);


--
-- Name: sys_login_user_id_9bda9a31; Type: INDEX; Schema: public; Owner: mes
--

CREATE INDEX sys_login_user_id_9bda9a31 ON public.sys_login USING btree (user_id);


--
-- Name: sys_rencent_used_menu_menu_id_2ff871be; Type: INDEX; Schema: public; Owner: mes
--

CREATE INDEX sys_rencent_used_menu_menu_id_2ff871be ON public.sys_rencent_used_menu USING btree (menu_id);


--
-- Name: sys_rencent_used_menu_role_id_c17bd998; Type: INDEX; Schema: public; Owner: mes
--

CREATE INDEX sys_rencent_used_menu_role_id_c17bd998 ON public.sys_rencent_used_menu USING btree (role_id);


--
-- Name: sys_rencent_used_menu_user_id_6aebe0e7; Type: INDEX; Schema: public; Owner: mes
--

CREATE INDEX sys_rencent_used_menu_user_id_6aebe0e7 ON public.sys_rencent_used_menu USING btree (user_id);


--
-- Name: sys_role_company_id_345873ed; Type: INDEX; Schema: public; Owner: mes
--

CREATE INDEX sys_role_company_id_345873ed ON public.sys_role USING btree (company_id);


--
-- Name: sys_role_menus_menu_id_0a624ef8; Type: INDEX; Schema: public; Owner: mes
--

CREATE INDEX sys_role_menus_menu_id_0a624ef8 ON public.sys_role_menus USING btree (menu_id);


--
-- Name: sys_role_menus_role_id_96ca7da1; Type: INDEX; Schema: public; Owner: mes
--

CREATE INDEX sys_role_menus_role_id_96ca7da1 ON public.sys_role_menus USING btree (role_id);


--
-- Name: sys_role_users_role_id_2c2ea2ed; Type: INDEX; Schema: public; Owner: mes
--

CREATE INDEX sys_role_users_role_id_2c2ea2ed ON public.sys_role_users USING btree (role_id);


--
-- Name: sys_role_users_user_id_ac74783a; Type: INDEX; Schema: public; Owner: mes
--

CREATE INDEX sys_role_users_user_id_ac74783a ON public.sys_role_users USING btree (user_id);


--
-- Name: auth_group_permissions auth_group_permissio_permission_id_84c5c92e_fk_auth_perm; Type: FK CONSTRAINT; Schema: public; Owner: mes
--

ALTER TABLE ONLY public.auth_group_permissions
    ADD CONSTRAINT auth_group_permissio_permission_id_84c5c92e_fk_auth_perm FOREIGN KEY (permission_id) REFERENCES public.auth_permission(id) DEFERRABLE INITIALLY DEFERRED;


--
-- Name: auth_group_permissions auth_group_permissions_group_id_b120cbf9_fk_auth_group_id; Type: FK CONSTRAINT; Schema: public; Owner: mes
--

ALTER TABLE ONLY public.auth_group_permissions
    ADD CONSTRAINT auth_group_permissions_group_id_b120cbf9_fk_auth_group_id FOREIGN KEY (group_id) REFERENCES public.auth_group(id) DEFERRABLE INITIALLY DEFERRED;


--
-- Name: auth_permission auth_permission_content_type_id_2f476e4b_fk_django_co; Type: FK CONSTRAINT; Schema: public; Owner: mes
--

ALTER TABLE ONLY public.auth_permission
    ADD CONSTRAINT auth_permission_content_type_id_2f476e4b_fk_django_co FOREIGN KEY (content_type_id) REFERENCES public.django_content_type(id) DEFERRABLE INITIALLY DEFERRED;


--
-- Name: auth_user_groups auth_user_groups_group_id_97559544_fk_auth_group_id; Type: FK CONSTRAINT; Schema: public; Owner: mes
--

ALTER TABLE ONLY public.auth_user_groups
    ADD CONSTRAINT auth_user_groups_group_id_97559544_fk_auth_group_id FOREIGN KEY (group_id) REFERENCES public.auth_group(id) DEFERRABLE INITIALLY DEFERRED;


--
-- Name: auth_user_groups auth_user_groups_user_id_6a12ed8b_fk_auth_user_id; Type: FK CONSTRAINT; Schema: public; Owner: mes
--

ALTER TABLE ONLY public.auth_user_groups
    ADD CONSTRAINT auth_user_groups_user_id_6a12ed8b_fk_auth_user_id FOREIGN KEY (user_id) REFERENCES public.auth_user(id) DEFERRABLE INITIALLY DEFERRED;


--
-- Name: auth_user_user_permissions auth_user_user_permi_permission_id_1fbb5f2c_fk_auth_perm; Type: FK CONSTRAINT; Schema: public; Owner: mes
--

ALTER TABLE ONLY public.auth_user_user_permissions
    ADD CONSTRAINT auth_user_user_permi_permission_id_1fbb5f2c_fk_auth_perm FOREIGN KEY (permission_id) REFERENCES public.auth_permission(id) DEFERRABLE INITIALLY DEFERRED;


--
-- Name: auth_user_user_permissions auth_user_user_permissions_user_id_a95ead1b_fk_auth_user_id; Type: FK CONSTRAINT; Schema: public; Owner: mes
--

ALTER TABLE ONLY public.auth_user_user_permissions
    ADD CONSTRAINT auth_user_user_permissions_user_id_a95ead1b_fk_auth_user_id FOREIGN KEY (user_id) REFERENCES public.auth_user(id) DEFERRABLE INITIALLY DEFERRED;


--
-- Name: django_admin_log django_admin_log_content_type_id_c4bce8eb_fk_django_co; Type: FK CONSTRAINT; Schema: public; Owner: mes
--

ALTER TABLE ONLY public.django_admin_log
    ADD CONSTRAINT django_admin_log_content_type_id_c4bce8eb_fk_django_co FOREIGN KEY (content_type_id) REFERENCES public.django_content_type(id) DEFERRABLE INITIALLY DEFERRED;


--
-- Name: django_admin_log django_admin_log_user_id_c564eba6_fk_auth_user_id; Type: FK CONSTRAINT; Schema: public; Owner: mes
--

ALTER TABLE ONLY public.django_admin_log
    ADD CONSTRAINT django_admin_log_user_id_c564eba6_fk_auth_user_id FOREIGN KEY (user_id) REFERENCES public.auth_user(id) DEFERRABLE INITIALLY DEFERRED;


--
-- Name: django_apscheduler_djangojobexecution django_apscheduler_djangojobexecution_job_id_daf5090a_fk; Type: FK CONSTRAINT; Schema: public; Owner: mes
--

ALTER TABLE ONLY public.django_apscheduler_djangojobexecution
    ADD CONSTRAINT django_apscheduler_djangojobexecution_job_id_daf5090a_fk FOREIGN KEY (job_id) REFERENCES public.django_apscheduler_djangojob(id) DEFERRABLE INITIALLY DEFERRED;


--
-- Name: employee_work_center_change_list employee_work_center_employee_id_c05da51e_fk_org_emplo; Type: FK CONSTRAINT; Schema: public; Owner: mes
--

ALTER TABLE ONLY public.employee_work_center_change_list
    ADD CONSTRAINT employee_work_center_employee_id_c05da51e_fk_org_emplo FOREIGN KEY (employee_id) REFERENCES public.org_employee(id) DEFERRABLE INITIALLY DEFERRED;


--
-- Name: employee_work_center_change_list employee_work_center_work_center_id_3781da26_fk_pp_work_c; Type: FK CONSTRAINT; Schema: public; Owner: mes
--

ALTER TABLE ONLY public.employee_work_center_change_list
    ADD CONSTRAINT employee_work_center_work_center_id_3781da26_fk_pp_work_c FOREIGN KEY (work_center_id) REFERENCES public.pp_work_center(id) DEFERRABLE INITIALLY DEFERRED;


--
-- Name: org_department org_department_company_id_e338bc8b_fk_org_company_id; Type: FK CONSTRAINT; Schema: public; Owner: mes
--

ALTER TABLE ONLY public.org_department
    ADD CONSTRAINT org_department_company_id_e338bc8b_fk_org_company_id FOREIGN KEY (company_id) REFERENCES public.org_company(id) DEFERRABLE INITIALLY DEFERRED;


--
-- Name: org_department org_department_parent_id_5e2c3d46_fk_org_department_id; Type: FK CONSTRAINT; Schema: public; Owner: mes
--

ALTER TABLE ONLY public.org_department
    ADD CONSTRAINT org_department_parent_id_5e2c3d46_fk_org_department_id FOREIGN KEY (parent_id) REFERENCES public.org_department(id) DEFERRABLE INITIALLY DEFERRED;


--
-- Name: org_employee org_employee_department_id_64f0392e_fk_org_department_id; Type: FK CONSTRAINT; Schema: public; Owner: mes
--

ALTER TABLE ONLY public.org_employee
    ADD CONSTRAINT org_employee_department_id_64f0392e_fk_org_department_id FOREIGN KEY (department_id) REFERENCES public.org_department(id) DEFERRABLE INITIALLY DEFERRED;


--
-- Name: org_employee org_employee_user_id_0c4d8527_fk_auth_user_id; Type: FK CONSTRAINT; Schema: public; Owner: mes
--

ALTER TABLE ONLY public.org_employee
    ADD CONSTRAINT org_employee_user_id_0c4d8527_fk_auth_user_id FOREIGN KEY (user_id) REFERENCES public.auth_user(id) DEFERRABLE INITIALLY DEFERRED;


--
-- Name: org_employee org_employee_work_center_id_1ffbfae7_fk_pp_work_center_id; Type: FK CONSTRAINT; Schema: public; Owner: mes
--

ALTER TABLE ONLY public.org_employee
    ADD CONSTRAINT org_employee_work_center_id_1ffbfae7_fk_pp_work_center_id FOREIGN KEY (work_center_id) REFERENCES public.pp_work_center(id) DEFERRABLE INITIALLY DEFERRED;


--
-- Name: pp_component_amount pp_component_amount_component_id_6da07546_fk_pp_component_id; Type: FK CONSTRAINT; Schema: public; Owner: mes
--

ALTER TABLE ONLY public.pp_component_amount
    ADD CONSTRAINT pp_component_amount_component_id_6da07546_fk_pp_component_id FOREIGN KEY (component_id) REFERENCES public.pp_component(id) DEFERRABLE INITIALLY DEFERRED;


--
-- Name: pp_component_amount pp_component_amount_location_id_1560ce4f_fk_pp_location_id; Type: FK CONSTRAINT; Schema: public; Owner: mes
--

ALTER TABLE ONLY public.pp_component_amount
    ADD CONSTRAINT pp_component_amount_location_id_1560ce4f_fk_pp_location_id FOREIGN KEY (location_id) REFERENCES public.pp_location(id) DEFERRABLE INITIALLY DEFERRED;


--
-- Name: pp_component_amount pp_component_amount_warehouse_id_73061964_fk_pp_warehouse_id; Type: FK CONSTRAINT; Schema: public; Owner: mes
--

ALTER TABLE ONLY public.pp_component_amount
    ADD CONSTRAINT pp_component_amount_warehouse_id_73061964_fk_pp_warehouse_id FOREIGN KEY (warehouse_id) REFERENCES public.pp_warehouse(id) DEFERRABLE INITIALLY DEFERRED;


--
-- Name: pp_component pp_component_facility_id_7de90813_fk_org_company_id; Type: FK CONSTRAINT; Schema: public; Owner: mes
--

ALTER TABLE ONLY public.pp_component
    ADD CONSTRAINT pp_component_facility_id_7de90813_fk_org_company_id FOREIGN KEY (facility_id) REFERENCES public.org_company(id) DEFERRABLE INITIALLY DEFERRED;


--
-- Name: pp_component_inout_list pp_component_inout_l_component_id_3a1a071b_fk_pp_compon; Type: FK CONSTRAINT; Schema: public; Owner: mes
--

ALTER TABLE ONLY public.pp_component_inout_list
    ADD CONSTRAINT pp_component_inout_l_component_id_3a1a071b_fk_pp_compon FOREIGN KEY (component_id) REFERENCES public.pp_component(id) DEFERRABLE INITIALLY DEFERRED;


--
-- Name: pp_component_inout_list pp_component_inout_l_warehouse_id_5dd982d5_fk_pp_wareho; Type: FK CONSTRAINT; Schema: public; Owner: mes
--

ALTER TABLE ONLY public.pp_component_inout_list
    ADD CONSTRAINT pp_component_inout_l_warehouse_id_5dd982d5_fk_pp_wareho FOREIGN KEY (warehouse_id) REFERENCES public.pp_warehouse(id) DEFERRABLE INITIALLY DEFERRED;


--
-- Name: pp_component_inout_list pp_component_inout_list_inout_type_id_2517909d_fk_sys_enum_id; Type: FK CONSTRAINT; Schema: public; Owner: mes
--

ALTER TABLE ONLY public.pp_component_inout_list
    ADD CONSTRAINT pp_component_inout_list_inout_type_id_2517909d_fk_sys_enum_id FOREIGN KEY (inout_type_id) REFERENCES public.sys_enum(id) DEFERRABLE INITIALLY DEFERRED;


--
-- Name: pp_component_inout_list pp_component_inout_list_location_id_dce8afb7_fk_pp_location_id; Type: FK CONSTRAINT; Schema: public; Owner: mes
--

ALTER TABLE ONLY public.pp_component_inout_list
    ADD CONSTRAINT pp_component_inout_list_location_id_dce8afb7_fk_pp_location_id FOREIGN KEY (location_id) REFERENCES public.pp_location(id) DEFERRABLE INITIALLY DEFERRED;


--
-- Name: pp_location pp_location_warehouse_id_6d933e86_fk_pp_warehouse_id; Type: FK CONSTRAINT; Schema: public; Owner: mes
--

ALTER TABLE ONLY public.pp_location
    ADD CONSTRAINT pp_location_warehouse_id_6d933e86_fk_pp_warehouse_id FOREIGN KEY (warehouse_id) REFERENCES public.pp_warehouse(id) DEFERRABLE INITIALLY DEFERRED;


--
-- Name: pp_machine_code pp_machine_code_facility_id_a943b7e1_fk_org_company_id; Type: FK CONSTRAINT; Schema: public; Owner: mes
--

ALTER TABLE ONLY public.pp_machine_code
    ADD CONSTRAINT pp_machine_code_facility_id_a943b7e1_fk_org_company_id FOREIGN KEY (facility_id) REFERENCES public.org_company(id) DEFERRABLE INITIALLY DEFERRED;


--
-- Name: pp_machine_code_lines pp_machine_code_line_machinecode_id_6e887419_fk_pp_machin; Type: FK CONSTRAINT; Schema: public; Owner: mes
--

ALTER TABLE ONLY public.pp_machine_code_lines
    ADD CONSTRAINT pp_machine_code_line_machinecode_id_6e887419_fk_pp_machin FOREIGN KEY (machinecode_id) REFERENCES public.pp_machine_code(id) DEFERRABLE INITIALLY DEFERRED;


--
-- Name: pp_machine_code_lines pp_machine_code_line_productline_id_8327d2a0_fk_pp_produc; Type: FK CONSTRAINT; Schema: public; Owner: mes
--

ALTER TABLE ONLY public.pp_machine_code_lines
    ADD CONSTRAINT pp_machine_code_line_productline_id_8327d2a0_fk_pp_produc FOREIGN KEY (productline_id) REFERENCES public.pp_product_line(id) DEFERRABLE INITIALLY DEFERRED;


--
-- Name: pp_machine_code pp_machine_code_pro_quality_id_a5e4706e_fk_sys_enum_id; Type: FK CONSTRAINT; Schema: public; Owner: mes
--

ALTER TABLE ONLY public.pp_machine_code
    ADD CONSTRAINT pp_machine_code_pro_quality_id_a5e4706e_fk_sys_enum_id FOREIGN KEY (pro_quality_id) REFERENCES public.sys_enum(id) DEFERRABLE INITIALLY DEFERRED;


--
-- Name: pp_model_code pp_model_code_cup_id_31f301d9_fk_sys_enum_id; Type: FK CONSTRAINT; Schema: public; Owner: mes
--

ALTER TABLE ONLY public.pp_model_code
    ADD CONSTRAINT pp_model_code_cup_id_31f301d9_fk_sys_enum_id FOREIGN KEY (cup_id) REFERENCES public.sys_enum(id) DEFERRABLE INITIALLY DEFERRED;


--
-- Name: pp_model_code pp_model_code_facility_id_edf33a55_fk_org_company_id; Type: FK CONSTRAINT; Schema: public; Owner: mes
--

ALTER TABLE ONLY public.pp_model_code
    ADD CONSTRAINT pp_model_code_facility_id_edf33a55_fk_org_company_id FOREIGN KEY (facility_id) REFERENCES public.org_company(id) DEFERRABLE INITIALLY DEFERRED;


--
-- Name: pp_model_code pp_model_code_machine_code_id_e76d5709_fk_pp_machine_code_id; Type: FK CONSTRAINT; Schema: public; Owner: mes
--

ALTER TABLE ONLY public.pp_model_code
    ADD CONSTRAINT pp_model_code_machine_code_id_e76d5709_fk_pp_machine_code_id FOREIGN KEY (machine_code_id) REFERENCES public.pp_machine_code(id) DEFERRABLE INITIALLY DEFERRED;


--
-- Name: pp_model_code pp_model_code_machine_type_id_66d8fa24_fk_sys_enum_id; Type: FK CONSTRAINT; Schema: public; Owner: mes
--

ALTER TABLE ONLY public.pp_model_code
    ADD CONSTRAINT pp_model_code_machine_type_id_66d8fa24_fk_sys_enum_id FOREIGN KEY (machine_type_id) REFERENCES public.sys_enum(id) DEFERRABLE INITIALLY DEFERRED;


--
-- Name: pp_model_code pp_model_code_sale_type_id_b49ecea4_fk_sys_enum_id; Type: FK CONSTRAINT; Schema: public; Owner: mes
--

ALTER TABLE ONLY public.pp_model_code
    ADD CONSTRAINT pp_model_code_sale_type_id_b49ecea4_fk_sys_enum_id FOREIGN KEY (sale_type_id) REFERENCES public.sys_enum(id) DEFERRABLE INITIALLY DEFERRED;


--
-- Name: pp_option_basic pp_option_basic_facility_id_520084ce_fk_org_company_id; Type: FK CONSTRAINT; Schema: public; Owner: mes
--

ALTER TABLE ONLY public.pp_option_basic
    ADD CONSTRAINT pp_option_basic_facility_id_520084ce_fk_org_company_id FOREIGN KEY (facility_id) REFERENCES public.org_company(id) DEFERRABLE INITIALLY DEFERRED;


--
-- Name: pp_option_code pp_option_code_facility_id_41aed450_fk_org_company_id; Type: FK CONSTRAINT; Schema: public; Owner: mes
--

ALTER TABLE ONLY public.pp_option_code
    ADD CONSTRAINT pp_option_code_facility_id_41aed450_fk_org_company_id FOREIGN KEY (facility_id) REFERENCES public.org_company(id) DEFERRABLE INITIALLY DEFERRED;


--
-- Name: pp_option_code_model_styles pp_option_code_model_modelcode_id_7ccba958_fk_pp_model_; Type: FK CONSTRAINT; Schema: public; Owner: mes
--

ALTER TABLE ONLY public.pp_option_code_model_styles
    ADD CONSTRAINT pp_option_code_model_modelcode_id_7ccba958_fk_pp_model_ FOREIGN KEY (modelcode_id) REFERENCES public.pp_model_code(id) DEFERRABLE INITIALLY DEFERRED;


--
-- Name: pp_option_code_model_styles pp_option_code_model_optioncode_id_59d42c05_fk_pp_option; Type: FK CONSTRAINT; Schema: public; Owner: mes
--

ALTER TABLE ONLY public.pp_option_code_model_styles
    ADD CONSTRAINT pp_option_code_model_optioncode_id_59d42c05_fk_pp_option FOREIGN KEY (optioncode_id) REFERENCES public.pp_option_code(id) DEFERRABLE INITIALLY DEFERRED;


--
-- Name: pp_option_code pp_option_code_option_id_66faa812_fk_pp_option_basic_id; Type: FK CONSTRAINT; Schema: public; Owner: mes
--

ALTER TABLE ONLY public.pp_option_code
    ADD CONSTRAINT pp_option_code_option_id_66faa812_fk_pp_option_basic_id FOREIGN KEY (option_id) REFERENCES public.pp_option_basic(id) DEFERRABLE INITIALLY DEFERRED;


--
-- Name: pp_product_line pp_product_line_company_id_1188ce12_fk_org_company_id; Type: FK CONSTRAINT; Schema: public; Owner: mes
--

ALTER TABLE ONLY public.pp_product_line
    ADD CONSTRAINT pp_product_line_company_id_1188ce12_fk_org_company_id FOREIGN KEY (company_id) REFERENCES public.org_company(id) DEFERRABLE INITIALLY DEFERRED;


--
-- Name: pp_warehouse pp_warehouse_facility_id_624b2a6a_fk_org_company_id; Type: FK CONSTRAINT; Schema: public; Owner: mes
--

ALTER TABLE ONLY public.pp_warehouse
    ADD CONSTRAINT pp_warehouse_facility_id_624b2a6a_fk_org_company_id FOREIGN KEY (facility_id) REFERENCES public.org_company(id) DEFERRABLE INITIALLY DEFERRED;


--
-- Name: pp_work_center pp_work_center_category_id_6e695f5c_fk_sys_enum_id; Type: FK CONSTRAINT; Schema: public; Owner: mes
--

ALTER TABLE ONLY public.pp_work_center
    ADD CONSTRAINT pp_work_center_category_id_6e695f5c_fk_sys_enum_id FOREIGN KEY (category_id) REFERENCES public.sys_enum(id) DEFERRABLE INITIALLY DEFERRED;


--
-- Name: pp_work_center pp_work_center_end_wc_id_835bf1dd_fk_pp_work_center_id; Type: FK CONSTRAINT; Schema: public; Owner: mes
--

ALTER TABLE ONLY public.pp_work_center
    ADD CONSTRAINT pp_work_center_end_wc_id_835bf1dd_fk_pp_work_center_id FOREIGN KEY (end_wc_id) REFERENCES public.pp_work_center(id) DEFERRABLE INITIALLY DEFERRED;


--
-- Name: pp_work_center pp_work_center_facility_id_521a3077_fk_org_company_id; Type: FK CONSTRAINT; Schema: public; Owner: mes
--

ALTER TABLE ONLY public.pp_work_center
    ADD CONSTRAINT pp_work_center_facility_id_521a3077_fk_org_company_id FOREIGN KEY (facility_id) REFERENCES public.org_company(id) DEFERRABLE INITIALLY DEFERRED;


--
-- Name: pp_work_center pp_work_center_line_id_19d2a40d_fk_pp_product_line_id; Type: FK CONSTRAINT; Schema: public; Owner: mes
--

ALTER TABLE ONLY public.pp_work_center
    ADD CONSTRAINT pp_work_center_line_id_19d2a40d_fk_pp_product_line_id FOREIGN KEY (line_id) REFERENCES public.pp_product_line(id) DEFERRABLE INITIALLY DEFERRED;


--
-- Name: pp_work_center pp_work_center_start_wc_id_f4322cfa_fk_pp_work_center_id; Type: FK CONSTRAINT; Schema: public; Owner: mes
--

ALTER TABLE ONLY public.pp_work_center
    ADD CONSTRAINT pp_work_center_start_wc_id_f4322cfa_fk_pp_work_center_id FOREIGN KEY (start_wc_id) REFERENCES public.pp_work_center(id) DEFERRABLE INITIALLY DEFERRED;


--
-- Name: sys_enum sys_enum_sys_dict_id_e020f755_fk_sys_dict_id; Type: FK CONSTRAINT; Schema: public; Owner: mes
--

ALTER TABLE ONLY public.sys_enum
    ADD CONSTRAINT sys_enum_sys_dict_id_e020f755_fk_sys_dict_id FOREIGN KEY (sys_dict_id) REFERENCES public.sys_dict(id) DEFERRABLE INITIALLY DEFERRED;


--
-- Name: sys_log sys_log_user_id_4b944456_fk_auth_user_id; Type: FK CONSTRAINT; Schema: public; Owner: mes
--

ALTER TABLE ONLY public.sys_log
    ADD CONSTRAINT sys_log_user_id_4b944456_fk_auth_user_id FOREIGN KEY (user_id) REFERENCES public.auth_user(id) DEFERRABLE INITIALLY DEFERRED;


--
-- Name: sys_login sys_login_user_id_9bda9a31_fk_auth_user_id; Type: FK CONSTRAINT; Schema: public; Owner: mes
--

ALTER TABLE ONLY public.sys_login
    ADD CONSTRAINT sys_login_user_id_9bda9a31_fk_auth_user_id FOREIGN KEY (user_id) REFERENCES public.auth_user(id) DEFERRABLE INITIALLY DEFERRED;


--
-- Name: sys_rencent_used_menu sys_rencent_used_menu_menu_id_2ff871be_fk_sys_menu_id; Type: FK CONSTRAINT; Schema: public; Owner: mes
--

ALTER TABLE ONLY public.sys_rencent_used_menu
    ADD CONSTRAINT sys_rencent_used_menu_menu_id_2ff871be_fk_sys_menu_id FOREIGN KEY (menu_id) REFERENCES public.sys_menu(id) DEFERRABLE INITIALLY DEFERRED;


--
-- Name: sys_rencent_used_menu sys_rencent_used_menu_role_id_c17bd998_fk_sys_role_id; Type: FK CONSTRAINT; Schema: public; Owner: mes
--

ALTER TABLE ONLY public.sys_rencent_used_menu
    ADD CONSTRAINT sys_rencent_used_menu_role_id_c17bd998_fk_sys_role_id FOREIGN KEY (role_id) REFERENCES public.sys_role(id) DEFERRABLE INITIALLY DEFERRED;


--
-- Name: sys_rencent_used_menu sys_rencent_used_menu_user_id_6aebe0e7_fk_auth_user_id; Type: FK CONSTRAINT; Schema: public; Owner: mes
--

ALTER TABLE ONLY public.sys_rencent_used_menu
    ADD CONSTRAINT sys_rencent_used_menu_user_id_6aebe0e7_fk_auth_user_id FOREIGN KEY (user_id) REFERENCES public.auth_user(id) DEFERRABLE INITIALLY DEFERRED;


--
-- Name: sys_role sys_role_company_id_345873ed_fk_org_company_id; Type: FK CONSTRAINT; Schema: public; Owner: mes
--

ALTER TABLE ONLY public.sys_role
    ADD CONSTRAINT sys_role_company_id_345873ed_fk_org_company_id FOREIGN KEY (company_id) REFERENCES public.org_company(id) DEFERRABLE INITIALLY DEFERRED;


--
-- Name: sys_role_menus sys_role_menus_menu_id_0a624ef8_fk_sys_menu_id; Type: FK CONSTRAINT; Schema: public; Owner: mes
--

ALTER TABLE ONLY public.sys_role_menus
    ADD CONSTRAINT sys_role_menus_menu_id_0a624ef8_fk_sys_menu_id FOREIGN KEY (menu_id) REFERENCES public.sys_menu(id) DEFERRABLE INITIALLY DEFERRED;


--
-- Name: sys_role_menus sys_role_menus_role_id_96ca7da1_fk_sys_role_id; Type: FK CONSTRAINT; Schema: public; Owner: mes
--

ALTER TABLE ONLY public.sys_role_menus
    ADD CONSTRAINT sys_role_menus_role_id_96ca7da1_fk_sys_role_id FOREIGN KEY (role_id) REFERENCES public.sys_role(id) DEFERRABLE INITIALLY DEFERRED;


--
-- Name: sys_role_users sys_role_users_role_id_2c2ea2ed_fk_sys_role_id; Type: FK CONSTRAINT; Schema: public; Owner: mes
--

ALTER TABLE ONLY public.sys_role_users
    ADD CONSTRAINT sys_role_users_role_id_2c2ea2ed_fk_sys_role_id FOREIGN KEY (role_id) REFERENCES public.sys_role(id) DEFERRABLE INITIALLY DEFERRED;


--
-- Name: sys_role_users sys_role_users_user_id_ac74783a_fk_auth_user_id; Type: FK CONSTRAINT; Schema: public; Owner: mes
--

ALTER TABLE ONLY public.sys_role_users
    ADD CONSTRAINT sys_role_users_user_id_ac74783a_fk_auth_user_id FOREIGN KEY (user_id) REFERENCES public.auth_user(id) DEFERRABLE INITIALLY DEFERRED;


--
-- PostgreSQL database dump complete
--

